entry,problem,maxfes,note,feasible_runs_by_checkpoint,first_checkpoint_with_a_feasible_run_evals,feasible_runs_final,best_feasible_final,median_feasible_final,max_feasible_final,median_feasible_checkpoint1
COLSHADE,RC01,100000,,0 0 0 0 0 4 16 19 22 22,60000,22,189.484060,209.333525,285.453620,
COLSHADE,RC06,400000,,0 0 0 0 0 0 0 0 0 0,,0,,,,
COLSHADE,RC14,100000,,25 25 25 25 25 25 25 25 25 25,10000,25,58505.450000,58505.450000,58505.450000,70096.644000
EnMODE,RC01,100000,violation recorded over the constraints active so far: counts before the final checkpoint are upper bounds,0 0 0 0 0 0 0 25 25 25,80000,25,189.311630,189.311630,189.311630,
EnMODE,RC06,400000,violation recorded over the constraints active so far: counts before the final checkpoint are upper bounds,0 0 0 0 0 0 0 0 0 0,,0,,,,
EnMODE,RC14,100000,violation recorded over the constraints active so far: counts before the final checkpoint are upper bounds,25 8 25 25 25 25 25 25 25 25,10000,25,58505.450000,58505.450000,58505.450000,53179.746000
BPMAgES,RC01,100000,,25 25 25 25 25 25 25 25 25 25,10000,25,189.312390,189.434519,191.055865,199.393623
BPMAgES,RC06,400000,,2 7 16 17 17 17 18 19 19 19,40000,19,1.932165,2.250184,2.718867,2.186009
BPMAgES,RC14,100000,,25 25 25 25 25 25 25 25 25 25,10000,25,58505.449890,58505.449890,58505.460025,69825.693482
SASS,RC01,100000,,0 0 21 25 25 25 25 25 25 25,30000,25,189.311630,189.311630,189.311630,
SASS,RC06,400000,,25 25 25 25 25 25 25 25 25 25,40000,25,1.863867,1.863883,1.923858,1.942395
SASS,RC14,100000,,25 25 25 25 25 25 25 25 25 25,10000,25,58505.450000,58505.451000,58505.506000,76772.153000
sCMAgES,RC01,100000,,25 25 25 25 25 25 25 25 25 25,10000,25,189.311630,189.311630,189.311630,189.311630
sCMAgES,RC06,400000,,5 12 14 15 20 22 22 22 24 24,40000,24,1.863900,1.956010,2.174526,2.654021
sCMAgES,RC14,100000,,25 25 25 25 25 25 25 25 25 25,10000,25,53651.118000,54995.150000,63890.546000,66735.146000
EnMODE (ranking workbook),RC01,100000,final values only,,,0,,,,
