block,dim,max_fes,mean_delta,ci_lo,ci_hi,p,favours_method,wins,losses,p_holm,opponent,family
"D=30, 300,000 FEs",30,300000,-0.6178148148148147,-0.7731481481481484,-0.43811018518518524,3.0749168019612695e-05,True,26.0,2.0,6.149833603922539e-05,,
"D=50, 500,000 FEs",50,500000,-0.6207407407407408,-0.7921481481481479,-0.41502777777777866,9.477706787308419e-05,True,27.0,3.0,9.477706787308419e-05,,
"D=30, 300,000 FEs",30,300000,0.4500370370370371,0.21596111111111113,0.6686324074074073,,,,,0.04283084685880336,jSO,competition
"D=30, 300,000 FEs",30,300000,0.518037037037037,0.34759166666666663,0.6790759259259258,,,,,0.04283084685880336,LSHADE,competition
"D=30, 300,000 FEs",30,300000,0.06374074074074075,-0.10363055555555556,0.22955740740740727,,,,,0.5500973172303967,SHADE,competition
"D=30, 300,000 FEs",30,300000,-0.48740740740740734,-0.7002962962962962,-0.2579203703703708,,,,,0.026180356956654993,DE,competition
"D=30, 300,000 FEs",30,300000,-0.4662222222222222,-0.751561111111111,-0.1465888888888892,,,,,0.015472525499246437,HHO,competition
"D=30, 300,000 FEs",30,300000,-0.6178148148148147,-0.7738148148148148,-0.44299907407407413,,,,,0.005464080440599765,SEHHO-COBL,competition
"D=50, 500,000 FEs",50,500000,0.42496296296296293,0.20636296296296305,0.6301499999999999,,,,,0.05473966305302544,jSO,competition
"D=50, 500,000 FEs",50,500000,0.41866666666666663,0.23118333333333332,0.5976296296296296,,,,,0.09056775932706168,LSHADE,competition
"D=50, 500,000 FEs",50,500000,-0.039962962962962964,-0.2528888888888889,0.17497129629629557,,,,,0.9285715917804443,SHADE,competition
"D=50, 500,000 FEs",50,500000,-0.4482222222222222,-0.7351851851851853,-0.11777777777777777,,,,,0.01500147041022869,HHO,competition
"D=50, 500,000 FEs",50,500000,-0.6207407407407408,-0.7951870370370369,-0.4197740740740743,,,,,0.00852048740537308,SEHHO-COBL,competition
"D=50, 500,000 FEs",50,500000,-0.5734444444444444,-0.7828907407407408,-0.34177592592592604,,,,,0.0075026526804628305,DE,competition
"D=30, 15,000 FEs",30,15000,0.13822222222222225,-0.08044629629629627,0.351111111111111,,,,,0.2561796261420457,SEHHO-COBL,tight
"D=30, 15,000 FEs",30,15000,-0.5398518518518519,-0.7314074074074075,-0.3261481481481481,,,,,0.005614876924004044,jSO,tight
"D=30, 15,000 FEs",30,15000,-0.8434074074074076,-0.9246685185185186,-0.7323666666666669,,,,,0.00030763096586983673,LSHADE,tight
"D=30, 15,000 FEs",30,15000,-0.8865925925925926,-0.9563722222222223,-0.8004444444444444,,,,,6.979985003495234e-06,SHADE,tight
"D=30, 15,000 FEs",30,15000,-0.5171851851851852,-0.7809666666666666,-0.21666666666666667,,,,,7.903737307530459e-09,HHO,tight
"D=30, 15,000 FEs",30,15000,-0.996,-0.9999259259259259,-0.9897777777777778,,,,,1.1348022156139942e-14,DE,tight
"D=50, 15,000 FEs",50,15000,0.37259259259259264,0.1499240740740741,0.5824444444444444,,,,,0.5500973172303972,SEHHO-COBL,tight
"D=50, 15,000 FEs",50,15000,-0.48496296296296293,-0.7090407407407406,-0.24155185185185218,,,,,0.05404772874182115,jSO,tight
"D=50, 15,000 FEs",50,15000,-0.6324444444444445,-0.7937796296296298,-0.4592574074074076,,,,,0.006914940593730299,SHADE,tight
"D=50, 15,000 FEs",50,15000,-0.8457037037037037,-0.926075925925926,-0.7469611111111113,,,,,0.0010677086276241004,LSHADE,tight
"D=50, 15,000 FEs",50,15000,-0.47977777777777775,-0.7562259259259257,-0.17362407407407457,,,,,6.426748008305511e-05,HHO,tight
"D=50, 15,000 FEs",50,15000,-0.9759999999999999,-0.9974814814814814,-0.9382944444444448,,,,,1.6249568102661982e-11,DE,tight
