dim,block,max_fes,change,mean_delta,ci_lo,ci_hi,p,negligible,p_holm
10,matched,15000,+Gate,-0.03416666666666666,-0.17537268518518517,0.07796296296296297,0.833984375,False,1.0
10,matched,15000,-COBL,-0.06564814814814815,-0.12157407407407407,-0.011851851851851851,0.083984375,True,0.587890625
10,matched,15000,-Levy,-0.13925925925925928,-0.3221388888888887,0.00574074074074074,0.130859375,False,0.654296875
10,matched,15000,-Archive,0.06666666666666667,-0.03259259259259258,0.16166898148148126,0.2060546875,False,0.82421875
10,matched,15000,-SHADE,0.21805555555555556,0.03601157407407419,0.4304629629629629,0.1015625,False,0.609375
10,matched,15000,-pAnneal,-0.02675925925925926,-0.10175925925925923,0.05175925925925926,0.57421875,True,1.0
10,matched,15000,Stripped,-0.12101851851851853,-0.2891689814814814,0.005740740740740736,0.2490234375,False,0.82421875
10,competition,200000,+Gate,0.10796296296296297,0.01074074074074074,0.20852314814814776,0.078125,False,0.546875
10,competition,200000,-COBL,-0.016481481481481482,-0.08055555555555556,0.045370370370370366,0.578125,True,1.0
10,competition,200000,-Levy,0.037592592592592594,-0.05462962962962962,0.13148148148148148,0.3125,True,1.0
10,competition,200000,-Archive,0.09148148148148148,0.0024074074074074054,0.1922222222222222,0.109375,False,0.65625
10,competition,200000,-SHADE,0.1273148148148148,-0.15166666666666664,0.4114814814814814,0.42578125,False,1.0
10,competition,200000,-pAnneal,0.027129629629629632,-0.017314814814814814,0.0838888888888889,0.5625,True,1.0
10,competition,200000,Stripped,0.08296296296296296,-0.007962962962962963,0.17574074074074073,0.109375,False,0.65625
20,matched,15000,+Gate,-0.08703703703703704,-0.3748148148148149,0.1996342592592589,0.5185546875,False,1.0
20,matched,15000,-COBL,-0.04888888888888889,-0.12463425925925921,0.02925925925925926,0.26611328125,True,1.0
20,matched,15000,-Levy,-0.2746296296296296,-0.48037037037037034,-0.09629629629629631,0.00927734375,False,0.06494140625
20,matched,15000,-Archive,0.27648148148148144,0.07777777777777778,0.4929675925925922,0.06396484375,False,0.31982421875
20,matched,15000,-SHADE,0.0924074074074074,-0.21018518518518517,0.41204166666666625,0.67724609375,False,1.0
20,matched,15000,-pAnneal,0.010185185185185188,-0.08667129629629623,0.10685185185185185,0.9267578125,True,1.0
20,matched,15000,Stripped,-0.2433333333333333,-0.444449074074074,-0.0666666666666667,0.0341796875,False,0.205078125
20,competition,1000000,+Gate,0.17138888888888892,0.046108796296296335,0.3142592592592593,0.05859375,False,0.41015625
20,competition,1000000,-COBL,-0.07388888888888889,-0.16259722222222214,0.006851851851851855,0.21875,False,1.0
20,competition,1000000,-Levy,-0.019166666666666665,-0.10185185185185185,0.07880092592592552,0.578125,True,1.0
20,competition,1000000,-Archive,0.04296296296296296,-0.06880324074074062,0.1688888888888889,0.578125,False,1.0
20,competition,1000000,-SHADE,0.06999999999999999,-0.1412129629629628,0.2862060185185183,0.5703125,False,1.0
20,competition,1000000,-pAnneal,-0.01212962962962963,-0.08305555555555556,0.04898148148148149,0.8125,True,1.0
20,competition,1000000,Stripped,0.005370370370370372,-0.06601851851851852,0.10722453703703681,0.3828125,True,1.0
