dim,max_fes,budget,a,b,family,mean_delta,ci_lo,ci_hi,p,a_lower_mean,p_holm,class_vs_rshade
30,300000,competition,GF:OriginalRule,SEHHO-COBL,sensitivity_primary,-0.6204444444444444,-0.7807425925925925,-0.4334796296296299,3.746801128617e-05,26,7.493602257234e-05,
30,300000,competition,GF-Method,SEHHO-COBL,reference_E13,-0.6178148148148147,-0.7708518518518519,-0.44207314814814813,3.0749168019612695e-05,26,,
30,300000,competition,GF:OriginalRule,GF-Method,secondary,0.027629629629629636,-0.03325925925925925,0.08600185185185169,0.2839276309671702,11,0.6726709228489258,negligible
30,15000,tight,GF:OriginalRule,SEHHO-COBL,descriptive,0.1571111111111111,-0.05377777777777778,0.363261111111111,0.17786150366294973,13,,
30,15000,tight,GF-Method,SEHHO-COBL,reference_E13,0.13822222222222225,-0.07896296296296293,0.3517777777777777,0.21329754851978222,16,,
30,15000,tight,GF:OriginalRule,GF-Method,secondary,0.08125925925925927,-0.014148148148148132,0.18074074074074076,0.16816773071223146,11,0.6726709228489258,inconclusive
50,500000,competition,GF:OriginalRule,SEHHO-COBL,sensitivity_primary,-0.6355185185185185,-0.8097787037037038,-0.42899907407407417,0.0001221911499567551,26,0.0001221911499567551,
50,500000,competition,GF-Method,SEHHO-COBL,reference_E13,-0.6207407407407408,-0.7947407407407407,-0.42014629629629646,9.477706787308419e-05,27,,
50,500000,competition,GF:OriginalRule,GF-Method,secondary,0.04629629629629629,-0.045408333333333335,0.13166759259259253,0.17903514948691213,13,0.6726709228489258,negligible
50,15000,tight,GF:OriginalRule,SEHHO-COBL,descriptive,0.37585185185185194,0.14725555555555564,0.5915574074074071,0.004378196116626335,9,,
50,15000,tight,GF-Method,SEHHO-COBL,reference_E13,0.37259259259259264,0.15281296296296298,0.5787444444444441,0.0039716411812235185,9,,
50,15000,tight,GF:OriginalRule,GF-Method,secondary,0.00525925925925926,-0.07170370370370369,0.0817777777777778,0.9053189401360019,15,0.9053189401360019,negligible
