func,SEHHO-COBL_mean,SEHHO-COBL_std,DE_mean,DE_std,HHO_mean,HHO_std,LSHADE_mean,LSHADE_std,SHADE_mean,SHADE_std,jSO_mean,jSO_std,best
1,0.0,0.0,47.98593425201681,17.676662510361208,3358.059882453941,1227.3554997532583,3.228268155908154e-07,7.725175178899314e-07,413.9745644962177,245.2679059121822,2.2497696742599758e-09,6.6788362924163905e-09,SEHHO-COBL
2,6.444180376730929,3.523192392604222,7.063688827709678,1.7167065779350965,51.36458893502301,67.01469266795046,5.138516727471271,2.119639999517231,4.6771592307459535,3.5987472173370234,6.837986927769189,2.691083161378847,SHADE
3,1.0933113420226875e-05,2.7660887982766808e-05,0.632256344773388,0.1396577092568331,42.0164116500274,11.799661072020431,0.0026006639235257433,0.0030055513032774027,0.07893812296598522,0.022350473100285602,0.0005892751327109575,0.00046892301820749443,SEHHO-COBL
4,7.388283958354213,2.6718872328980203,37.28570224544884,5.944855723581017,24.44613662646646,8.264850726936226,7.0611892558666565,2.8865596571230463,26.89580989406031,3.920101098161295,9.180497745633936,3.947866133682425,LSHADE
5,0.033272542919939946,0.11561292016882711,0.411446320800773,0.17413089554216557,491.534567562792,148.5703958489761,4.973060185875511e-09,1.3561490848980142e-08,0.041132431656952385,0.03285312217770718,0.0,0.0,jSO
6,8.614975958532614,9.222373181256359,10.24904776084714,2.8715799098961043,2388.395201429004,4225.456502414406,2.031247458480766,4.022066705120273,688.6090923816258,403.3230313174291,0.514418932530801,0.4172806824225769,jSO
7,8.09233839423057,6.23364665620203,29.199584179752023,2.584729681273772,96.98117381693947,33.28040643046919,7.688442605296344,3.572391329801524,23.95862151279864,2.780761434664582,18.47505050153311,9.410374405007339,LSHADE
8,16.29007911382267,5.849247452873856,22.685317325176236,3.101891097309699,35.42213106757358,12.123813118478418,16.782129084227684,5.810577844092059,23.04962650875306,3.7103088946151415,17.873789060412566,6.779978730893774,SEHHO-COBL
9,229.2843827084871,0.0,229.28492299172206,0.00042180995645523157,297.5329309181725,40.544234547801636,229.28438270851115,4.314059059459665e-11,229.28445482013007,6.49580849129356e-05,229.28438270849296,7.159903854137826e-12,SEHHO-COBL
10,118.23662550650633,40.52556551911654,100.53760319633214,0.07931770499709229,205.13114027525808,173.61469847851453,103.8759826268575,19.48863879251962,117.3912785991667,43.94894476047015,100.32235949520447,0.05479220904410727,jSO
11,41.71206386046206,107.59315225434226,2.915690030543389,1.1568004939487486,173.94009593312816,149.3091754936793,3.542124384996896e-05,4.836389252141047e-05,0.11904560496755036,0.10340101297786707,3.3502925816719652e-06,2.47452157422429e-06,jSO
12,162.1286045299383,1.846114937872634,162.0034617750871,1.302917636475053,243.24394177578978,65.7061505027268,161.39061391619893,0.9623656531655619,163.94966723473598,1.1276948477977022,163.82650740349328,1.1265885085204193,LSHADE
