block,variant,avg_rank,full_rank,wins,losses,ties,p,cliffs_delta,magnitude,a12,p_holm,significant_holm
D=10,SEHHO:AlwaysPbest+NoLevy,4.75,6.25,4,6,2,0.130859375,0.10175925925925926,negligible,0.4491203703703704,1.0,False
D=10,SEHHO:NoLevy,4.833333333333333,6.25,3,7,2,0.556640625,0.0811111111111111,negligible,0.4594444444444445,1.0,False
D=10,SEHHO:AlwaysPbest+FixedP,5.25,6.25,4,6,2,0.16015625,-0.035185185185185174,negligible,0.5175925925925926,1.0,False
D=10,SEHHO:AlwaysPbest,5.666666666666667,6.25,3,7,2,0.193359375,-0.018518518518518517,negligible,0.5092592592592594,1.0,False
D=10,SEHHO:DeterministicPhase,6.0,6.25,5,6,1,0.365234375,0.011481481481481483,negligible,0.49425925925925934,1.0,False
D=10,SEHHO:FixedP,6.458333333333333,6.25,6,4,2,0.4921875,0.05787037037037037,negligible,0.4710648148148148,1.0,False
D=10,SEHHO:NoEscapeEnergy,6.75,6.25,7,3,2,0.375,0.010925925925925922,negligible,0.49453703703703705,1.0,False
D=10,SEHHO:NoArchive,6.916666666666667,6.25,6,4,2,0.6953125,-0.0049074074074074115,negligible,0.5024537037037037,1.0,False
D=10,SEHHO:NoCOBL,7.208333333333333,6.25,6,4,2,0.556640625,0.016296296296296295,negligible,0.49185185185185193,1.0,False
D=10,SEHHO:AlwaysBest,8.083333333333334,6.25,6,4,2,0.193359375,-0.005740740740740742,negligible,0.5028703703703704,1.0,False
D=10,SEHHO:NoSHADE,9.833333333333334,6.25,9,2,1,0.0322265625,-0.3738888888888889,medium,0.6869444444444444,0.3544921875,False
D=20,SEHHO:AlwaysPbest+NoLevy,4.25,6.25,4,8,0,0.791015625,-0.07212962962962961,negligible,0.5360648148148148,1.0,False
D=20,SEHHO:AlwaysPbest+FixedP,5.0,6.25,6,6,0,0.67724609375,-0.18555555555555558,small,0.5927777777777778,1.0,False
D=20,SEHHO:FixedP,5.75,6.25,7,5,0,0.423828125,-0.07305555555555555,negligible,0.5365277777777778,1.0,False
D=20,SEHHO:DeterministicPhase,5.833333333333333,6.25,4,8,0,0.5693359375,-0.15787037037037036,small,0.5789351851851853,1.0,False
D=20,SEHHO:NoCOBL,6.333333333333333,6.25,6,6,0,0.85009765625,-0.039722222222222214,negligible,0.5198611111111112,1.0,False
D=20,SEHHO:NoLevy,6.333333333333333,6.25,5,7,0,1.0,-0.005925925925925922,negligible,0.502962962962963,1.0,False
D=20,SEHHO:AlwaysPbest,6.5,6.25,6,6,0,0.4697265625,-0.21425925925925923,small,0.6071296296296297,1.0,False
D=20,SEHHO:NoArchive,7.333333333333333,6.25,6,6,0,0.6220703125,-0.2526851851851852,small,0.6263425925925926,1.0,False
D=20,SEHHO:AlwaysBest,7.416666666666667,6.25,7,5,0,0.6220703125,-0.043240740740740746,negligible,0.5216203703703705,1.0,False
D=20,SEHHO:NoEscapeEnergy,7.5,6.25,8,4,0,0.0771484375,-0.05157407407407408,negligible,0.525787037037037,0.771484375,False
D=20,SEHHO:NoSHADE,9.5,6.25,10,2,0,0.06396484375,-0.654074074074074,large,0.8270370370370371,0.70361328125,False
