problem,algorithm,runs,feasible_runs,feasibility_rate,best_feasible,mean_feasible,std_feasible,mean_total_violation,max_total_violation,mean_max_violation
P1_pressure_vessel,DE,30,30,100.0,6059.714427860498,6059.716048052917,0.0017684127914543147,6.882707737076998e-10,9.133821587958836e-09,6.882707737076998e-10
P1_pressure_vessel,HHO,30,30,100.0,6107.065894460556,6914.023992026781,481.0484073957232,2.3981556296348573e-09,9.778887033462524e-09,2.3981556296348573e-09
P1_pressure_vessel,LSHADE,30,30,100.0,6059.714271946906,6087.641401106702,78.07406238965847,9.99999993922529e-09,9.99999993922529e-09,9.99999993922529e-09
P1_pressure_vessel,SEHHO-COBL,30,30,100.0,6059.714271946906,6260.698810011019,252.07025341249903,9.99999993922529e-09,9.99999993922529e-09,9.99999993922529e-09
P1_pressure_vessel,SHADE,30,30,100.0,6060.675704725514,6096.774697746974,76.31718475038447,0.0,0.0,0.0
P1_pressure_vessel,jSO,30,30,100.0,6059.714271946906,6059.714271946904,1.8500854920261474e-12,9.99999993922529e-09,9.99999993922529e-09,9.99999993922529e-09
P2_gear_train,DE,30,30,100.0,2.7008571488865134e-12,5.83123863491716e-11,1.6219688223475462e-10,0.0,0.0,0.0
P2_gear_train,HHO,30,30,100.0,2.7008571488865134e-12,4.173942574671347e-09,6.182182166504188e-09,0.0,0.0,0.0
P2_gear_train,LSHADE,30,30,100.0,2.7008571488865134e-12,1.221026390153233e-11,1.0339773517768072e-11,0.0,0.0,0.0
P2_gear_train,SEHHO-COBL,30,30,100.0,2.7008571488865134e-12,6.24404350410401e-11,1.8179753762531522e-10,0.0,0.0,0.0
P2_gear_train,SHADE,30,30,100.0,2.7008571488865134e-12,1.8670768755499764e-11,5.843342526599273e-11,0.0,0.0,0.0
P2_gear_train,jSO,30,30,100.0,2.7008571488865134e-12,6.097073846260019e-12,7.723995701546579e-12,0.0,0.0,0.0
P3_heat_exchanger_RC01,DE,30,0,0.0,,,,209.41953303522956,1173.271624146751,95.99886478061131
P3_heat_exchanger_RC01,HHO,30,0,0.0,,,,988537.4892482345,2000028.0497060728,775074.5762206862
P3_heat_exchanger_RC01,LSHADE,30,0,0.0,,,,84.69815393177166,996.6297658207262,53.24009443266755
P3_heat_exchanger_RC01,SEHHO-COBL,30,12,40.0,211.12433851724032,539.5303246478189,162.38070425555725,6.367105083592122,131.8323334971008,5.5306642944002204
P3_heat_exchanger_RC01,SHADE,30,0,0.0,,,,3346.4806013300545,7143.70013852194,1379.4749750899766
P3_heat_exchanger_RC01,jSO,30,0,0.0,,,,1.9616203900999674,28.6803028747954,1.5918045823177838
P4_blending_pooling_RC06,DE,30,0,0.0,,,,51.523479141803506,80.3537318587803,10.57795436010366
P4_blending_pooling_RC06,HHO,30,0,0.0,,,,110.10466388740059,234.5337139255051,67.43815465555616
P4_blending_pooling_RC06,LSHADE,30,0,0.0,,,,27.4767085498165,40.44656826283309,9.306748749107511
P4_blending_pooling_RC06,SEHHO-COBL,30,0,0.0,,,,13.761347663226388,27.59297605079556,7.776550967983515
P4_blending_pooling_RC06,SHADE,30,0,0.0,,,,33.81605542136929,40.17451443556732,10.737055986894585
P4_blending_pooling_RC06,jSO,30,0,0.0,,,,16.98475051597295,24.948741248520214,7.52917479903498
P5_batch_plant_RC14,DE,30,30,100.0,53728.39194625675,54465.27425016268,1886.1848920922632,0.0,0.0,0.0
P5_batch_plant_RC14,HHO,30,30,100.0,66184.42230815245,78404.99597725699,9987.651165431314,6.660224342406688e-09,9.99999905104687e-09,6.660224342406688e-09
P5_batch_plant_RC14,LSHADE,30,30,100.0,58505.658527448686,58510.7829541847,5.0906237715131555,0.0,0.0,0.0
P5_batch_plant_RC14,SEHHO-COBL,30,30,100.0,53638.94273207689,58062.650147888526,1505.8451490229936,2.5493909205920318e-09,9.971403258646204e-09,2.455574410475947e-09
P5_batch_plant_RC14,SHADE,30,30,100.0,58742.5873961506,58927.52741495459,100.73762442153053,0.0,0.0,0.0
P5_batch_plant_RC14,jSO,30,30,100.0,58505.51908601302,58506.822157170485,1.1385258650272387,1.0729745980597727e-10,3.218923794179318e-09,1.0729745980597727e-10
