item,quantity,block,dim,max_fes,estimate,ci_lo,ci_hi,p,negligible,n,seed,ci_lo_min,ci_lo_max,ci_hi_min,ci_hi_max,mc_stable,detail
a,suite_gap_cec2017_minus_cec2014,"D=30, 300,000 FEs",30,300000,-0.1462081736909322,-0.3568133461047254,0.054974201787994566,,,29+30,20260915,-0.36410689655172396,-0.35524750957854406,0.054974201787994566,0.06232030651340986,True,"R-SHADE vs SEHHO-COBL, mean per-function Cliff's delta: CEC2017 -0.7640 (29 functions, E3+E9), CEC2014 -0.6178 (30 functions, E13); difference CEC2017 minus CEC2014, negative = the CEC2017 estimate is the more favourable to R-SHADE; the two suites resampled independently"
a,suite_gap_cec2017_minus_cec2014,"D=50, 500,000 FEs",50,500000,-0.0968071519795658,-0.35363908045976994,0.15749795657726628,,,29+30,20260915,-0.3540714559386973,-0.3463526181353767,0.1511324393358873,0.15903518518518467,True,"R-SHADE vs SEHHO-COBL, mean per-function Cliff's delta: CEC2017 -0.7175 (29 functions, E3+E9), CEC2014 -0.6207 (30 functions, E13); difference CEC2017 minus CEC2014, negative = the CEC2017 estimate is the more favourable to R-SHADE; the two suites resampled independently"
b,rc01_feasibility_fisher,"RC01, 15,000 FEs",,15000,-0.16666666666666669,,,0.2668356607208132,,30+30,,,,,,,"feasible runs: R-SHADE 7/30 (E10), SEHHO-COBL 12/30 (E5); estimate = difference in feasibility rate, R-SHADE minus SEHHO-COBL; odds ratio 0.457; Fisher's exact test, two-sided"
c,n120b_vs_n120,"D=10, 15,000 FEs",10,15000,-0.09166666666666666,-0.2007453703703703,0.00648148148148148,,False,12,20260914,-0.20296296296296293,-0.19888888888888887,0.005000000000000002,0.007962962962962965,True,"Cliff's delta of fixed N=120 with the budget-based schedule (N120b) against fixed N=120 (N120), 12 CEC2022 functions; negative favours N120b; negligible = the whole interval lies inside |delta|<0.147"
c,n120b_vs_n120,"D=10, 200,000 FEs",10,200000,0.0449074074074074,-0.024814814814814814,0.11861342592592573,,True,12,20260914,-0.025185185185185185,-0.02314814814814815,0.1177777777777778,0.12,True,"Cliff's delta of fixed N=120 with the budget-based schedule (N120b) against fixed N=120 (N120), 12 CEC2022 functions; negative favours N120b; negligible = the whole interval lies inside |delta|<0.147"
c,n120b_vs_n120,"D=20, 15,000 FEs",20,15000,0.0014814814814814784,-0.07166666666666667,0.06981481481481482,,True,12,20260914,-0.07333333333333333,-0.07074074074074073,0.06833333333333333,0.07074074074074074,True,"Cliff's delta of fixed N=120 with the budget-based schedule (N120b) against fixed N=120 (N120), 12 CEC2022 functions; negative favours N120b; negligible = the whole interval lies inside |delta|<0.147"
c,n120b_vs_n120,"D=20, 1,000,000 FEs",20,1000000,-0.009814814814814818,-0.06444444444444444,0.04296296296296296,,True,12,20260914,-0.06537037037037037,-0.06333333333333334,0.042222222222222223,0.044078703703703294,True,"Cliff's delta of fixed N=120 with the budget-based schedule (N120b) against fixed N=120 (N120), 12 CEC2022 functions; negative favours N120b; negligible = the whole interval lies inside |delta|<0.147"
d,e6_n30_vs_n120,"CEC2017, D=30, 300,000 FEs",30,300000,0.5953256704980843,0.45045977011494265,0.7239090038314173,,,29,20260915,0.44881034482758625,0.4539837164750958,0.7222241379310345,0.7267442528735631,True,"Cliff's delta of the published N=30 against N=120 (SEHHO-COBL, E6), 29 functions; positive favours N=120"
d,gate_effect_reference,"CEC2017, D=30, 300,000 FEs",30,300000,0.1660919540229885,0.0920680076628353,0.2381609195402298,0.000244140625,,29,,,,,,,"gate effect with the Levy perturbation gated, copied from results/analysis/gate_inference.csv (analyze_gate_inference.py) with its sign reversed: positive favours deleting the gate"
d,population_over_gate_ratio,"CEC2017, D=30, 300,000 FEs",30,300000,3.584313725490196,,,,,,,,,,,,e6_n30_vs_n120 divided by gate_effect_reference
e,original_rule_config_vs_rshade,"CEC2022, D=10, 15,000 FEs",10,15000,0.10935185185185188,0.0011087962962963358,0.2601874999999998,,False,12,20260914,-0.0013912037037036656,0.0011087962962963358,0.2601874999999998,0.26509259259259255,False,"Cliff's delta of the configuration the original composition rule gives (E8 'GF:-pAnneal', the E15 configuration) against R-SHADE (E11 'GF:Stripped'), 12 CEC2022 functions; positive favours R-SHADE; delta direction, seed and block order of analyze_composition.py"
e,original_rule_config_vs_rshade,"CEC2022, D=10, 200,000 FEs",10,200000,-0.06925925925925926,-0.1433333333333333,-0.0029629629629629637,,True,12,20260914,-0.14444444444444443,-0.1416666666666667,-0.005,-0.00037037037037037274,True,"Cliff's delta of the configuration the original composition rule gives (E8 'GF:-pAnneal', the E15 configuration) against R-SHADE (E11 'GF:Stripped'), 12 CEC2022 functions; positive favours R-SHADE; delta direction, seed and block order of analyze_composition.py"
e,original_rule_config_vs_rshade,"CEC2022, D=20, 15,000 FEs",20,15000,0.24074074074074073,0.019250000000000152,0.4716712962962959,,False,12,20260914,0.015555555555555553,0.02518055555555563,0.46907870370370325,0.47481944444444396,True,"Cliff's delta of the configuration the original composition rule gives (E8 'GF:-pAnneal', the E15 configuration) against R-SHADE (E11 'GF:Stripped'), 12 CEC2022 functions; positive favours R-SHADE; delta direction, seed and block order of analyze_composition.py"
e,original_rule_config_vs_rshade,"CEC2022, D=20, 1,000,000 FEs",20,1000000,-0.01185185185185185,-0.10462962962962963,0.062037037037037036,,True,12,20260914,-0.10462962962962963,-0.10074074074074073,0.06129629629629629,0.06370370370370369,True,"Cliff's delta of the configuration the original composition rule gives (E8 'GF:-pAnneal', the E15 configuration) against R-SHADE (E11 'GF:Stripped'), 12 CEC2022 functions; positive favours R-SHADE; delta direction, seed and block order of analyze_composition.py"
f,hho_share_within_0.01_of_200,"CEC2014 F23, D=30 and 50, both budgets",,,1.0,,,,,120,,,,,,,"share of HHO runs (E13) with |error - 200| <= 0.01, pooled over the four cells; per cell: D=30/15,000 1.000, D=30/300,000 1.000, D=50/15,000 1.000, D=50/500,000 1.000"
f,hho_share_within_0.01_of_200,"CEC2014 F24, D=30 and 50, both budgets",,,1.0,,,,,120,,,,,,,"share of HHO runs (E13) with |error - 200| <= 0.01, pooled over the four cells; per cell: D=30/15,000 1.000, D=30/300,000 1.000, D=50/15,000 1.000, D=50/500,000 1.000"
f,hho_share_within_0.01_of_200,"CEC2014 F25, D=30 and 50, both budgets",,,1.0,,,,,120,,,,,,,"share of HHO runs (E13) with |error - 200| <= 0.01, pooled over the four cells; per cell: D=30/15,000 1.000, D=30/300,000 1.000, D=50/15,000 1.000, D=50/500,000 1.000"
f,hho_share_within_0.01_of_200,"CEC2014 F26, D=30 and 50, both budgets",,,0.8083333333333333,,,,,120,,,,,,,"share of HHO runs (E13) with |error - 200| <= 0.01, pooled over the four cells; per cell: D=30/15,000 0.800, D=30/300,000 0.667, D=50/15,000 0.900, D=50/500,000 0.867"
f,hho_share_within_0.01_of_200,"CEC2014 F27, D=30 and 50, both budgets",,,1.0,,,,,120,,,,,,,"share of HHO runs (E13) with |error - 200| <= 0.01, pooled over the four cells; per cell: D=30/15,000 1.000, D=30/300,000 1.000, D=50/15,000 1.000, D=50/500,000 1.000"
f,hho_share_within_0.01_of_200,"CEC2014 F28, D=30 and 50, both budgets",,,1.0,,,,,120,,,,,,,"share of HHO runs (E13) with |error - 200| <= 0.01, pooled over the four cells; per cell: D=30/15,000 1.000, D=30/300,000 1.000, D=50/15,000 1.000, D=50/500,000 1.000"
f,hho_share_within_0.01_of_200,"CEC2014 F29, D=30 and 50, both budgets",,,0.9416666666666667,,,,,120,,,,,,,"share of HHO runs (E13) with |error - 200| <= 0.01, pooled over the four cells; per cell: D=30/15,000 0.900, D=30/300,000 0.900, D=50/15,000 0.967, D=50/500,000 1.000"
f,hho_share_within_0.01_of_200,"CEC2014 F30, D=30 and 50, both budgets",,,0.7833333333333333,,,,,120,,,,,,,"share of HHO runs (E13) with |error - 200| <= 0.01, pooled over the four cells; per cell: D=30/15,000 0.467, D=30/300,000 0.700, D=50/15,000 0.967, D=50/500,000 1.000"
