quantity,mean,ci_lo,ci_hi,p,n,equivalent,block,family,p_holm
"gate effect, Levy gated",-0.034252873563218385,-0.10988697318007659,0.04482950191570867,0.36375802063563867,29,True,"15,000 FEs",gate effect,0.3742764684804121
"gate effect, Levy off",-0.049042145593869726,-0.1332567049808429,0.03793103448275863,0.18713823424020604,29,True,"15,000 FEs",gate effect,0.3742764684804121
"Levy effect, gate on",-0.01846743295019157,-0.072183908045977,0.03386973180076629,0.5962295503921259,29,True,"15,000 FEs",Levy effect,1.0
"Levy effect, gate off",-0.03808429118773947,-0.12061302681992336,0.04436973180076611,0.3694973514840306,29,True,"15,000 FEs",Levy effect,1.0
interaction gate x Levy,0.014789272030651347,-0.0735632183908046,0.10536590038314163,0.7703399326597966,29,True,"15,000 FEs",interaction,1.0
"gate effect, Levy gated",-0.16609195402298854,-0.23816091954022983,-0.09206800766283534,0.000244140625,29,False,"300,000 FEs",gate effect,0.0009765625
"gate effect, Levy off",-0.142911877394636,-0.2081226053639847,-0.07804501915708821,0.0005372125827978725,29,False,"300,000 FEs",gate effect,0.0016116377483936174
"Levy effect, gate on",0.00011494252873563196,-0.06329501915708813,0.06440613026819925,0.9818320142291718,29,True,"300,000 FEs",Levy effect,1.0
"Levy effect, gate off",0.010574712643678165,-0.06352586206896549,0.08176340996168574,0.6004338687085925,29,True,"300,000 FEs",Levy effect,1.0
interaction gate x Levy,-0.023180076628352492,-0.11540325670498082,0.07011685823754775,0.7113664001226425,29,True,"300,000 FEs",interaction,1.0
"interaction gate x budget, Levy gated",-0.13183908045977014,-0.22095977011494253,-0.04398371647509586,0.013694099079474165,29,False,"300,000 FEs - 15,000 FEs",interaction,0.05477639631789666
"interaction gate x budget, Levy off",-0.09386973180076628,-0.183794061302682,-0.0069329501915710535,0.06605860186757903,29,False,"300,000 FEs - 15,000 FEs",interaction,0.1981758056027371
