suite,dim,max_fes,budget,contrast,mean_delta,ci_lo,ci_hi,p,first_better,second_better,p_holm
cec2017,30,15000,tight,L-SHADE 6D vs 18D,-0.9458237547892719,-0.9727988505747127,-0.9134865900383141,2.1968475218884188e-06,True,False,7.970558779918983e-06
cec2017,30,15000,tight,ours 6D vs ours 18D,-0.9282758620689655,-0.9730268199233716,-0.8732547892720306,2.107296337759723e-06,True,False,7.970558779918983e-06
cec2017,30,15000,tight,ours vs L-SHADE at 6D,0.020229885057471274,-0.1262088122605364,0.1622988505747126,0.7655419819056988,False,False,0.7655419819056988
cec2017,30,15000,tight,ours vs L-SHADE default,-0.8715708812260535,-0.9416091954022988,-0.7897318007662836,1.9926396949797456e-06,True,False,7.970558779918983e-06
cec2017,30,300000,competition,L-SHADE 6D vs 18D,0.46471264367816084,0.34130076628352485,0.5856005747126432,1.2262637158328191e-05,False,True,4.9050548633312764e-05
cec2017,30,300000,competition,ours 6D vs ours 18D,0.2588122605363985,0.16088026819923373,0.35364080459770114,3.7550926208496094e-05,False,True,8.597446607826259e-05
cec2017,30,300000,competition,ours vs L-SHADE at 6D,0.27203065134099613,0.08498084291187744,0.4593122605363983,0.02000175416469574,False,True,0.02000175416469574
cec2017,30,300000,competition,ours vs L-SHADE default,0.5418773946360154,0.3907653256704981,0.6893486590038312,2.8658155359420863e-05,False,True,8.597446607826259e-05
cec2017,50,15000,tight,L-SHADE 6D vs 18D,-0.9655938697318006,-0.9885823754789271,-0.9383141762452107,9.71956326689035e-07,True,False,2.915868980067105e-06
cec2017,50,15000,tight,ours 6D vs ours 18D,-0.9744061302681992,-0.9963984674329502,-0.941300766283525,5.482458173869325e-07,True,False,2.19298326954773e-06
cec2017,50,15000,tight,ours vs L-SHADE at 6D,0.055402298850574724,-0.1271264367816092,0.23640421455938643,0.6295278295874596,False,False,0.6295278295874596
cec2017,50,15000,tight,ours vs L-SHADE default,-0.9306513409961686,-0.9775478927203064,-0.8678160919540229,1.1272548582026854e-06,True,False,2.915868980067105e-06
cec2017,50,500000,competition,L-SHADE 6D vs 18D,0.5166283524904215,0.36237164750957856,0.6590038314176245,2.351997695846405e-05,False,True,7.055993087539215e-05
cec2017,50,500000,competition,ours 6D vs ours 18D,0.2504980842911877,0.0696551724137931,0.42620881226053625,0.014598868787288666,False,True,0.014598868787288666
cec2017,50,500000,competition,ours vs L-SHADE at 6D,0.34160919540229884,0.15478639846743297,0.5255172413793103,0.003115141408426794,False,True,0.006230282816853588
cec2017,50,500000,competition,ours vs L-SHADE default,0.7025670498084292,0.5520689655172414,0.8328773946360151,8.43666460379982e-06,False,True,3.374665841519928e-05
cec2014,30,15000,tight,L-SHADE 6D vs 18D,-0.8882222222222222,-0.9457777777777778,-0.8121462962962966,1.506809149978707e-06,True,False,5.174502233989292e-06
cec2014,30,15000,tight,ours 6D vs ours 18D,-0.9354814814814816,-0.9679259259259259,-0.8969611111111112,1.293625558497323e-06,True,False,5.174502233989292e-06
cec2014,30,15000,tight,ours vs L-SHADE at 6D,0.184,0.033479629629629616,0.33585185185185173,0.023034521714661155,False,True,0.023034521714661155
cec2014,30,15000,tight,ours vs L-SHADE default,-0.8194074074074075,-0.9065203703703705,-0.7052592592592593,2.1799129489572756e-06,True,False,5.174502233989292e-06
cec2014,30,300000,competition,L-SHADE 6D vs 18D,0.2687407407407407,0.08195925925925927,0.44555648148148136,0.013303191529412768,False,True,0.0399095745882383
cec2014,30,300000,competition,ours 6D vs ours 18D,0.19744444444444442,0.020329629629629618,0.37044444444444447,0.03726926766422245,False,True,0.0399095745882383
cec2014,30,300000,competition,ours vs L-SHADE at 6D,0.28018518518518515,0.09622222222222221,0.46062962962962956,0.018533623819038895,False,True,0.0399095745882383
cec2014,30,300000,competition,ours vs L-SHADE default,0.5158518518518519,0.3406601851851852,0.675148148148148,0.0001127935503980713,False,True,0.0004511742015922852
cec2014,50,15000,tight,L-SHADE 6D vs 18D,-0.908962962962963,-0.961925925925926,-0.8464444444444444,1.2057353185845037e-06,True,False,4.446360693150188e-06
cec2014,50,15000,tight,ours 6D vs ours 18D,-0.9319259259259259,-0.9746666666666667,-0.8714814814814816,1.111590173287547e-06,True,False,4.446360693150188e-06
cec2014,50,15000,tight,ours vs L-SHADE at 6D,0.23688888888888887,0.047475925925925935,0.42681666666666657,0.03098480962216854,False,True,0.03098480962216854
cec2014,50,15000,tight,ours vs L-SHADE default,-0.8402222222222222,-0.9280740740740742,-0.7280740740740742,2.185338890007665e-06,True,False,4.446360693150188e-06
cec2014,50,500000,competition,L-SHADE 6D vs 18D,0.2063703703703704,-0.017344444444444444,0.4160787037037033,0.1243360522240793,False,False,0.2486721044481586
cec2014,50,500000,competition,ours 6D vs ours 18D,-0.05344444444444443,-0.23370462962962962,0.12381759259259233,0.8665077835321426,False,False,0.8665077835321426
cec2014,50,500000,competition,ours vs L-SHADE at 6D,0.31840740740740753,0.13110925925925926,0.4965981481481477,0.004416151456324427,False,True,0.013248454368973282
cec2014,50,500000,competition,ours vs L-SHADE default,0.4196666666666667,0.22133148148148146,0.6080018518518517,0.0009204418628551693,False,True,0.003681767451420677
