dim,block,max_fes,candidate,mean_delta,ci_lo,ci_hi,p,p_holm
10,matched,15000,LPSR-12D,0.3282407407407407,0.1209189814814816,0.550372685185185,0.013671875,0.0205078125
10,matched,15000,LPSR-18D,0.5674074074074074,0.32537037037037037,0.7987083333333328,0.0029296875,0.01171875
10,matched,15000,N120,0.8937037037037037,0.7787037037037038,0.9918518518518519,0.00048828125,0.0029296875
10,matched,15000,N120b,0.9057407407407408,0.8211018518518519,0.9742592592592593,0.00048828125,0.0029296875
10,matched,15000,N30,0.24879629629629632,0.10944212962962967,0.40500231481481463,0.009765625,0.0205078125
10,matched,15000,N4D,0.38324074074074077,0.17147916666666668,0.5984282407407405,0.0068359375,0.0205078125
10,competition,200000,LPSR-12D,0.012685185185185176,-0.0787037037037037,0.12481481481481481,1.0,1.0
10,competition,200000,LPSR-18D,0.00981481481481482,-0.09777777777777778,0.1307523148148138,0.84375,1.0
10,competition,200000,N120,0.10194444444444445,-0.09555555555555552,0.35149074074073994,1.0,1.0
10,competition,200000,N120b,0.15268518518518517,-0.024537037037037038,0.38675925925925925,0.4375,1.0
10,competition,200000,N30,0.22046296296296297,0.06814814814814814,0.37833333333333335,0.0390625,0.234375
10,competition,200000,N4D,0.15194444444444444,0.030555555555555558,0.2964837962962961,0.078125,0.390625
20,matched,15000,LPSR-12D,0.7029629629629631,0.5248101851851853,0.8642638888888886,0.00048828125,0.0029296875
20,matched,15000,LPSR-18D,0.8512962962962963,0.7318518518518519,0.9540879629629618,0.00048828125,0.0029296875
20,matched,15000,N120,0.951111111111111,0.8766666666666666,0.9988888888888888,0.00048828125,0.0029296875
20,matched,15000,N120b,0.9524074074074074,0.8761111111111112,0.997037037037037,0.00048828125,0.0029296875
20,matched,15000,N30,0.014074074074074058,-0.3164814814814815,0.3100046296296292,0.90966796875,0.90966796875
20,matched,15000,N4D,0.7655555555555554,0.5885092592592595,0.9179629629629629,0.00048828125,0.0029296875
20,competition,1000000,LPSR-12D,-0.04888888888888889,-0.20824768518518505,0.09203703703703703,0.578125,0.578125
20,competition,1000000,LPSR-18D,-0.09398148148148149,-0.26231481481481483,0.06324074074074075,0.21875,0.4375
20,competition,1000000,N120,0.14222222222222222,0.009999999999999995,0.31777777777777777,0.078125,0.3125
20,competition,1000000,N120b,0.15351851851851853,0.011851851851851851,0.32611574074074035,0.109375,0.328125
20,competition,1000000,N30,0.44972222222222236,0.2760162037037038,0.6286134259259257,0.0009765625,0.005859375
20,competition,1000000,N4D,0.2347222222222222,0.07935185185185185,0.41740740740740745,0.015625,0.078125
