dim,block,max_fes,candidate,avg_rank,position,of
10,matched,15000,LPSR-12D,2.5833333333333335,2,7
10,matched,15000,LPSR-18D,3.5,3,7
10,matched,15000,LPSR-6D,1.9583333333333333,1,7
10,matched,15000,N120,5.916666666666667,6,7
10,matched,15000,N120b,6.0,7,7
10,matched,15000,N30,3.7916666666666665,4,7
10,matched,15000,N4D,4.25,5,7
10,competition,200000,LPSR-12D,3.5833333333333335,3,7
10,competition,200000,LPSR-18D,2.9166666666666665,1,7
10,competition,200000,LPSR-6D,4.0,5,7
10,competition,200000,N120,3.4166666666666665,2,7
10,competition,200000,N120b,3.9166666666666665,4,7
10,competition,200000,N30,5.375,7,7
10,competition,200000,N4D,4.791666666666667,6,7
20,matched,15000,LPSR-12D,3.4166666666666665,3,7
20,matched,15000,LPSR-18D,3.8333333333333335,4,7
20,matched,15000,LPSR-6D,1.4166666666666667,1,7
20,matched,15000,N120,6.333333333333333,7,7
20,matched,15000,N120b,6.25,6,7
20,matched,15000,N30,2.8333333333333335,2,7
20,matched,15000,N4D,3.9166666666666665,5,7
20,competition,1000000,LPSR-12D,3.1666666666666665,2,7
20,competition,1000000,LPSR-18D,2.8333333333333335,1,7
20,competition,1000000,LPSR-6D,3.2916666666666665,3,7
20,competition,1000000,N120,4.375,5,7
20,competition,1000000,N120b,4.041666666666667,4,7
20,competition,1000000,N30,5.583333333333333,7,7
20,competition,1000000,N4D,4.708333333333333,6,7
