table_file,label,row,column,value,printed,arm_a,arm_b,negative_favours,source,sign_reversed_relative_to_source,note
tab_gateinference.tex,tab:gateinference,"gate effect, Levy gated","15,000 FEs",-0.0342528735632183,-0.034,gate removed,gate kept,gate removed,results/analysis/revision_gate_inference.csv,False,
tab_gateinference.tex,tab:gateinference,"gate effect, Levy off","15,000 FEs",-0.0490421455938697,-0.049,gate removed,gate kept,gate removed,results/analysis/revision_gate_inference.csv,False,
tab_gateinference.tex,tab:gateinference,"gate effect, Levy gated","300,000 FEs",-0.1660919540229885,-0.166,gate removed,gate kept,gate removed,results/analysis/revision_gate_inference.csv,False,
tab_gateinference.tex,tab:gateinference,"gate effect, Levy off","300,000 FEs",-0.142911877394636,-0.143,gate removed,gate kept,gate removed,results/analysis/revision_gate_inference.csv,False,
tab_gateinference.tex,tab:gateinference,"Levy effect, gate on","15,000 FEs",-0.0184674329501915,-0.018,Levy removed,Levy kept,Levy removed,results/analysis/revision_gate_inference.csv,False,
tab_gateinference.tex,tab:gateinference,"Levy effect, gate off","15,000 FEs",-0.0380842911877394,-0.038,Levy removed,Levy kept,Levy removed,results/analysis/revision_gate_inference.csv,False,
tab_gateinference.tex,tab:gateinference,"Levy effect, gate on","300,000 FEs",0.0001149425287356,+0.000,Levy removed,Levy kept,Levy removed,results/analysis/revision_gate_inference.csv,False,
tab_gateinference.tex,tab:gateinference,"Levy effect, gate off","300,000 FEs",0.0105747126436781,+0.011,Levy removed,Levy kept,Levy removed,results/analysis/revision_gate_inference.csv,False,
tab_gateinference.tex,tab:gateinference,interaction gate x Levy,"15,000 FEs",0.0147892720306513,+0.015,"gate effect, Levy gated","gate effect, Levy off","gate effect, Levy gated",results/analysis/revision_gate_inference.csv,False,
tab_gateinference.tex,tab:gateinference,interaction gate x Levy,"300,000 FEs",-0.0231800766283524,-0.023,"gate effect, Levy gated","gate effect, Levy off","gate effect, Levy gated",results/analysis/revision_gate_inference.csv,False,
tab_gateinference.tex,tab:gateinference,"interaction gate x budget, Levy gated","300,000 FEs - 15,000 FEs",-0.1318390804597701,-0.132,"gate effect at 300,000","gate effect at 15,000","gate effect at 300,000",results/analysis/revision_gate_inference.csv,False,
tab_gateinference.tex,tab:gateinference,"interaction gate x budget, Levy off","300,000 FEs - 15,000 FEs",-0.0938697318007662,-0.094,"gate effect at 300,000","gate effect at 15,000","gate effect at 300,000",results/analysis/revision_gate_inference.csv,False,
tab_popsize.tex,tab:popsize,N=60,delta,-0.4381992337164751,-0.438,N=60,N=30,N=60,results/analysis/revision_popsize.csv (E6),False,
tab_popsize.tex,tab:popsize,N=120,delta,-0.5953256704980843,-0.595,N=120,N=30,N=120,results/analysis/revision_popsize.csv (E6),False,
tab_popsize.tex,tab:popsize,N=270,delta,-0.4980842911877394,-0.498,N=270,N=30,N=270,results/analysis/revision_popsize.csv (E6),False,
tab_popsize.tex,tab:popsize,N=540,delta,-0.1008429118773946,-0.101,N=540,N=30,N=540,results/analysis/revision_popsize.csv (E6),False,
tab_popisolation.tex,tab:popisolation,L-SHADE 6D vs 18D,cec2017 D=30 tight,-0.945823754789272,-0.946,L-SHADE at 6D,L-SHADE at 18D,L-SHADE at 6D,results/analysis/revision_pop_isolation.csv (E14),False,
tab_popisolation.tex,tab:popisolation,L-SHADE 6D vs 18D,cec2017 D=50 tight,-0.9655938697318006,-0.966,L-SHADE at 6D,L-SHADE at 18D,L-SHADE at 6D,results/analysis/revision_pop_isolation.csv (E14),False,
tab_popisolation.tex,tab:popisolation,L-SHADE 6D vs 18D,cec2014 D=30 tight,-0.8882222222222222,-0.888,L-SHADE at 6D,L-SHADE at 18D,L-SHADE at 6D,results/analysis/revision_pop_isolation.csv (E14),False,
tab_popisolation.tex,tab:popisolation,L-SHADE 6D vs 18D,cec2014 D=50 tight,-0.908962962962963,-0.909,L-SHADE at 6D,L-SHADE at 18D,L-SHADE at 6D,results/analysis/revision_pop_isolation.csv (E14),False,
tab_popisolation.tex,tab:popisolation,ours 6D vs ours 18D,cec2017 D=30 tight,-0.9282758620689656,-0.928,SEHHO-COBL-R at 6D,SEHHO-COBL-R at 18D,SEHHO-COBL-R at 6D,results/analysis/revision_pop_isolation.csv (E14),False,
tab_popisolation.tex,tab:popisolation,ours 6D vs ours 18D,cec2017 D=50 tight,-0.9744061302681992,-0.974,SEHHO-COBL-R at 6D,SEHHO-COBL-R at 18D,SEHHO-COBL-R at 6D,results/analysis/revision_pop_isolation.csv (E14),False,
tab_popisolation.tex,tab:popisolation,ours 6D vs ours 18D,cec2014 D=30 tight,-0.9354814814814816,-0.935,SEHHO-COBL-R at 6D,SEHHO-COBL-R at 18D,SEHHO-COBL-R at 6D,results/analysis/revision_pop_isolation.csv (E14),False,
tab_popisolation.tex,tab:popisolation,ours 6D vs ours 18D,cec2014 D=50 tight,-0.931925925925926,-0.932,SEHHO-COBL-R at 6D,SEHHO-COBL-R at 18D,SEHHO-COBL-R at 6D,results/analysis/revision_pop_isolation.csv (E14),False,
tab_popisolation.tex,tab:popisolation,ours vs L-SHADE at 6D,cec2017 D=30 tight,0.0202298850574712,+0.020,SEHHO-COBL-R,L-SHADE at 6D,SEHHO-COBL-R,results/analysis/revision_pop_isolation.csv (E14),False,
tab_popisolation.tex,tab:popisolation,ours vs L-SHADE at 6D,cec2017 D=50 tight,0.0554022988505747,+0.055,SEHHO-COBL-R,L-SHADE at 6D,SEHHO-COBL-R,results/analysis/revision_pop_isolation.csv (E14),False,
tab_popisolation.tex,tab:popisolation,ours vs L-SHADE at 6D,cec2014 D=30 tight,0.184,+0.184,SEHHO-COBL-R,L-SHADE at 6D,SEHHO-COBL-R,results/analysis/revision_pop_isolation.csv (E14),False,
tab_popisolation.tex,tab:popisolation,ours vs L-SHADE at 6D,cec2014 D=50 tight,0.2368888888888888,+0.237,SEHHO-COBL-R,L-SHADE at 6D,SEHHO-COBL-R,results/analysis/revision_pop_isolation.csv (E14),False,
tab_popisolation.tex,tab:popisolation,ours vs L-SHADE default,cec2017 D=30 tight,-0.8715708812260535,-0.872,SEHHO-COBL-R,L-SHADE at 18D,SEHHO-COBL-R,results/analysis/revision_pop_isolation.csv (E14),False,
tab_popisolation.tex,tab:popisolation,ours vs L-SHADE default,cec2017 D=50 tight,-0.9306513409961686,-0.931,SEHHO-COBL-R,L-SHADE at 18D,SEHHO-COBL-R,results/analysis/revision_pop_isolation.csv (E14),False,
tab_popisolation.tex,tab:popisolation,ours vs L-SHADE default,cec2014 D=30 tight,-0.8194074074074075,-0.819,SEHHO-COBL-R,L-SHADE at 18D,SEHHO-COBL-R,results/analysis/revision_pop_isolation.csv (E14),False,
tab_popisolation.tex,tab:popisolation,ours vs L-SHADE default,cec2014 D=50 tight,-0.8402222222222222,-0.840,SEHHO-COBL-R,L-SHADE at 18D,SEHHO-COBL-R,results/analysis/revision_pop_isolation.csv (E14),False,
tab_popisolation.tex,tab:popisolation,L-SHADE 6D vs 18D,cec2017 D=30 competition,0.4647126436781608,+0.465,L-SHADE at 6D,L-SHADE at 18D,L-SHADE at 6D,results/analysis/revision_pop_isolation.csv (E14),False,
tab_popisolation.tex,tab:popisolation,L-SHADE 6D vs 18D,cec2017 D=50 competition,0.5166283524904215,+0.517,L-SHADE at 6D,L-SHADE at 18D,L-SHADE at 6D,results/analysis/revision_pop_isolation.csv (E14),False,
tab_popisolation.tex,tab:popisolation,L-SHADE 6D vs 18D,cec2014 D=30 competition,0.2687407407407407,+0.269,L-SHADE at 6D,L-SHADE at 18D,L-SHADE at 6D,results/analysis/revision_pop_isolation.csv (E14),False,
tab_popisolation.tex,tab:popisolation,L-SHADE 6D vs 18D,cec2014 D=50 competition,0.2063703703703704,+0.206,L-SHADE at 6D,L-SHADE at 18D,L-SHADE at 6D,results/analysis/revision_pop_isolation.csv (E14),False,
tab_popisolation.tex,tab:popisolation,ours 6D vs ours 18D,cec2017 D=30 competition,0.2588122605363985,+0.259,SEHHO-COBL-R at 6D,SEHHO-COBL-R at 18D,SEHHO-COBL-R at 6D,results/analysis/revision_pop_isolation.csv (E14),False,
tab_popisolation.tex,tab:popisolation,ours 6D vs ours 18D,cec2017 D=50 competition,0.2504980842911877,+0.250,SEHHO-COBL-R at 6D,SEHHO-COBL-R at 18D,SEHHO-COBL-R at 6D,results/analysis/revision_pop_isolation.csv (E14),False,
tab_popisolation.tex,tab:popisolation,ours 6D vs ours 18D,cec2014 D=30 competition,0.1974444444444444,+0.197,SEHHO-COBL-R at 6D,SEHHO-COBL-R at 18D,SEHHO-COBL-R at 6D,results/analysis/revision_pop_isolation.csv (E14),False,
tab_popisolation.tex,tab:popisolation,ours 6D vs ours 18D,cec2014 D=50 competition,-0.0534444444444444,-0.053,SEHHO-COBL-R at 6D,SEHHO-COBL-R at 18D,SEHHO-COBL-R at 6D,results/analysis/revision_pop_isolation.csv (E14),False,
tab_popisolation.tex,tab:popisolation,ours vs L-SHADE at 6D,cec2017 D=30 competition,0.2720306513409961,+0.272,SEHHO-COBL-R,L-SHADE at 6D,SEHHO-COBL-R,results/analysis/revision_pop_isolation.csv (E14),False,
tab_popisolation.tex,tab:popisolation,ours vs L-SHADE at 6D,cec2017 D=50 competition,0.3416091954022988,+0.342,SEHHO-COBL-R,L-SHADE at 6D,SEHHO-COBL-R,results/analysis/revision_pop_isolation.csv (E14),False,
tab_popisolation.tex,tab:popisolation,ours vs L-SHADE at 6D,cec2014 D=30 competition,0.2801851851851851,+0.280,SEHHO-COBL-R,L-SHADE at 6D,SEHHO-COBL-R,results/analysis/revision_pop_isolation.csv (E14),False,
tab_popisolation.tex,tab:popisolation,ours vs L-SHADE at 6D,cec2014 D=50 competition,0.3184074074074075,+0.318,SEHHO-COBL-R,L-SHADE at 6D,SEHHO-COBL-R,results/analysis/revision_pop_isolation.csv (E14),False,
tab_popisolation.tex,tab:popisolation,ours vs L-SHADE default,cec2017 D=30 competition,0.5418773946360154,+0.542,SEHHO-COBL-R,L-SHADE at 18D,SEHHO-COBL-R,results/analysis/revision_pop_isolation.csv (E14),False,
tab_popisolation.tex,tab:popisolation,ours vs L-SHADE default,cec2017 D=50 competition,0.7025670498084292,+0.703,SEHHO-COBL-R,L-SHADE at 18D,SEHHO-COBL-R,results/analysis/revision_pop_isolation.csv (E14),False,
tab_popisolation.tex,tab:popisolation,ours vs L-SHADE default,cec2014 D=30 competition,0.5158518518518519,+0.516,SEHHO-COBL-R,L-SHADE at 18D,SEHHO-COBL-R,results/analysis/revision_pop_isolation.csv (E14),False,
tab_popisolation.tex,tab:popisolation,ours vs L-SHADE default,cec2014 D=50 competition,0.4196666666666667,+0.420,SEHHO-COBL-R,L-SHADE at 18D,SEHHO-COBL-R,results/analysis/revision_pop_isolation.csv (E14),False,
tab_cec2014primary.tex,tab:cec2014primary,registered,D=30,-0.6178148148148147,-0.618,SEHHO-COBL-R,SEHHO-COBL,SEHHO-COBL-R,results/analysis/revision_cec2014_primary.csv,False,
tab_cec2014primary.tex,tab:cec2014primary,registered,D=50,-0.6207407407407408,-0.621,SEHHO-COBL-R,SEHHO-COBL,SEHHO-COBL-R,results/analysis/revision_cec2014_primary.csv,False,
tab_cec2014primary.tex,tab:cec2014primary,"post hoc without F18,F22,F23,F24",D=30,-0.5967948717948718,-0.597,SEHHO-COBL-R,SEHHO-COBL,SEHHO-COBL-R,results/analysis/revision_cec2014_primary.csv,False,
tab_cec2014primary.tex,tab:cec2014primary,"post hoc without F18,F22,F23,F24",D=50,-0.5660683760683761,-0.566,SEHHO-COBL-R,SEHHO-COBL,SEHHO-COBL-R,results/analysis/revision_cec2014_primary.csv,False,
tab_cec2014primary.tex,tab:cec2014primary,CEC2017 counterpart,D=30,-0.7640229885057469,-0.764,SEHHO-COBL-R,SEHHO-COBL,SEHHO-COBL-R,results/analysis/revision_cec2014_suitegap.csv,False,
tab_cec2014primary.tex,tab:cec2014primary,CEC2017 counterpart,D=50,-0.7175478927203066,-0.718,SEHHO-COBL-R,SEHHO-COBL,SEHHO-COBL-R,results/analysis/revision_cec2014_suitegap.csv,False,
tab_cec2014primary.tex,tab:cec2014primary,suite gap,D=30,-0.1462081736909322,-0.146,CEC2017 estimate,CEC2014 estimate,CEC2017 estimate,results/analysis/revision_cec2014_suitegap.csv,False,
tab_cec2014primary.tex,tab:cec2014primary,suite gap,D=50,-0.0968071519795658,-0.097,CEC2017 estimate,CEC2014 estimate,CEC2017 estimate,results/analysis/revision_cec2014_suitegap.csv,False,
tab_cec2014primary.tex,tab:cec2014primary,jSO,"D=30 300{,}000",0.4500370370370371,+0.450,SEHHO-COBL-R,jSO,SEHHO-COBL-R,results/analysis/revision_cec2014_pairwise.csv,False,
tab_cec2014primary.tex,tab:cec2014primary,jSO,"D=50 500{,}000",0.4249629629629629,+0.425,SEHHO-COBL-R,jSO,SEHHO-COBL-R,results/analysis/revision_cec2014_pairwise.csv,False,
tab_cec2014primary.tex,tab:cec2014primary,jSO,"D=30 15{,}000",-0.5398518518518519,-0.540,SEHHO-COBL-R,jSO,SEHHO-COBL-R,results/analysis/revision_cec2014_pairwise.csv,False,
tab_cec2014primary.tex,tab:cec2014primary,jSO,"D=50 15{,}000",-0.4849629629629629,-0.485,SEHHO-COBL-R,jSO,SEHHO-COBL-R,results/analysis/revision_cec2014_pairwise.csv,False,
tab_cec2014primary.tex,tab:cec2014primary,L-SHADE,"D=30 300{,}000",0.518037037037037,+0.518,SEHHO-COBL-R,L-SHADE,SEHHO-COBL-R,results/analysis/revision_cec2014_pairwise.csv,False,
tab_cec2014primary.tex,tab:cec2014primary,L-SHADE,"D=50 500{,}000",0.4186666666666666,+0.419,SEHHO-COBL-R,L-SHADE,SEHHO-COBL-R,results/analysis/revision_cec2014_pairwise.csv,False,
tab_cec2014primary.tex,tab:cec2014primary,L-SHADE,"D=30 15{,}000",-0.8434074074074076,-0.843,SEHHO-COBL-R,L-SHADE,SEHHO-COBL-R,results/analysis/revision_cec2014_pairwise.csv,False,
tab_cec2014primary.tex,tab:cec2014primary,L-SHADE,"D=50 15{,}000",-0.8457037037037037,-0.846,SEHHO-COBL-R,L-SHADE,SEHHO-COBL-R,results/analysis/revision_cec2014_pairwise.csv,False,
tab_cec2014primary.tex,tab:cec2014primary,SHADE,"D=30 300{,}000",0.0637407407407407,+0.064,SEHHO-COBL-R,SHADE,SEHHO-COBL-R,results/analysis/revision_cec2014_pairwise.csv,False,
tab_cec2014primary.tex,tab:cec2014primary,SHADE,"D=50 500{,}000",-0.0399629629629629,-0.040,SEHHO-COBL-R,SHADE,SEHHO-COBL-R,results/analysis/revision_cec2014_pairwise.csv,False,
tab_cec2014primary.tex,tab:cec2014primary,SHADE,"D=30 15{,}000",-0.8865925925925926,-0.887,SEHHO-COBL-R,SHADE,SEHHO-COBL-R,results/analysis/revision_cec2014_pairwise.csv,False,
tab_cec2014primary.tex,tab:cec2014primary,SHADE,"D=50 15{,}000",-0.6324444444444445,-0.632,SEHHO-COBL-R,SHADE,SEHHO-COBL-R,results/analysis/revision_cec2014_pairwise.csv,False,
tab_cec2014primary.tex,tab:cec2014primary,SEHHO-COBL,"D=30 300{,}000",-0.6178148148148147,-0.618,SEHHO-COBL-R,SEHHO-COBL,SEHHO-COBL-R,results/analysis/revision_cec2014_primary.csv (registered interval),False,
tab_cec2014primary.tex,tab:cec2014primary,SEHHO-COBL,"D=50 500{,}000",-0.6207407407407408,-0.621,SEHHO-COBL-R,SEHHO-COBL,SEHHO-COBL-R,results/analysis/revision_cec2014_primary.csv (registered interval),False,
tab_cec2014primary.tex,tab:cec2014primary,SEHHO-COBL,"D=30 15{,}000",0.1382222222222222,+0.138,SEHHO-COBL-R,SEHHO-COBL,SEHHO-COBL-R,results/analysis/revision_cec2014_pairwise.csv,False,
tab_cec2014primary.tex,tab:cec2014primary,SEHHO-COBL,"D=50 15{,}000",0.3725925925925926,+0.373,SEHHO-COBL-R,SEHHO-COBL,SEHHO-COBL-R,results/analysis/revision_cec2014_pairwise.csv,False,
tab_e16.tex,tab:e16,RC06,delta,-0.9422222222222222,-0.942,L-SHADE at 6D,L-SHADE at 18D,L-SHADE at 6D,"results/analysis/e16_engineering_population.csv (E16, registered)",False,
tab_e16.tex,tab:e16,RC14,delta,-0.4222222222222222,-0.422,L-SHADE at 6D,L-SHADE at 18D,L-SHADE at 6D,"results/analysis/e16_engineering_population.csv (E16, registered)",False,
tab_e16.tex,tab:e16,RC01,delta,-0.7555555555555555,-0.756,L-SHADE at 6D,L-SHADE at 18D,L-SHADE at 6D,"results/analysis/e16_engineering_population.csv (E16, registered)",False,
tab_e16.tex,tab:e16,P2 gear train,delta,0.3355555555555555,+0.336,L-SHADE at 6D,L-SHADE at 18D,L-SHADE at 6D,"results/analysis/e16_engineering_population.csv (E16, registered)",False,
tab_e16.tex,tab:e16,P1 pressure vessel,delta,0.5488888888888889,+0.549,L-SHADE at 6D,L-SHADE at 18D,L-SHADE at 6D,"results/analysis/e16_engineering_population.csv (E16, registered)",False,
tab_guide.tex,tab:guide,CEC2014 L-SHADE,B/D=300,-0.908962962962963,-0.909,6D,18D,6D,results/analysis/pop_isolation.csv (E14; L-SHADE 6D vs 18D),False,
tab_guide.tex,tab:guide,CEC2017 L-SHADE,B/D=300,-0.9655938697318006,-0.966,6D,18D,6D,results/analysis/pop_isolation.csv (E14; L-SHADE 6D vs 18D),False,
tab_guide.tex,tab:guide,CEC2014 repaired engine (SEHHO-COBL-R),B/D=300,-0.931925925925926,-0.932,6D,18D,6D,results/analysis/pop_isolation.csv (E14; ours 6D vs ours 18D),False,
tab_guide.tex,tab:guide,CEC2017 repaired engine (SEHHO-COBL-R),B/D=300,-0.9744061302681992,-0.974,6D,18D,6D,results/analysis/pop_isolation.csv (E14; ours 6D vs ours 18D),False,
tab_guide.tex,tab:guide,P4 RC06 L-SHADE,B/D=395,-0.9422222222222222,-0.942,6D,18D,6D,results/analysis/e16_engineering_population.csv (E16),False,
tab_guide.tex,tab:guide,CEC2014 L-SHADE,B/D=500,-0.8882222222222222,-0.888,6D,18D,6D,results/analysis/pop_isolation.csv (E14; L-SHADE 6D vs 18D),False,
tab_guide.tex,tab:guide,CEC2017 L-SHADE,B/D=500,-0.945823754789272,-0.946,6D,18D,6D,results/analysis/pop_isolation.csv (E14; L-SHADE 6D vs 18D),False,
tab_guide.tex,tab:guide,CEC2014 repaired engine (SEHHO-COBL-R),B/D=500,-0.9354814814814816,-0.935,6D,18D,6D,results/analysis/pop_isolation.csv (E14; ours 6D vs ours 18D),False,
tab_guide.tex,tab:guide,CEC2017 repaired engine (SEHHO-COBL-R),B/D=500,-0.9282758620689656,-0.928,6D,18D,6D,results/analysis/pop_isolation.csv (E14; ours 6D vs ours 18D),False,
tab_guide.tex,tab:guide,CEC2022 repaired engine (selection runs),B/D=750,-0.8512962962962963,-0.851,6D,18D,6D,"results/analysis/poprule.csv (E7; LPSR-18D vs LPSR-6D, sign reversed)",True,
tab_guide.tex,tab:guide,P5 RC14 L-SHADE,B/D=1500,-0.4222222222222222,-0.422,6D,18D,6D,results/analysis/e16_engineering_population.csv (E16),False,
tab_guide.tex,tab:guide,CEC2022 repaired engine (selection runs),B/D=1500,-0.5674074074074074,-0.567,6D,18D,6D,"results/analysis/poprule.csv (E7; LPSR-18D vs LPSR-6D, sign reversed)",True,
tab_guide.tex,tab:guide,P3 RC01 L-SHADE,B/D=1667,-0.7555555555555555,-0.756,6D,18D,6D,results/analysis/e16_engineering_population.csv (E16),False,
tab_guide.tex,tab:guide,P1 L-SHADE,B/D=3750,0.5488888888888889,+0.549,6D,18D,6D,results/analysis/e16_engineering_population.csv (E16),False,
tab_guide.tex,tab:guide,P2 L-SHADE,B/D=3750,0.3355555555555555,+0.336,6D,18D,6D,results/analysis/e16_engineering_population.csv (E16),False,
tab_guide.tex,tab:guide,CEC2014 L-SHADE,B/D=10000,0.2687407407407407,+0.269,6D,18D,6D,results/analysis/pop_isolation.csv (E14; L-SHADE 6D vs 18D),False,
tab_guide.tex,tab:guide,CEC2014 L-SHADE,B/D=10000,0.2063703703703704,+0.206,6D,18D,6D,results/analysis/pop_isolation.csv (E14; L-SHADE 6D vs 18D),False,
tab_guide.tex,tab:guide,CEC2017 L-SHADE,B/D=10000,0.4647126436781608,+0.465,6D,18D,6D,results/analysis/pop_isolation.csv (E14; L-SHADE 6D vs 18D),False,
tab_guide.tex,tab:guide,CEC2017 L-SHADE,B/D=10000,0.5166283524904215,+0.517,6D,18D,6D,results/analysis/pop_isolation.csv (E14; L-SHADE 6D vs 18D),False,
tab_guide.tex,tab:guide,CEC2014 repaired engine (SEHHO-COBL-R),B/D=10000,0.1974444444444444,+0.197,6D,18D,6D,results/analysis/pop_isolation.csv (E14; ours 6D vs ours 18D),False,
tab_guide.tex,tab:guide,CEC2014 repaired engine (SEHHO-COBL-R),B/D=10000,-0.0534444444444444,-0.053,6D,18D,6D,results/analysis/pop_isolation.csv (E14; ours 6D vs ours 18D),False,
tab_guide.tex,tab:guide,CEC2017 repaired engine (SEHHO-COBL-R),B/D=10000,0.2588122605363985,+0.259,6D,18D,6D,results/analysis/pop_isolation.csv (E14; ours 6D vs ours 18D),False,
tab_guide.tex,tab:guide,CEC2017 repaired engine (SEHHO-COBL-R),B/D=10000,0.2504980842911877,+0.250,6D,18D,6D,results/analysis/pop_isolation.csv (E14; ours 6D vs ours 18D),False,
tab_guide.tex,tab:guide,SEHHO-COBL fixed N,B/D=10000,-0.5953256704980843,-0.595,N=120,N=30,N=120,results/analysis/revision_popsize.csv (E6),False,
tab_guide.tex,tab:guide,CEC2022 repaired engine (selection runs),B/D=20000,-0.0098148148148148,-0.010,6D,18D,6D,"results/analysis/poprule.csv (E7; LPSR-18D vs LPSR-6D, sign reversed)",True,
tab_guide.tex,tab:guide,CEC2022 repaired engine (selection runs),B/D=50000,0.0939814814814814,+0.094,6D,18D,6D,"results/analysis/poprule.csv (E7; LPSR-18D vs LPSR-6D, sign reversed)",True,
tab_guide.tex,tab:guide,note: SEHHO-COBL-R vs SEHHO-COBL,"CEC2017 D=50 15,000",0.4986973180076628,+0.499,SEHHO-COBL-R,SEHHO-COBL,SEHHO-COBL-R,results/analysis/revision_suite_pairwise.csv,False,
tab_guide.tex,tab:guide,note: SEHHO-COBL-R vs SEHHO-COBL,"CEC2014 D=50 15,000",0.3725925925925926,+0.373,SEHHO-COBL-R,SEHHO-COBL,SEHHO-COBL-R,results/analysis/revision_cec2014_pairwise.csv,False,
tab_supp_precision.tex,tab:supp_precision,primary endpoint,D=30,-0.6178148148148147,-0.618,SEHHO-COBL-R,SEHHO-COBL,SEHHO-COBL-R,results/analysis/revision_precision.csv,False,
tab_supp_precision.tex,tab:supp_precision,primary endpoint,D=50,-0.6207407407407408,-0.621,SEHHO-COBL-R,SEHHO-COBL,SEHHO-COBL-R,results/analysis/revision_precision.csv,False,
tab_ablation.tex,tab:ablation,AlwaysPbest,"CEC2017 $D{=}30$, 15{,}000 FEs",-0.034252873563218385,-0.034,AlwaysPbest,Full,AlwaysPbest,analyze.paired_vs_full on E4c/E4b,True,
tab_ablation.tex,tab:ablation,AlwaysPbest,"CEC2017 $D{=}30$, 300{,}000 FEs",-0.16609195402298854,-0.166,AlwaysPbest,Full,AlwaysPbest,analyze.paired_vs_full on E4c/E4b,True,
tab_ablation.tex,tab:ablation,DeterministicPhase,"CEC2017 $D{=}30$, 15{,}000 FEs",-0.0791570881226054,-0.079,DeterministicPhase,Full,DeterministicPhase,analyze.paired_vs_full on E4c/E4b,True,
tab_ablation.tex,tab:ablation,DeterministicPhase,"CEC2017 $D{=}30$, 300{,}000 FEs",-0.15226053639846746,-0.152,DeterministicPhase,Full,DeterministicPhase,analyze.paired_vs_full on E4c/E4b,True,
tab_ablation.tex,tab:ablation,AlwaysPbest+FixedP,"CEC2017 $D{=}30$, 15{,}000 FEs",0.029808429118773946,+0.030,AlwaysPbest+FixedP,Full,AlwaysPbest+FixedP,analyze.paired_vs_full on E4c/E4b,True,
tab_ablation.tex,tab:ablation,AlwaysPbest+FixedP,"CEC2017 $D{=}30$, 300{,}000 FEs",-0.12969348659003832,-0.130,AlwaysPbest+FixedP,Full,AlwaysPbest+FixedP,analyze.paired_vs_full on E4c/E4b,True,
tab_ablation.tex,tab:ablation,AlwaysPbest+NoLevy,"CEC2017 $D{=}30$, 15{,}000 FEs",-0.07149425287356323,-0.071,AlwaysPbest+NoLevy,Full,AlwaysPbest+NoLevy,analyze.paired_vs_full on E4c/E4b,True,
tab_ablation.tex,tab:ablation,AlwaysPbest+NoLevy,"CEC2017 $D{=}30$, 300{,}000 FEs",-0.15191570881226055,-0.152,AlwaysPbest+NoLevy,Full,AlwaysPbest+NoLevy,analyze.paired_vs_full on E4c/E4b,True,
tab_ablation.tex,tab:ablation,NoArchive,"CEC2017 $D{=}30$, 15{,}000 FEs",0.070727969348659,+0.071,NoArchive,Full,NoArchive,analyze.paired_vs_full on E4c/E4b,True,
tab_ablation.tex,tab:ablation,NoArchive,"CEC2017 $D{=}30$, 300{,}000 FEs",0.0021455938697317956,+0.002,NoArchive,Full,NoArchive,analyze.paired_vs_full on E4c/E4b,True,
tab_ablation.tex,tab:ablation,FixedP,"CEC2017 $D{=}30$, 15{,}000 FEs",0.009118773946360152,+0.009,FixedP,Full,FixedP,analyze.paired_vs_full on E4c/E4b,True,
tab_ablation.tex,tab:ablation,FixedP,"CEC2017 $D{=}30$, 300{,}000 FEs",-0.023371647509578545,-0.023,FixedP,Full,FixedP,analyze.paired_vs_full on E4c/E4b,True,
tab_ablation.tex,tab:ablation,NoLevy,"CEC2017 $D{=}30$, 15{,}000 FEs",-0.01846743295019157,-0.018,NoLevy,Full,NoLevy,analyze.paired_vs_full on E4c/E4b,True,
tab_ablation.tex,tab:ablation,NoLevy,"CEC2017 $D{=}30$, 300{,}000 FEs",0.00011494252873563196,+0.000,NoLevy,Full,NoLevy,analyze.paired_vs_full on E4c/E4b,True,
tab_ablation.tex,tab:ablation,NoCOBL,"CEC2017 $D{=}30$, 15{,}000 FEs",0.03800766283524904,+0.038,NoCOBL,Full,NoCOBL,analyze.paired_vs_full on E4c/E4b,True,
tab_ablation.tex,tab:ablation,NoCOBL,"CEC2017 $D{=}30$, 300{,}000 FEs",0.008812260536398468,+0.009,NoCOBL,Full,NoCOBL,analyze.paired_vs_full on E4c/E4b,True,
tab_ablation.tex,tab:ablation,NoEscapeEnergy,"CEC2017 $D{=}30$, 15{,}000 FEs",0.1106513409961686,+0.111,NoEscapeEnergy,Full,NoEscapeEnergy,analyze.paired_vs_full on E4c/E4b,True,
tab_ablation.tex,tab:ablation,NoEscapeEnergy,"CEC2017 $D{=}30$, 300{,}000 FEs",0.1221455938697318,+0.122,NoEscapeEnergy,Full,NoEscapeEnergy,analyze.paired_vs_full on E4c/E4b,True,
tab_ablation.tex,tab:ablation,AlwaysBest,"CEC2017 $D{=}30$, 15{,}000 FEs",0.18183908045977012,+0.182,AlwaysBest,Full,AlwaysBest,analyze.paired_vs_full on E4c/E4b,True,
tab_ablation.tex,tab:ablation,AlwaysBest,"CEC2017 $D{=}30$, 300{,}000 FEs",0.18636015325670496,+0.186,AlwaysBest,Full,AlwaysBest,analyze.paired_vs_full on E4c/E4b,True,
tab_ablation.tex,tab:ablation,NoSHADE,"CEC2017 $D{=}30$, 15{,}000 FEs",0.5815325670498084,+0.582,NoSHADE,Full,NoSHADE,analyze.paired_vs_full on E4c/E4b,True,
tab_ablation.tex,tab:ablation,NoSHADE,"CEC2017 $D{=}30$, 300{,}000 FEs",0.6835249042145594,+0.684,NoSHADE,Full,NoSHADE,analyze.paired_vs_full on E4c/E4b,True,
tab_gatefactorial.tex,tab:gatefactorial,"remove gate, Levy gated","15,000 FEs",-0.034252873563218385,-0.034,gate removed,kept,gate removed,results/analysis/gate_levy_factorial.csv,False,
tab_gatefactorial.tex,tab:gatefactorial,"remove gate, Levy gated","300,000 FEs",-0.16609195402298854,-0.166,gate removed,kept,gate removed,results/analysis/gate_levy_factorial.csv,False,
tab_gatefactorial.tex,tab:gatefactorial,"remove gate, Levy off","15,000 FEs",-0.049042145593869726,-0.049,gate removed,kept,gate removed,results/analysis/gate_levy_factorial.csv,False,
tab_gatefactorial.tex,tab:gatefactorial,"remove gate, Levy off","300,000 FEs",-0.142911877394636,-0.143,gate removed,kept,gate removed,results/analysis/gate_levy_factorial.csv,False,
tab_gatefactorial.tex,tab:gatefactorial,"remove Levy, gate on","15,000 FEs",-0.01846743295019157,-0.018,Levy removed,kept,Levy removed,results/analysis/gate_levy_factorial.csv,False,
tab_gatefactorial.tex,tab:gatefactorial,"remove Levy, gate on","300,000 FEs",0.00011494252873563196,+0.000,Levy removed,kept,Levy removed,results/analysis/gate_levy_factorial.csv,False,
tab_gatefactorial.tex,tab:gatefactorial,"remove Levy, gate off","15,000 FEs",-0.03808429118773947,-0.038,Levy removed,kept,Levy removed,results/analysis/gate_levy_factorial.csv,False,
tab_gatefactorial.tex,tab:gatefactorial,"remove Levy, gate off","300,000 FEs",0.010574712643678165,+0.011,Levy removed,kept,Levy removed,results/analysis/gate_levy_factorial.csv,False,
tab_supp_gate_intervals.tex,tab:supp_gate_intervals,"gate effect, Levy gated","15,000 FEs",-0.0342528735632183,-0.034,gate removed,gate kept,gate removed,results/analysis/revision_gate_inference.csv,False,
tab_supp_gate_intervals.tex,tab:supp_gate_intervals,"gate effect, Levy off","15,000 FEs",-0.0490421455938697,-0.049,gate removed,gate kept,gate removed,results/analysis/revision_gate_inference.csv,False,
tab_supp_gate_intervals.tex,tab:supp_gate_intervals,"gate effect, Levy gated","300,000 FEs",-0.1660919540229885,-0.166,gate removed,gate kept,gate removed,results/analysis/revision_gate_inference.csv,False,
tab_supp_gate_intervals.tex,tab:supp_gate_intervals,"gate effect, Levy off","300,000 FEs",-0.142911877394636,-0.143,gate removed,gate kept,gate removed,results/analysis/revision_gate_inference.csv,False,
tab_supp_gate_intervals.tex,tab:supp_gate_intervals,"Levy effect, gate on","15,000 FEs",-0.0184674329501915,-0.018,Levy removed,Levy kept,Levy removed,results/analysis/revision_gate_inference.csv,False,
tab_supp_gate_intervals.tex,tab:supp_gate_intervals,"Levy effect, gate off","15,000 FEs",-0.0380842911877394,-0.038,Levy removed,Levy kept,Levy removed,results/analysis/revision_gate_inference.csv,False,
tab_supp_gate_intervals.tex,tab:supp_gate_intervals,"Levy effect, gate on","300,000 FEs",0.0001149425287356,+0.000,Levy removed,Levy kept,Levy removed,results/analysis/revision_gate_inference.csv,False,
tab_supp_gate_intervals.tex,tab:supp_gate_intervals,"Levy effect, gate off","300,000 FEs",0.0105747126436781,+0.011,Levy removed,Levy kept,Levy removed,results/analysis/revision_gate_inference.csv,False,
tab_supp_gate_intervals.tex,tab:supp_gate_intervals,interaction gate x Levy,"15,000 FEs",0.0147892720306513,+0.015,"gate effect, Levy gated","gate effect, Levy off","gate effect, Levy gated",results/analysis/revision_gate_inference.csv,False,
tab_supp_gate_intervals.tex,tab:supp_gate_intervals,interaction gate x Levy,"300,000 FEs",-0.0231800766283524,-0.023,"gate effect, Levy gated","gate effect, Levy off","gate effect, Levy gated",results/analysis/revision_gate_inference.csv,False,
tab_supp_gate_intervals.tex,tab:supp_gate_intervals,"interaction gate x budget, Levy gated","300,000 FEs - 15,000 FEs",-0.1318390804597701,-0.132,"gate effect at 300,000","gate effect at 15,000","gate effect at 300,000",results/analysis/revision_gate_inference.csv,False,
tab_supp_gate_intervals.tex,tab:supp_gate_intervals,"interaction gate x budget, Levy off","300,000 FEs - 15,000 FEs",-0.0938697318007662,-0.094,"gate effect at 300,000","gate effect at 15,000","gate effect at 300,000",results/analysis/revision_gate_inference.csv,False,
tab_supp_ablation_cec2022.tex,tab:supp_ablation_cec2022,AlwaysPbest+NoLevy,"CEC2022, $D=10$, 15{,}000 FEs",-0.10175925925925926,-0.102,AlwaysPbest+NoLevy,Full,AlwaysPbest+NoLevy,analyze.paired_vs_full on E4,True,
tab_supp_ablation_cec2022.tex,tab:supp_ablation_cec2022,AlwaysPbest+NoLevy,"CEC2022, $D=20$, 15{,}000 FEs",0.07212962962962961,+0.072,AlwaysPbest+NoLevy,Full,AlwaysPbest+NoLevy,analyze.paired_vs_full on E4,True,
tab_supp_ablation_cec2022.tex,tab:supp_ablation_cec2022,AlwaysPbest+FixedP,"CEC2022, $D=10$, 15{,}000 FEs",0.035185185185185174,+0.035,AlwaysPbest+FixedP,Full,AlwaysPbest+FixedP,analyze.paired_vs_full on E4,True,
tab_supp_ablation_cec2022.tex,tab:supp_ablation_cec2022,AlwaysPbest+FixedP,"CEC2022, $D=20$, 15{,}000 FEs",0.18555555555555558,+0.186,AlwaysPbest+FixedP,Full,AlwaysPbest+FixedP,analyze.paired_vs_full on E4,True,
tab_supp_ablation_cec2022.tex,tab:supp_ablation_cec2022,FixedP,"CEC2022, $D=10$, 15{,}000 FEs",-0.05787037037037037,-0.058,FixedP,Full,FixedP,analyze.paired_vs_full on E4,True,
tab_supp_ablation_cec2022.tex,tab:supp_ablation_cec2022,FixedP,"CEC2022, $D=20$, 15{,}000 FEs",0.07305555555555555,+0.073,FixedP,Full,FixedP,analyze.paired_vs_full on E4,True,
tab_supp_ablation_cec2022.tex,tab:supp_ablation_cec2022,DeterministicPhase,"CEC2022, $D=10$, 15{,}000 FEs",-0.011481481481481483,-0.011,DeterministicPhase,Full,DeterministicPhase,analyze.paired_vs_full on E4,True,
tab_supp_ablation_cec2022.tex,tab:supp_ablation_cec2022,DeterministicPhase,"CEC2022, $D=20$, 15{,}000 FEs",0.15787037037037036,+0.158,DeterministicPhase,Full,DeterministicPhase,analyze.paired_vs_full on E4,True,
tab_supp_ablation_cec2022.tex,tab:supp_ablation_cec2022,NoCOBL,"CEC2022, $D=10$, 15{,}000 FEs",-0.016296296296296295,-0.016,NoCOBL,Full,NoCOBL,analyze.paired_vs_full on E4,True,
tab_supp_ablation_cec2022.tex,tab:supp_ablation_cec2022,NoCOBL,"CEC2022, $D=20$, 15{,}000 FEs",0.039722222222222214,+0.040,NoCOBL,Full,NoCOBL,analyze.paired_vs_full on E4,True,
tab_supp_ablation_cec2022.tex,tab:supp_ablation_cec2022,NoLevy,"CEC2022, $D=10$, 15{,}000 FEs",-0.0811111111111111,-0.081,NoLevy,Full,NoLevy,analyze.paired_vs_full on E4,True,
tab_supp_ablation_cec2022.tex,tab:supp_ablation_cec2022,NoLevy,"CEC2022, $D=20$, 15{,}000 FEs",0.005925925925925922,+0.006,NoLevy,Full,NoLevy,analyze.paired_vs_full on E4,True,
tab_supp_ablation_cec2022.tex,tab:supp_ablation_cec2022,AlwaysPbest,"CEC2022, $D=10$, 15{,}000 FEs",0.018518518518518517,+0.019,AlwaysPbest,Full,AlwaysPbest,analyze.paired_vs_full on E4,True,
tab_supp_ablation_cec2022.tex,tab:supp_ablation_cec2022,AlwaysPbest,"CEC2022, $D=20$, 15{,}000 FEs",0.21425925925925923,+0.214,AlwaysPbest,Full,AlwaysPbest,analyze.paired_vs_full on E4,True,
tab_supp_ablation_cec2022.tex,tab:supp_ablation_cec2022,NoArchive,"CEC2022, $D=10$, 15{,}000 FEs",0.0049074074074074115,+0.005,NoArchive,Full,NoArchive,analyze.paired_vs_full on E4,True,
tab_supp_ablation_cec2022.tex,tab:supp_ablation_cec2022,NoArchive,"CEC2022, $D=20$, 15{,}000 FEs",0.2526851851851852,+0.253,NoArchive,Full,NoArchive,analyze.paired_vs_full on E4,True,
tab_supp_ablation_cec2022.tex,tab:supp_ablation_cec2022,AlwaysBest,"CEC2022, $D=10$, 15{,}000 FEs",0.005740740740740742,+0.006,AlwaysBest,Full,AlwaysBest,analyze.paired_vs_full on E4,True,
tab_supp_ablation_cec2022.tex,tab:supp_ablation_cec2022,AlwaysBest,"CEC2022, $D=20$, 15{,}000 FEs",0.043240740740740746,+0.043,AlwaysBest,Full,AlwaysBest,analyze.paired_vs_full on E4,True,
tab_supp_ablation_cec2022.tex,tab:supp_ablation_cec2022,NoEscapeEnergy,"CEC2022, $D=10$, 15{,}000 FEs",-0.010925925925925922,-0.011,NoEscapeEnergy,Full,NoEscapeEnergy,analyze.paired_vs_full on E4,True,
tab_supp_ablation_cec2022.tex,tab:supp_ablation_cec2022,NoEscapeEnergy,"CEC2022, $D=20$, 15{,}000 FEs",0.05157407407407408,+0.052,NoEscapeEnergy,Full,NoEscapeEnergy,analyze.paired_vs_full on E4,True,
tab_supp_ablation_cec2022.tex,tab:supp_ablation_cec2022,NoSHADE,"CEC2022, $D=10$, 15{,}000 FEs",0.3738888888888889,+0.374,NoSHADE,Full,NoSHADE,analyze.paired_vs_full on E4,True,
tab_supp_ablation_cec2022.tex,tab:supp_ablation_cec2022,NoSHADE,"CEC2022, $D=20$, 15{,}000 FEs",0.654074074074074,+0.654,NoSHADE,Full,NoSHADE,analyze.paired_vs_full on E4,True,
tab_poprule.tex,tab:poprule,N120b vs N120,D=10 15000,-0.09166666666666666,-0.092,N120b,N120,N120b,results/analysis/extras.csv (c),False,
tab_composition.tex,tab:composition,+Gate,D=10 15000,-0.0341666666666666,-0.034,changed (+Gate),default,changed (+Gate),results/analysis/revision_composition.csv,False,
tab_composition.tex,tab:composition,+Gate,D=10 200000,0.1079629629629629,+0.108,changed (+Gate),default,changed (+Gate),results/analysis/revision_composition.csv,False,
tab_composition.tex,tab:composition,+Gate,D=20 15000,-0.087037037037037,-0.087,changed (+Gate),default,changed (+Gate),results/analysis/revision_composition.csv,False,
tab_composition.tex,tab:composition,+Gate,D=20 1000000,0.1713888888888889,+0.171,changed (+Gate),default,changed (+Gate),results/analysis/revision_composition.csv,False,
tab_composition.tex,tab:composition,-COBL,D=10 15000,-0.0656481481481481,-0.066,changed (-COBL),default,changed (-COBL),results/analysis/revision_composition.csv,False,
tab_composition.tex,tab:composition,-COBL,D=10 200000,-0.0164814814814814,-0.016,changed (-COBL),default,changed (-COBL),results/analysis/revision_composition.csv,False,
tab_composition.tex,tab:composition,-COBL,D=20 15000,-0.0488888888888888,-0.049,changed (-COBL),default,changed (-COBL),results/analysis/revision_composition.csv,False,
tab_composition.tex,tab:composition,-COBL,D=20 1000000,-0.0738888888888888,-0.074,changed (-COBL),default,changed (-COBL),results/analysis/revision_composition.csv,False,
tab_composition.tex,tab:composition,-Levy,D=10 15000,-0.1392592592592592,-0.139,changed (-Levy),default,changed (-Levy),results/analysis/revision_composition.csv,False,
tab_composition.tex,tab:composition,-Levy,D=10 200000,0.0375925925925925,+0.038,changed (-Levy),default,changed (-Levy),results/analysis/revision_composition.csv,False,
tab_composition.tex,tab:composition,-Levy,D=20 15000,-0.2746296296296296,-0.275,changed (-Levy),default,changed (-Levy),results/analysis/revision_composition.csv,False,
tab_composition.tex,tab:composition,-Levy,D=20 1000000,-0.0191666666666666,-0.019,changed (-Levy),default,changed (-Levy),results/analysis/revision_composition.csv,False,
tab_composition.tex,tab:composition,-Archive,D=10 15000,0.0666666666666666,+0.067,changed (-Archive),default,changed (-Archive),results/analysis/revision_composition.csv,False,
tab_composition.tex,tab:composition,-Archive,D=10 200000,0.0914814814814814,+0.091,changed (-Archive),default,changed (-Archive),results/analysis/revision_composition.csv,False,
tab_composition.tex,tab:composition,-Archive,D=20 15000,0.2764814814814814,+0.276,changed (-Archive),default,changed (-Archive),results/analysis/revision_composition.csv,False,
tab_composition.tex,tab:composition,-Archive,D=20 1000000,0.0429629629629629,+0.043,changed (-Archive),default,changed (-Archive),results/analysis/revision_composition.csv,False,
tab_composition.tex,tab:composition,-SHADE,D=10 15000,0.2180555555555555,+0.218,changed (-SHADE),default,changed (-SHADE),results/analysis/revision_composition.csv,False,
tab_composition.tex,tab:composition,-SHADE,D=10 200000,0.1273148148148148,+0.127,changed (-SHADE),default,changed (-SHADE),results/analysis/revision_composition.csv,False,
tab_composition.tex,tab:composition,-SHADE,D=20 15000,0.0924074074074074,+0.092,changed (-SHADE),default,changed (-SHADE),results/analysis/revision_composition.csv,False,
tab_composition.tex,tab:composition,-SHADE,D=20 1000000,0.0699999999999999,+0.070,changed (-SHADE),default,changed (-SHADE),results/analysis/revision_composition.csv,False,
tab_composition.tex,tab:composition,-pAnneal,D=10 15000,-0.0267592592592592,-0.027,changed (-pAnneal),default,changed (-pAnneal),results/analysis/revision_composition.csv,False,
tab_composition.tex,tab:composition,-pAnneal,D=10 200000,0.0271296296296296,+0.027,changed (-pAnneal),default,changed (-pAnneal),results/analysis/revision_composition.csv,False,
tab_composition.tex,tab:composition,-pAnneal,D=20 15000,0.0101851851851851,+0.010,changed (-pAnneal),default,changed (-pAnneal),results/analysis/revision_composition.csv,False,
tab_composition.tex,tab:composition,-pAnneal,D=20 1000000,-0.0121296296296296,-0.012,changed (-pAnneal),default,changed (-pAnneal),results/analysis/revision_composition.csv,False,
tab_composition.tex,tab:composition,Stripped,D=10 15000,-0.1210185185185185,-0.121,changed (Stripped),default,changed (Stripped),results/analysis/revision_composition.csv,False,
tab_composition.tex,tab:composition,Stripped,D=10 200000,0.0829629629629629,+0.083,changed (Stripped),default,changed (Stripped),results/analysis/revision_composition.csv,False,
tab_composition.tex,tab:composition,Stripped,D=20 15000,-0.2433333333333333,-0.243,changed (Stripped),default,changed (Stripped),results/analysis/revision_composition.csv,False,
tab_composition.tex,tab:composition,Stripped,D=20 1000000,0.0053703703703703,+0.005,changed (Stripped),default,changed (Stripped),results/analysis/revision_composition.csv,False,
tab_supp_composition_intervals.tex,tab:supp_composition_intervals,+Gate,D=10 15000,-0.0341666666666666,-0.034,changed (+Gate),default,changed (+Gate),results/analysis/revision_composition.csv,False,
tab_supp_composition_intervals.tex,tab:supp_composition_intervals,+Gate,D=10 200000,0.1079629629629629,+0.108,changed (+Gate),default,changed (+Gate),results/analysis/revision_composition.csv,False,
tab_supp_composition_intervals.tex,tab:supp_composition_intervals,+Gate,D=20 15000,-0.087037037037037,-0.087,changed (+Gate),default,changed (+Gate),results/analysis/revision_composition.csv,False,
tab_supp_composition_intervals.tex,tab:supp_composition_intervals,+Gate,D=20 1000000,0.1713888888888889,+0.171,changed (+Gate),default,changed (+Gate),results/analysis/revision_composition.csv,False,
tab_supp_composition_intervals.tex,tab:supp_composition_intervals,-COBL,D=10 15000,-0.0656481481481481,-0.066,changed (-COBL),default,changed (-COBL),results/analysis/revision_composition.csv,False,
tab_supp_composition_intervals.tex,tab:supp_composition_intervals,-COBL,D=10 200000,-0.0164814814814814,-0.016,changed (-COBL),default,changed (-COBL),results/analysis/revision_composition.csv,False,
tab_supp_composition_intervals.tex,tab:supp_composition_intervals,-COBL,D=20 15000,-0.0488888888888888,-0.049,changed (-COBL),default,changed (-COBL),results/analysis/revision_composition.csv,False,
tab_supp_composition_intervals.tex,tab:supp_composition_intervals,-COBL,D=20 1000000,-0.0738888888888888,-0.074,changed (-COBL),default,changed (-COBL),results/analysis/revision_composition.csv,False,
tab_supp_composition_intervals.tex,tab:supp_composition_intervals,-Levy,D=10 15000,-0.1392592592592592,-0.139,changed (-Levy),default,changed (-Levy),results/analysis/revision_composition.csv,False,
tab_supp_composition_intervals.tex,tab:supp_composition_intervals,-Levy,D=10 200000,0.0375925925925925,+0.038,changed (-Levy),default,changed (-Levy),results/analysis/revision_composition.csv,False,
tab_supp_composition_intervals.tex,tab:supp_composition_intervals,-Levy,D=20 15000,-0.2746296296296296,-0.275,changed (-Levy),default,changed (-Levy),results/analysis/revision_composition.csv,False,
tab_supp_composition_intervals.tex,tab:supp_composition_intervals,-Levy,D=20 1000000,-0.0191666666666666,-0.019,changed (-Levy),default,changed (-Levy),results/analysis/revision_composition.csv,False,
tab_supp_composition_intervals.tex,tab:supp_composition_intervals,-Archive,D=10 15000,0.0666666666666666,+0.067,changed (-Archive),default,changed (-Archive),results/analysis/revision_composition.csv,False,
tab_supp_composition_intervals.tex,tab:supp_composition_intervals,-Archive,D=10 200000,0.0914814814814814,+0.091,changed (-Archive),default,changed (-Archive),results/analysis/revision_composition.csv,False,
tab_supp_composition_intervals.tex,tab:supp_composition_intervals,-Archive,D=20 15000,0.2764814814814814,+0.276,changed (-Archive),default,changed (-Archive),results/analysis/revision_composition.csv,False,
tab_supp_composition_intervals.tex,tab:supp_composition_intervals,-Archive,D=20 1000000,0.0429629629629629,+0.043,changed (-Archive),default,changed (-Archive),results/analysis/revision_composition.csv,False,
tab_supp_composition_intervals.tex,tab:supp_composition_intervals,-SHADE,D=10 15000,0.2180555555555555,+0.218,changed (-SHADE),default,changed (-SHADE),results/analysis/revision_composition.csv,False,
tab_supp_composition_intervals.tex,tab:supp_composition_intervals,-SHADE,D=10 200000,0.1273148148148148,+0.127,changed (-SHADE),default,changed (-SHADE),results/analysis/revision_composition.csv,False,
tab_supp_composition_intervals.tex,tab:supp_composition_intervals,-SHADE,D=20 15000,0.0924074074074074,+0.092,changed (-SHADE),default,changed (-SHADE),results/analysis/revision_composition.csv,False,
tab_supp_composition_intervals.tex,tab:supp_composition_intervals,-SHADE,D=20 1000000,0.0699999999999999,+0.070,changed (-SHADE),default,changed (-SHADE),results/analysis/revision_composition.csv,False,
tab_supp_composition_intervals.tex,tab:supp_composition_intervals,-pAnneal,D=10 15000,-0.0267592592592592,-0.027,changed (-pAnneal),default,changed (-pAnneal),results/analysis/revision_composition.csv,False,
tab_supp_composition_intervals.tex,tab:supp_composition_intervals,-pAnneal,D=10 200000,0.0271296296296296,+0.027,changed (-pAnneal),default,changed (-pAnneal),results/analysis/revision_composition.csv,False,
tab_supp_composition_intervals.tex,tab:supp_composition_intervals,-pAnneal,D=20 15000,0.0101851851851851,+0.010,changed (-pAnneal),default,changed (-pAnneal),results/analysis/revision_composition.csv,False,
tab_supp_composition_intervals.tex,tab:supp_composition_intervals,-pAnneal,D=20 1000000,-0.0121296296296296,-0.012,changed (-pAnneal),default,changed (-pAnneal),results/analysis/revision_composition.csv,False,
tab_supp_composition_intervals.tex,tab:supp_composition_intervals,Stripped,D=10 15000,-0.1210185185185185,-0.121,changed (Stripped),default,changed (Stripped),results/analysis/revision_composition.csv,False,
tab_supp_composition_intervals.tex,tab:supp_composition_intervals,Stripped,D=10 200000,0.0829629629629629,+0.083,changed (Stripped),default,changed (Stripped),results/analysis/revision_composition.csv,False,
tab_supp_composition_intervals.tex,tab:supp_composition_intervals,Stripped,D=20 15000,-0.2433333333333333,-0.243,changed (Stripped),default,changed (Stripped),results/analysis/revision_composition.csv,False,
tab_supp_composition_intervals.tex,tab:supp_composition_intervals,Stripped,D=20 1000000,0.0053703703703703,+0.005,changed (Stripped),default,changed (Stripped),results/analysis/revision_composition.csv,False,
tab_supp_e15.tex,tab:supp_e15,original-rule configuration vs SEHHO-COBL,D=30 300000,-0.6204444444444444,-0.620,original-rule configuration,SEHHO-COBL,original-rule configuration,results/analysis/e15_original_rule.csv,False,
tab_supp_e15.tex,tab:supp_e15,original-rule configuration vs SEHHO-COBL,D=50 500000,-0.6355185185185185,-0.636,original-rule configuration,SEHHO-COBL,original-rule configuration,results/analysis/e15_original_rule.csv,False,
tab_supp_e15.tex,tab:supp_e15,original-rule configuration vs SEHHO-COBL,D=30 15000,0.1571111111111111,+0.157,original-rule configuration,SEHHO-COBL,original-rule configuration,results/analysis/e15_original_rule.csv,False,
tab_supp_e15.tex,tab:supp_e15,original-rule configuration vs SEHHO-COBL,D=50 15000,0.3758518518518519,+0.376,original-rule configuration,SEHHO-COBL,original-rule configuration,results/analysis/e15_original_rule.csv,False,
tab_supp_e15.tex,tab:supp_e15,SEHHO-COBL-R vs SEHHO-COBL (E13),D=30 300000,-0.6178148148148147,-0.618,SEHHO-COBL-R,SEHHO-COBL,SEHHO-COBL-R,registered E13 analysis (revision_cec2014_*.csv),False,
tab_supp_e15.tex,tab:supp_e15,SEHHO-COBL-R vs SEHHO-COBL (E13),D=50 500000,-0.6207407407407408,-0.621,SEHHO-COBL-R,SEHHO-COBL,SEHHO-COBL-R,registered E13 analysis (revision_cec2014_*.csv),False,
tab_supp_e15.tex,tab:supp_e15,SEHHO-COBL-R vs SEHHO-COBL (E13),D=30 15000,0.1382222222222222,+0.138,SEHHO-COBL-R,SEHHO-COBL,SEHHO-COBL-R,registered E13 analysis (revision_cec2014_*.csv),False,
tab_supp_e15.tex,tab:supp_e15,SEHHO-COBL-R vs SEHHO-COBL (E13),D=50 15000,0.3725925925925926,+0.373,SEHHO-COBL-R,SEHHO-COBL,SEHHO-COBL-R,registered E13 analysis (revision_cec2014_*.csv),False,
tab_supp_e15.tex,tab:supp_e15,original-rule configuration vs SEHHO-COBL-R,D=30 300000,0.0276296296296296,+0.028,original-rule configuration,SEHHO-COBL-R,original-rule configuration,results/analysis/e15_original_rule.csv,False,
tab_supp_e15.tex,tab:supp_e15,original-rule configuration vs SEHHO-COBL-R,D=50 500000,0.0462962962962962,+0.046,original-rule configuration,SEHHO-COBL-R,original-rule configuration,results/analysis/e15_original_rule.csv,False,
tab_supp_e15.tex,tab:supp_e15,original-rule configuration vs SEHHO-COBL-R,D=30 15000,0.0812592592592592,+0.081,original-rule configuration,SEHHO-COBL-R,original-rule configuration,results/analysis/e15_original_rule.csv,False,
tab_supp_e15.tex,tab:supp_e15,original-rule configuration vs SEHHO-COBL-R,D=50 15000,0.0052592592592592,+0.005,original-rule configuration,SEHHO-COBL-R,original-rule configuration,results/analysis/e15_original_rule.csv,False,
tab_cec2014.tex,tab:cec2014,jSO,"D=30 300{,}000",0.4500370370370371,+0.450,SEHHO-COBL-R,jSO,SEHHO-COBL-R,results/analysis/revision_cec2014_pairwise.csv,False,
tab_cec2014.tex,tab:cec2014,jSO,"D=50 500{,}000",0.4249629629629629,+0.425,SEHHO-COBL-R,jSO,SEHHO-COBL-R,results/analysis/revision_cec2014_pairwise.csv,False,
tab_cec2014.tex,tab:cec2014,jSO,"D=30 15{,}000",-0.5398518518518519,-0.540,SEHHO-COBL-R,jSO,SEHHO-COBL-R,results/analysis/revision_cec2014_pairwise.csv,False,
tab_cec2014.tex,tab:cec2014,jSO,"D=50 15{,}000",-0.4849629629629629,-0.485,SEHHO-COBL-R,jSO,SEHHO-COBL-R,results/analysis/revision_cec2014_pairwise.csv,False,
tab_cec2014.tex,tab:cec2014,L-SHADE,"D=30 300{,}000",0.518037037037037,+0.518,SEHHO-COBL-R,L-SHADE,SEHHO-COBL-R,results/analysis/revision_cec2014_pairwise.csv,False,
tab_cec2014.tex,tab:cec2014,L-SHADE,"D=50 500{,}000",0.4186666666666666,+0.419,SEHHO-COBL-R,L-SHADE,SEHHO-COBL-R,results/analysis/revision_cec2014_pairwise.csv,False,
tab_cec2014.tex,tab:cec2014,L-SHADE,"D=30 15{,}000",-0.8434074074074076,-0.843,SEHHO-COBL-R,L-SHADE,SEHHO-COBL-R,results/analysis/revision_cec2014_pairwise.csv,False,
tab_cec2014.tex,tab:cec2014,L-SHADE,"D=50 15{,}000",-0.8457037037037037,-0.846,SEHHO-COBL-R,L-SHADE,SEHHO-COBL-R,results/analysis/revision_cec2014_pairwise.csv,False,
tab_cec2014.tex,tab:cec2014,SHADE,"D=30 300{,}000",0.0637407407407407,+0.064,SEHHO-COBL-R,SHADE,SEHHO-COBL-R,results/analysis/revision_cec2014_pairwise.csv,False,
tab_cec2014.tex,tab:cec2014,SHADE,"D=50 500{,}000",-0.0399629629629629,-0.040,SEHHO-COBL-R,SHADE,SEHHO-COBL-R,results/analysis/revision_cec2014_pairwise.csv,False,
tab_cec2014.tex,tab:cec2014,SHADE,"D=30 15{,}000",-0.8865925925925926,-0.887,SEHHO-COBL-R,SHADE,SEHHO-COBL-R,results/analysis/revision_cec2014_pairwise.csv,False,
tab_cec2014.tex,tab:cec2014,SHADE,"D=50 15{,}000",-0.6324444444444445,-0.632,SEHHO-COBL-R,SHADE,SEHHO-COBL-R,results/analysis/revision_cec2014_pairwise.csv,False,
tab_cec2014.tex,tab:cec2014,DE,"D=30 300{,}000",-0.4874074074074073,-0.487,SEHHO-COBL-R,DE,SEHHO-COBL-R,results/analysis/revision_cec2014_pairwise.csv,False,
tab_cec2014.tex,tab:cec2014,DE,"D=50 500{,}000",-0.5734444444444444,-0.573,SEHHO-COBL-R,DE,SEHHO-COBL-R,results/analysis/revision_cec2014_pairwise.csv,False,
tab_cec2014.tex,tab:cec2014,DE,"D=30 15{,}000",-0.996,-0.996,SEHHO-COBL-R,DE,SEHHO-COBL-R,results/analysis/revision_cec2014_pairwise.csv,False,
tab_cec2014.tex,tab:cec2014,DE,"D=50 15{,}000",-0.976,-0.976,SEHHO-COBL-R,DE,SEHHO-COBL-R,results/analysis/revision_cec2014_pairwise.csv,False,
tab_cec2014.tex,tab:cec2014,SEHHO-COBL,"D=30 300{,}000",-0.6178148148148147,-0.618,SEHHO-COBL-R,SEHHO-COBL,SEHHO-COBL-R,results/analysis/revision_cec2014_primary.csv (registered interval),False,
tab_cec2014.tex,tab:cec2014,SEHHO-COBL,"D=50 500{,}000",-0.6207407407407408,-0.621,SEHHO-COBL-R,SEHHO-COBL,SEHHO-COBL-R,results/analysis/revision_cec2014_primary.csv (registered interval),False,
tab_cec2014.tex,tab:cec2014,SEHHO-COBL,"D=30 15{,}000",0.1382222222222222,+0.138,SEHHO-COBL-R,SEHHO-COBL,SEHHO-COBL-R,results/analysis/revision_cec2014_pairwise.csv,False,
tab_cec2014.tex,tab:cec2014,SEHHO-COBL,"D=50 15{,}000",0.3725925925925926,+0.373,SEHHO-COBL-R,SEHHO-COBL,SEHHO-COBL-R,results/analysis/revision_cec2014_pairwise.csv,False,
tab_cec2014.tex,tab:cec2014,HHO,"D=30 300{,}000",-0.4662222222222222,-0.466,SEHHO-COBL-R,HHO,SEHHO-COBL-R,results/analysis/revision_cec2014_pairwise.csv,False,
tab_cec2014.tex,tab:cec2014,HHO,"D=50 500{,}000",-0.4482222222222222,-0.448,SEHHO-COBL-R,HHO,SEHHO-COBL-R,results/analysis/revision_cec2014_pairwise.csv,False,
tab_cec2014.tex,tab:cec2014,HHO,"D=30 15{,}000",-0.5171851851851852,-0.517,SEHHO-COBL-R,HHO,SEHHO-COBL-R,results/analysis/revision_cec2014_pairwise.csv,False,
tab_cec2014.tex,tab:cec2014,HHO,"D=50 15{,}000",-0.4797777777777777,-0.480,SEHHO-COBL-R,HHO,SEHHO-COBL-R,results/analysis/revision_cec2014_pairwise.csv,False,
tab_supp_hho.tex,tab:supp_hho,SEHHO-COBL vs HHO,CEC2017 D=30 300000,-0.9357854406130268,-0.936,SEHHO-COBL,HHO,SEHHO-COBL,results/analysis/revision_hho.csv,False,
tab_supp_hho.tex,tab:supp_hho,SEHHO-COBL-R vs HHO,CEC2017 D=30 300000,-0.9759386973180078,-0.976,SEHHO-COBL-R,HHO,SEHHO-COBL-R,results/analysis/revision_suite_pairwise.csv,False,
tab_supp_hho.tex,tab:supp_hho,SEHHO-COBL vs HHO,CEC2017 D=50 500000,-0.9762452107279692,-0.976,SEHHO-COBL,HHO,SEHHO-COBL,results/analysis/revision_hho.csv,False,
tab_supp_hho.tex,tab:supp_hho,SEHHO-COBL-R vs HHO,CEC2017 D=50 500000,-0.986360153256705,-0.986,SEHHO-COBL-R,HHO,SEHHO-COBL-R,results/analysis/revision_suite_pairwise.csv,False,
tab_supp_hho.tex,tab:supp_hho,SEHHO-COBL vs HHO,CEC2017 D=100 1000000,-0.9721072796934866,-0.972,SEHHO-COBL,HHO,SEHHO-COBL,results/analysis/revision_hho.csv,False,
tab_supp_hho.tex,tab:supp_hho,SEHHO-COBL-R vs HHO,CEC2017 D=100 1000000,-0.9977011494252872,-0.998,SEHHO-COBL-R,HHO,SEHHO-COBL-R,results/analysis/revision_suite_pairwise.csv,False,
tab_supp_hho.tex,tab:supp_hho,SEHHO-COBL vs HHO,CEC2017 D=30 15000,-0.9812260536398468,-0.981,SEHHO-COBL,HHO,SEHHO-COBL,results/analysis/revision_hho.csv,False,
tab_supp_hho.tex,tab:supp_hho,SEHHO-COBL-R vs HHO,CEC2017 D=30 15000,-0.9737164750957854,-0.974,SEHHO-COBL-R,HHO,SEHHO-COBL-R,results/analysis/revision_suite_pairwise.csv,False,
tab_supp_hho.tex,tab:supp_hho,SEHHO-COBL vs HHO,CEC2017 D=50 15000,-0.9604597701149424,-0.960,SEHHO-COBL,HHO,SEHHO-COBL,results/analysis/revision_hho.csv,False,
tab_supp_hho.tex,tab:supp_hho,SEHHO-COBL-R vs HHO,CEC2017 D=50 15000,-0.8905747126436782,-0.891,SEHHO-COBL-R,HHO,SEHHO-COBL-R,results/analysis/revision_suite_pairwise.csv,False,
tab_supp_hho.tex,tab:supp_hho,SEHHO-COBL vs HHO,CEC2022 D=10 15000,-0.9338888888888888,-0.934,SEHHO-COBL,HHO,SEHHO-COBL,results/analysis/revision_hho.csv,False,
tab_supp_hho.tex,tab:supp_hho,SEHHO-COBL-R vs HHO,CEC2022 D=10 15000,-0.9583333333333334,-0.958,SEHHO-COBL-R,HHO,SEHHO-COBL-R,results/analysis/revision_suite_pairwise.csv,False,
tab_supp_hho.tex,tab:supp_hho,SEHHO-COBL vs HHO,CEC2022 D=20 15000,-0.992777777777778,-0.993,SEHHO-COBL,HHO,SEHHO-COBL,results/analysis/revision_hho.csv,False,
tab_supp_hho.tex,tab:supp_hho,SEHHO-COBL-R vs HHO,CEC2022 D=20 15000,-0.9924074074074074,-0.992,SEHHO-COBL-R,HHO,SEHHO-COBL-R,results/analysis/revision_suite_pairwise.csv,False,
tab_supp_hho.tex,tab:supp_hho,SEHHO-COBL vs HHO,CEC2022 D=10 200000,-0.9292592592592592,-0.929,SEHHO-COBL,HHO,SEHHO-COBL,results/analysis/revision_hho.csv,False,
tab_supp_hho.tex,tab:supp_hho,SEHHO-COBL-R vs HHO,CEC2022 D=10 200000,-0.9214814814814812,-0.921,SEHHO-COBL-R,HHO,SEHHO-COBL-R,results/analysis/revision_suite_pairwise.csv,False,
tab_supp_hho.tex,tab:supp_hho,SEHHO-COBL vs HHO,CEC2022 D=20 1000000,-0.9644444444444444,-0.964,SEHHO-COBL,HHO,SEHHO-COBL,results/analysis/revision_hho.csv,False,
tab_supp_hho.tex,tab:supp_hho,SEHHO-COBL-R vs HHO,CEC2022 D=20 1000000,-0.9746296296296296,-0.975,SEHHO-COBL-R,HHO,SEHHO-COBL-R,results/analysis/revision_suite_pairwise.csv,False,
tab_supp_hho.tex,tab:supp_hho,SEHHO-COBL vs HHO,CEC2014 D=30 300000,-0.45,-0.450,SEHHO-COBL,HHO,SEHHO-COBL,results/analysis/revision_hho.csv,False,
tab_supp_hho.tex,tab:supp_hho,SEHHO-COBL-R vs HHO,CEC2014 D=30 300000,-0.4662222222222222,-0.466,SEHHO-COBL-R,HHO,SEHHO-COBL-R,results/analysis/revision_cec2014_pairwise.csv (registered interval),False,
tab_supp_hho.tex,tab:supp_hho,SEHHO-COBL vs HHO,CEC2014 D=50 500000,-0.4296296296296296,-0.430,SEHHO-COBL,HHO,SEHHO-COBL,results/analysis/revision_hho.csv,False,
tab_supp_hho.tex,tab:supp_hho,SEHHO-COBL-R vs HHO,CEC2014 D=50 500000,-0.4482222222222222,-0.448,SEHHO-COBL-R,HHO,SEHHO-COBL-R,results/analysis/revision_cec2014_pairwise.csv (registered interval),False,
tab_supp_hho.tex,tab:supp_hho,SEHHO-COBL vs HHO,CEC2014 D=30 15000,-0.5164444444444445,-0.516,SEHHO-COBL,HHO,SEHHO-COBL,results/analysis/revision_hho.csv,False,
tab_supp_hho.tex,tab:supp_hho,SEHHO-COBL-R vs HHO,CEC2014 D=30 15000,-0.5171851851851852,-0.517,SEHHO-COBL-R,HHO,SEHHO-COBL-R,results/analysis/revision_cec2014_pairwise.csv (registered interval),False,
tab_supp_hho.tex,tab:supp_hho,SEHHO-COBL vs HHO,CEC2014 D=50 15000,-0.4645185185185185,-0.465,SEHHO-COBL,HHO,SEHHO-COBL,results/analysis/revision_hho.csv,False,
tab_supp_hho.tex,tab:supp_hho,SEHHO-COBL-R vs HHO,CEC2014 D=50 15000,-0.4797777777777777,-0.480,SEHHO-COBL-R,HHO,SEHHO-COBL-R,results/analysis/revision_cec2014_pairwise.csv (registered interval),False,
tab_cec2017.tex,tab:cec2017,jSO,D=30,0.7004980842911878,+0.700,SEHHO-COBL-R,jSO,SEHHO-COBL-R,results/analysis/revision_suite_pairwise.csv,False,
tab_cec2017.tex,tab:cec2017,jSO,D=50,0.780919540229885,+0.781,SEHHO-COBL-R,jSO,SEHHO-COBL-R,results/analysis/revision_suite_pairwise.csv,False,
tab_cec2017.tex,tab:cec2017,jSO,D=100,0.7137931034482757,+0.714,SEHHO-COBL-R,jSO,SEHHO-COBL-R,results/analysis/revision_suite_pairwise.csv,False,
tab_cec2017.tex,tab:cec2017,L-SHADE,D=30,0.5339080459770116,+0.534,SEHHO-COBL-R,L-SHADE,SEHHO-COBL-R,results/analysis/revision_suite_pairwise.csv,False,
tab_cec2017.tex,tab:cec2017,L-SHADE,D=50,0.6896934865900384,+0.690,SEHHO-COBL-R,L-SHADE,SEHHO-COBL-R,results/analysis/revision_suite_pairwise.csv,False,
tab_cec2017.tex,tab:cec2017,L-SHADE,D=100,0.5476628352490421,+0.548,SEHHO-COBL-R,L-SHADE,SEHHO-COBL-R,results/analysis/revision_suite_pairwise.csv,False,
tab_cec2017.tex,tab:cec2017,SHADE,D=30,-0.0492337164750957,-0.049,SEHHO-COBL-R,SHADE,SEHHO-COBL-R,results/analysis/revision_suite_pairwise.csv,False,
tab_cec2017.tex,tab:cec2017,SHADE,D=50,-0.2401532567049808,-0.240,SEHHO-COBL-R,SHADE,SEHHO-COBL-R,results/analysis/revision_suite_pairwise.csv,False,
tab_cec2017.tex,tab:cec2017,SHADE,D=100,-0.3652107279693486,-0.365,SEHHO-COBL-R,SHADE,SEHHO-COBL-R,results/analysis/revision_suite_pairwise.csv,False,
tab_cec2017.tex,tab:cec2017,DE,D=30,-0.5646743295019158,-0.565,SEHHO-COBL-R,DE,SEHHO-COBL-R,results/analysis/revision_suite_pairwise.csv,False,
tab_cec2017.tex,tab:cec2017,DE,D=50,-0.5603065134099616,-0.560,SEHHO-COBL-R,DE,SEHHO-COBL-R,results/analysis/revision_suite_pairwise.csv,False,
tab_cec2017.tex,tab:cec2017,DE,D=100,-0.671111111111111,-0.671,SEHHO-COBL-R,DE,SEHHO-COBL-R,results/analysis/revision_suite_pairwise.csv,False,
tab_cec2017.tex,tab:cec2017,SEHHO-COBL,D=30,-0.7640229885057469,-0.764,SEHHO-COBL-R,SEHHO-COBL,SEHHO-COBL-R,results/analysis/revision_suite_pairwise.csv,False,
tab_cec2017.tex,tab:cec2017,SEHHO-COBL,D=50,-0.7175478927203066,-0.718,SEHHO-COBL-R,SEHHO-COBL,SEHHO-COBL-R,results/analysis/revision_suite_pairwise.csv,False,
tab_cec2017.tex,tab:cec2017,SEHHO-COBL,D=100,-0.7599233716475096,-0.760,SEHHO-COBL-R,SEHHO-COBL,SEHHO-COBL-R,results/analysis/revision_suite_pairwise.csv,False,
tab_cec2017.tex,tab:cec2017,HHO,D=30,-0.9759386973180078,-0.976,SEHHO-COBL-R,HHO,SEHHO-COBL-R,results/analysis/revision_suite_pairwise.csv,False,
tab_cec2017.tex,tab:cec2017,HHO,D=50,-0.986360153256705,-0.986,SEHHO-COBL-R,HHO,SEHHO-COBL-R,results/analysis/revision_suite_pairwise.csv,False,
tab_cec2017.tex,tab:cec2017,HHO,D=100,-0.9977011494252872,-0.998,SEHHO-COBL-R,HHO,SEHHO-COBL-R,results/analysis/revision_suite_pairwise.csv,False,
tab_cec2017_tight.tex,tab:cec2017_tight,jSO,D=30,-0.6927203065134099,-0.693,SEHHO-COBL-R,jSO,SEHHO-COBL-R,results/analysis/revision_suite_pairwise.csv,False,
tab_cec2017_tight.tex,tab:cec2017_tight,jSO,D=50,-0.7064367816091954,-0.706,SEHHO-COBL-R,jSO,SEHHO-COBL-R,results/analysis/revision_suite_pairwise.csv,False,
tab_cec2017_tight.tex,tab:cec2017_tight,L-SHADE,D=30,-0.8728735632183909,-0.873,SEHHO-COBL-R,L-SHADE,SEHHO-COBL-R,results/analysis/revision_suite_pairwise.csv,False,
tab_cec2017_tight.tex,tab:cec2017_tight,L-SHADE,D=50,-0.9321072796934864,-0.932,SEHHO-COBL-R,L-SHADE,SEHHO-COBL-R,results/analysis/revision_suite_pairwise.csv,False,
tab_cec2017_tight.tex,tab:cec2017_tight,SHADE,D=30,-0.8971647509578545,-0.897,SEHHO-COBL-R,SHADE,SEHHO-COBL-R,results/analysis/revision_suite_pairwise.csv,False,
tab_cec2017_tight.tex,tab:cec2017_tight,SHADE,D=50,-0.762911877394636,-0.763,SEHHO-COBL-R,SHADE,SEHHO-COBL-R,results/analysis/revision_suite_pairwise.csv,False,
tab_cec2017_tight.tex,tab:cec2017_tight,DE,D=30,-0.9960919540229886,-0.996,SEHHO-COBL-R,DE,SEHHO-COBL-R,results/analysis/revision_suite_pairwise.csv,False,
tab_cec2017_tight.tex,tab:cec2017_tight,DE,D=50,-0.999310344827586,-0.999,SEHHO-COBL-R,DE,SEHHO-COBL-R,results/analysis/revision_suite_pairwise.csv,False,
tab_cec2017_tight.tex,tab:cec2017_tight,SEHHO-COBL,D=30,0.0395402298850574,+0.040,SEHHO-COBL-R,SEHHO-COBL,SEHHO-COBL-R,results/analysis/revision_suite_pairwise.csv,False,
tab_cec2017_tight.tex,tab:cec2017_tight,SEHHO-COBL,D=50,0.4986973180076628,+0.499,SEHHO-COBL-R,SEHHO-COBL,SEHHO-COBL-R,results/analysis/revision_suite_pairwise.csv,False,
tab_cec2017_tight.tex,tab:cec2017_tight,HHO,D=30,-0.9737164750957854,-0.974,SEHHO-COBL-R,HHO,SEHHO-COBL-R,results/analysis/revision_suite_pairwise.csv,False,
tab_cec2017_tight.tex,tab:cec2017_tight,HHO,D=50,-0.8905747126436782,-0.891,SEHHO-COBL-R,HHO,SEHHO-COBL-R,results/analysis/revision_suite_pairwise.csv,False,
tab_cec2022_matched.tex,tab:cec2022_matched,jSO,D=10,-0.4375925925925926,-0.438,SEHHO-COBL-R,jSO,SEHHO-COBL-R,results/analysis/revision_suite_pairwise.csv,False,
tab_cec2022_matched.tex,tab:cec2022_matched,jSO,D=20,-0.6170370370370369,-0.617,SEHHO-COBL-R,jSO,SEHHO-COBL-R,results/analysis/revision_suite_pairwise.csv,False,
tab_cec2022_matched.tex,tab:cec2022_matched,L-SHADE,D=10,-0.367962962962963,-0.368,SEHHO-COBL-R,L-SHADE,SEHHO-COBL-R,results/analysis/revision_suite_pairwise.csv,False,
tab_cec2022_matched.tex,tab:cec2022_matched,L-SHADE,D=20,-0.7494444444444445,-0.749,SEHHO-COBL-R,L-SHADE,SEHHO-COBL-R,results/analysis/revision_suite_pairwise.csv,False,
tab_cec2022_matched.tex,tab:cec2022_matched,SHADE,D=10,-0.8294444444444444,-0.829,SEHHO-COBL-R,SHADE,SEHHO-COBL-R,results/analysis/revision_suite_pairwise.csv,False,
tab_cec2022_matched.tex,tab:cec2022_matched,SHADE,D=20,-0.9270370370370372,-0.927,SEHHO-COBL-R,SHADE,SEHHO-COBL-R,results/analysis/revision_suite_pairwise.csv,False,
tab_cec2022_matched.tex,tab:cec2022_matched,DE,D=10,-0.8292592592592593,-0.829,SEHHO-COBL-R,DE,SEHHO-COBL-R,results/analysis/revision_suite_pairwise.csv,False,
tab_cec2022_matched.tex,tab:cec2022_matched,DE,D=20,-0.9835185185185183,-0.984,SEHHO-COBL-R,DE,SEHHO-COBL-R,results/analysis/revision_suite_pairwise.csv,False,
tab_cec2022_matched.tex,tab:cec2022_matched,SEHHO-COBL,D=10,-0.2647222222222222,-0.265,SEHHO-COBL-R,SEHHO-COBL,SEHHO-COBL-R,results/analysis/revision_suite_pairwise.csv,False,
tab_cec2022_matched.tex,tab:cec2022_matched,SEHHO-COBL,D=20,0.0831481481481481,+0.083,SEHHO-COBL-R,SEHHO-COBL,SEHHO-COBL-R,results/analysis/revision_suite_pairwise.csv,False,
tab_cec2022_matched.tex,tab:cec2022_matched,HHO,D=10,-0.9583333333333334,-0.958,SEHHO-COBL-R,HHO,SEHHO-COBL-R,results/analysis/revision_suite_pairwise.csv,False,
tab_cec2022_matched.tex,tab:cec2022_matched,HHO,D=20,-0.9924074074074074,-0.992,SEHHO-COBL-R,HHO,SEHHO-COBL-R,results/analysis/revision_suite_pairwise.csv,False,
tab_cec2022_competition.tex,tab:cec2022_competition,jSO,D=10,0.0637037037037037,+0.064,SEHHO-COBL-R,jSO,SEHHO-COBL-R,results/analysis/revision_suite_pairwise.csv,False,
tab_cec2022_competition.tex,tab:cec2022_competition,jSO,D=20,0.437037037037037,+0.437,SEHHO-COBL-R,jSO,SEHHO-COBL-R,results/analysis/revision_suite_pairwise.csv,False,
tab_cec2022_competition.tex,tab:cec2022_competition,L-SHADE,D=10,0.0661111111111111,+0.066,SEHHO-COBL-R,L-SHADE,SEHHO-COBL-R,results/analysis/revision_suite_pairwise.csv,False,
tab_cec2022_competition.tex,tab:cec2022_competition,L-SHADE,D=20,0.3729629629629629,+0.373,SEHHO-COBL-R,L-SHADE,SEHHO-COBL-R,results/analysis/revision_suite_pairwise.csv,False,
tab_cec2022_competition.tex,tab:cec2022_competition,SHADE,D=10,-0.0567592592592592,-0.057,SEHHO-COBL-R,SHADE,SEHHO-COBL-R,results/analysis/revision_suite_pairwise.csv,False,
tab_cec2022_competition.tex,tab:cec2022_competition,SHADE,D=20,-0.014537037037037,-0.015,SEHHO-COBL-R,SHADE,SEHHO-COBL-R,results/analysis/revision_suite_pairwise.csv,False,
tab_cec2022_competition.tex,tab:cec2022_competition,DE,D=10,-0.0591666666666666,-0.059,SEHHO-COBL-R,DE,SEHHO-COBL-R,results/analysis/revision_suite_pairwise.csv,False,
tab_cec2022_competition.tex,tab:cec2022_competition,DE,D=20,0.107037037037037,+0.107,SEHHO-COBL-R,DE,SEHHO-COBL-R,results/analysis/revision_suite_pairwise.csv,False,
tab_cec2022_competition.tex,tab:cec2022_competition,SEHHO-COBL,D=10,-0.2185185185185185,-0.219,SEHHO-COBL-R,SEHHO-COBL,SEHHO-COBL-R,results/analysis/revision_suite_pairwise.csv,False,
tab_cec2022_competition.tex,tab:cec2022_competition,SEHHO-COBL,D=20,-0.487962962962963,-0.488,SEHHO-COBL-R,SEHHO-COBL,SEHHO-COBL-R,results/analysis/revision_suite_pairwise.csv,False,
tab_cec2022_competition.tex,tab:cec2022_competition,HHO,D=10,-0.9214814814814812,-0.921,SEHHO-COBL-R,HHO,SEHHO-COBL-R,results/analysis/revision_suite_pairwise.csv,False,
tab_cec2022_competition.tex,tab:cec2022_competition,HHO,D=20,-0.9746296296296296,-0.975,SEHHO-COBL-R,HHO,SEHHO-COBL-R,results/analysis/revision_suite_pairwise.csv,False,
tab_supp_popisolation.tex,tab:supp_popisolation,L-SHADE 6D vs 18D,cec2017 D=30 tight,-0.945823754789272,-0.946,L-SHADE at 6D,L-SHADE at 18D,L-SHADE at 6D,results/analysis/revision_pop_isolation.csv (E14),False,
tab_supp_popisolation.tex,tab:supp_popisolation,L-SHADE 6D vs 18D,cec2017 D=50 tight,-0.9655938697318006,-0.966,L-SHADE at 6D,L-SHADE at 18D,L-SHADE at 6D,results/analysis/revision_pop_isolation.csv (E14),False,
tab_supp_popisolation.tex,tab:supp_popisolation,L-SHADE 6D vs 18D,cec2017 D=30 competition,0.4647126436781608,+0.465,L-SHADE at 6D,L-SHADE at 18D,L-SHADE at 6D,results/analysis/revision_pop_isolation.csv (E14),False,
tab_supp_popisolation.tex,tab:supp_popisolation,L-SHADE 6D vs 18D,cec2017 D=50 competition,0.5166283524904215,+0.517,L-SHADE at 6D,L-SHADE at 18D,L-SHADE at 6D,results/analysis/revision_pop_isolation.csv (E14),False,
tab_supp_popisolation.tex,tab:supp_popisolation,L-SHADE 6D vs 18D,cec2014 D=30 tight,-0.8882222222222222,-0.888,L-SHADE at 6D,L-SHADE at 18D,L-SHADE at 6D,results/analysis/revision_pop_isolation.csv (E14),False,
tab_supp_popisolation.tex,tab:supp_popisolation,L-SHADE 6D vs 18D,cec2014 D=50 tight,-0.908962962962963,-0.909,L-SHADE at 6D,L-SHADE at 18D,L-SHADE at 6D,results/analysis/revision_pop_isolation.csv (E14),False,
tab_supp_popisolation.tex,tab:supp_popisolation,L-SHADE 6D vs 18D,cec2014 D=30 competition,0.2687407407407407,+0.269,L-SHADE at 6D,L-SHADE at 18D,L-SHADE at 6D,results/analysis/revision_pop_isolation.csv (E14),False,
tab_supp_popisolation.tex,tab:supp_popisolation,L-SHADE 6D vs 18D,cec2014 D=50 competition,0.2063703703703704,+0.206,L-SHADE at 6D,L-SHADE at 18D,L-SHADE at 6D,results/analysis/revision_pop_isolation.csv (E14),False,
tab_supp_popisolation.tex,tab:supp_popisolation,ours 6D vs ours 18D,cec2017 D=30 tight,-0.9282758620689656,-0.928,SEHHO-COBL-R at 6D,SEHHO-COBL-R at 18D,SEHHO-COBL-R at 6D,results/analysis/revision_pop_isolation.csv (E14),False,
tab_supp_popisolation.tex,tab:supp_popisolation,ours 6D vs ours 18D,cec2017 D=50 tight,-0.9744061302681992,-0.974,SEHHO-COBL-R at 6D,SEHHO-COBL-R at 18D,SEHHO-COBL-R at 6D,results/analysis/revision_pop_isolation.csv (E14),False,
tab_supp_popisolation.tex,tab:supp_popisolation,ours 6D vs ours 18D,cec2017 D=30 competition,0.2588122605363985,+0.259,SEHHO-COBL-R at 6D,SEHHO-COBL-R at 18D,SEHHO-COBL-R at 6D,results/analysis/revision_pop_isolation.csv (E14),False,
tab_supp_popisolation.tex,tab:supp_popisolation,ours 6D vs ours 18D,cec2017 D=50 competition,0.2504980842911877,+0.250,SEHHO-COBL-R at 6D,SEHHO-COBL-R at 18D,SEHHO-COBL-R at 6D,results/analysis/revision_pop_isolation.csv (E14),False,
tab_supp_popisolation.tex,tab:supp_popisolation,ours 6D vs ours 18D,cec2014 D=30 tight,-0.9354814814814816,-0.935,SEHHO-COBL-R at 6D,SEHHO-COBL-R at 18D,SEHHO-COBL-R at 6D,results/analysis/revision_pop_isolation.csv (E14),False,
tab_supp_popisolation.tex,tab:supp_popisolation,ours 6D vs ours 18D,cec2014 D=50 tight,-0.931925925925926,-0.932,SEHHO-COBL-R at 6D,SEHHO-COBL-R at 18D,SEHHO-COBL-R at 6D,results/analysis/revision_pop_isolation.csv (E14),False,
tab_supp_popisolation.tex,tab:supp_popisolation,ours 6D vs ours 18D,cec2014 D=30 competition,0.1974444444444444,+0.197,SEHHO-COBL-R at 6D,SEHHO-COBL-R at 18D,SEHHO-COBL-R at 6D,results/analysis/revision_pop_isolation.csv (E14),False,
tab_supp_popisolation.tex,tab:supp_popisolation,ours 6D vs ours 18D,cec2014 D=50 competition,-0.0534444444444444,-0.053,SEHHO-COBL-R at 6D,SEHHO-COBL-R at 18D,SEHHO-COBL-R at 6D,results/analysis/revision_pop_isolation.csv (E14),False,
tab_supp_popisolation.tex,tab:supp_popisolation,ours vs L-SHADE at 6D,cec2017 D=30 tight,0.0202298850574712,+0.020,SEHHO-COBL-R,L-SHADE at 6D,SEHHO-COBL-R,results/analysis/revision_pop_isolation.csv (E14),False,
tab_supp_popisolation.tex,tab:supp_popisolation,ours vs L-SHADE at 6D,cec2017 D=50 tight,0.0554022988505747,+0.055,SEHHO-COBL-R,L-SHADE at 6D,SEHHO-COBL-R,results/analysis/revision_pop_isolation.csv (E14),False,
tab_supp_popisolation.tex,tab:supp_popisolation,ours vs L-SHADE at 6D,cec2017 D=30 competition,0.2720306513409961,+0.272,SEHHO-COBL-R,L-SHADE at 6D,SEHHO-COBL-R,results/analysis/revision_pop_isolation.csv (E14),False,
tab_supp_popisolation.tex,tab:supp_popisolation,ours vs L-SHADE at 6D,cec2017 D=50 competition,0.3416091954022988,+0.342,SEHHO-COBL-R,L-SHADE at 6D,SEHHO-COBL-R,results/analysis/revision_pop_isolation.csv (E14),False,
tab_supp_popisolation.tex,tab:supp_popisolation,ours vs L-SHADE at 6D,cec2014 D=30 tight,0.184,+0.184,SEHHO-COBL-R,L-SHADE at 6D,SEHHO-COBL-R,results/analysis/revision_pop_isolation.csv (E14),False,
tab_supp_popisolation.tex,tab:supp_popisolation,ours vs L-SHADE at 6D,cec2014 D=50 tight,0.2368888888888888,+0.237,SEHHO-COBL-R,L-SHADE at 6D,SEHHO-COBL-R,results/analysis/revision_pop_isolation.csv (E14),False,
tab_supp_popisolation.tex,tab:supp_popisolation,ours vs L-SHADE at 6D,cec2014 D=30 competition,0.2801851851851851,+0.280,SEHHO-COBL-R,L-SHADE at 6D,SEHHO-COBL-R,results/analysis/revision_pop_isolation.csv (E14),False,
tab_supp_popisolation.tex,tab:supp_popisolation,ours vs L-SHADE at 6D,cec2014 D=50 competition,0.3184074074074075,+0.318,SEHHO-COBL-R,L-SHADE at 6D,SEHHO-COBL-R,results/analysis/revision_pop_isolation.csv (E14),False,
tab_supp_popisolation.tex,tab:supp_popisolation,ours vs L-SHADE default,cec2017 D=30 tight,-0.8715708812260535,-0.872,SEHHO-COBL-R,L-SHADE at 18D,SEHHO-COBL-R,results/analysis/revision_pop_isolation.csv (E14),False,
tab_supp_popisolation.tex,tab:supp_popisolation,ours vs L-SHADE default,cec2017 D=50 tight,-0.9306513409961686,-0.931,SEHHO-COBL-R,L-SHADE at 18D,SEHHO-COBL-R,results/analysis/revision_pop_isolation.csv (E14),False,
tab_supp_popisolation.tex,tab:supp_popisolation,ours vs L-SHADE default,cec2017 D=30 competition,0.5418773946360154,+0.542,SEHHO-COBL-R,L-SHADE at 18D,SEHHO-COBL-R,results/analysis/revision_pop_isolation.csv (E14),False,
tab_supp_popisolation.tex,tab:supp_popisolation,ours vs L-SHADE default,cec2017 D=50 competition,0.7025670498084292,+0.703,SEHHO-COBL-R,L-SHADE at 18D,SEHHO-COBL-R,results/analysis/revision_pop_isolation.csv (E14),False,
tab_supp_popisolation.tex,tab:supp_popisolation,ours vs L-SHADE default,cec2014 D=30 tight,-0.8194074074074075,-0.819,SEHHO-COBL-R,L-SHADE at 18D,SEHHO-COBL-R,results/analysis/revision_pop_isolation.csv (E14),False,
tab_supp_popisolation.tex,tab:supp_popisolation,ours vs L-SHADE default,cec2014 D=50 tight,-0.8402222222222222,-0.840,SEHHO-COBL-R,L-SHADE at 18D,SEHHO-COBL-R,results/analysis/revision_pop_isolation.csv (E14),False,
tab_supp_popisolation.tex,tab:supp_popisolation,ours vs L-SHADE default,cec2014 D=30 competition,0.5158518518518519,+0.516,SEHHO-COBL-R,L-SHADE at 18D,SEHHO-COBL-R,results/analysis/revision_pop_isolation.csv (E14),False,
tab_supp_popisolation.tex,tab:supp_popisolation,ours vs L-SHADE default,cec2014 D=50 competition,0.4196666666666667,+0.420,SEHHO-COBL-R,L-SHADE at 18D,SEHHO-COBL-R,results/analysis/revision_pop_isolation.csv (E14),False,
