file,label,document
tab_gateinference.tex,tab:gateinference,main
tab_popsize.tex,tab:popsize,main
tab_popisolation.tex,tab:popisolation,main
tab_cec2014primary.tex,tab:cec2014primary,main
tab_engineering.tex,tab:engineering,main
tab_e16.tex,tab:e16,main
tab_engbudget.tex,tab:engbudget,main
tab_guide.tex,tab:guide,main
tab_supp_singular.tex,tab:supp_singular,supp
tab_supp_validation.tex,tab:supp_validation,supp
tab_supp_lineage.tex,tab:supp_lineage,supp
tab_supp_precision.tex,tab:supp_precision,supp
tab_ablation.tex,tab:ablation,supp
tab_gatefactorial.tex,tab:gatefactorial,supp
tab_supp_gate_intervals.tex,tab:supp_gate_intervals,supp
tab_supp_ablation_cec2022.tex,tab:supp_ablation_cec2022,supp
tab_poprule.tex,tab:poprule,supp
tab_composition.tex,tab:composition,supp
tab_supp_composition_intervals.tex,tab:supp_composition_intervals,supp
tab_supp_e15.tex,tab:supp_e15,supp
tab_cec2014.tex,tab:cec2014,supp
tab_supp_hho.tex,tab:supp_hho,supp
tab_cec2017.tex,tab:cec2017,supp
tab_cec2017_tight.tex,tab:cec2017_tight,supp
tab_cec2022_matched.tex,tab:cec2022_matched,supp
tab_cec2022_competition.tex,tab:cec2022_competition,supp
tab_supp_popisolation.tex,tab:supp_popisolation,supp
tab_supp_classical_refs.tex,tab:supp_classical_refs,supp
tab_supp_e16.tex,tab:supp_e16,supp
tab_supp_cec2022_matched_D10.tex,tab:supp_cec2022_matched_D10,supp
tab_supp_cec2022_matched_D20.tex,tab:supp_cec2022_matched_D20,supp
tab_supp_cec2022_competition_D10.tex,tab:supp_cec2022_competition_D10,supp
tab_supp_cec2022_competition_D20.tex,tab:supp_cec2022_competition_D20,supp
tab_supp_cec2017_D30.tex,tab:supp_cec2017_D30,supp
tab_supp_cec2017_D50.tex,tab:supp_cec2017_D50,supp
tab_supp_cec2017_D100.tex,tab:supp_cec2017_D100,supp
tab_supp_cec2017_tight_D30.tex,tab:supp_cec2017_tight_D30,supp
tab_supp_cec2017_tight_D50.tex,tab:supp_cec2017_tight_D50,supp
tab_supp_cec2014_competition_D30.tex,tab:supp_cec2014_competition_D30,supp
tab_supp_cec2014_tight_D30.tex,tab:supp_cec2014_tight_D30,supp
tab_supp_cec2014_competition_D50.tex,tab:supp_cec2014_competition_D50,supp
tab_supp_cec2014_tight_D50.tex,tab:supp_cec2014_tight_D50,supp
