mean,n,sd,se,k_family,adj_level,pct_lo,pct_hi,bca_lo,bca_hi,t_lo,t_hi,pct_adj_lo,pct_adj_hi,bca_adj_lo,bca_adj_hi,t_adj_lo,t_adj_hi,quantity,block,p,family,p_holm,p_mean_error,p_holm_mean_error,verdict_pct_0.05,verdict_pct_0.1,verdict_pct_0.147,side_pct,side_pct_adj,verdict_bca_0.05,verdict_bca_0.1,verdict_bca_0.147,side_bca,side_bca_adj,verdict_t_0.05,verdict_t_0.1,verdict_t_0.147,side_t,side_t_adj,verdict_all_0.05,verdict_all_0.1,verdict_all_0.147,side_all,side_all_adj,tie_002
-0.034252873563218385,29,0.21331061158873355,0.03961078615572364,4,0.9875,-0.10988697318007659,0.04482950191570867,-0.10636015325670498,0.04850574712643679,-0.1153918908167269,0.04688614369029014,-0.1307284482758621,0.06620689655172414,-0.12622110987913707,0.07060602989584794,-0.13999304892775605,0.07148730180131926,"gate effect, Levy gated","15,000 FEs",0.36375802063563867,gate effect,0.3742764684804121,0.19762490689754486,0.7904996275901794,inconclusive,inconclusive,negligible,spans,spans,inconclusive,inconclusive,negligible,spans,spans,inconclusive,inconclusive,negligible,spans,spans,inconclusive,inconclusive,negligible,spans,spans,False
-0.049042145593869726,29,0.2381712595293117,0.04422729258234993,4,0.9875,-0.1332567049808429,0.03793103448275863,-0.1309362148431289,0.04086960852192258,-0.1396376475818232,0.04155335639408375,-0.1575493295019158,0.06337164750957852,-0.1519808727707693,0.06678237696701848,-0.16710598949666594,0.06902169830892649,"gate effect, Levy off","15,000 FEs",0.18713823424020604,gate effect,0.3742764684804121,0.8147765882313251,0.8527876250445843,inconclusive,inconclusive,negligible,spans,spans,inconclusive,inconclusive,negligible,spans,spans,inconclusive,inconclusive,negligible,spans,spans,inconclusive,inconclusive,negligible,spans,spans,False
-0.01846743295019157,29,0.1499125005797704,0.02783805249212795,4,0.9875,-0.072183908045977,0.03386973180076629,-0.07393326192416089,0.032769904791333605,-0.07549109848873739,0.03855623258835426,-0.08697413793103456,0.04819971264367832,-0.08850574712643679,0.046666666666666676,-0.09278053900046047,0.055845673100077334,"Levy effect, gate on","15,000 FEs",0.5962295503921259,Levy effect,1.0,0.33573371544480324,0.8527876250445843,inconclusive,negligible,negligible,spans,spans,inconclusive,negligible,negligible,spans,spans,inconclusive,negligible,negligible,spans,spans,inconclusive,negligible,negligible,spans,spans,False
-0.03808429118773947,29,0.22917590583621286,0.042556897336287744,4,0.9875,-0.12061302681992336,0.04436973180076611,-0.12029764143576963,0.044904214559386965,-0.12525814362403834,0.0490895612485594,-0.14337308429118784,0.06804741379310394,-0.14252873563218393,0.0691282402543818,-0.15168904948813638,0.07552046711265743,"Levy effect, gate off","15,000 FEs",0.3694973514840306,Levy effect,1.0,0.2842625416815281,0.8527876250445843,inconclusive,inconclusive,negligible,spans,spans,inconclusive,inconclusive,negligible,spans,spans,inconclusive,inconclusive,negligible,spans,spans,inconclusive,inconclusive,negligible,spans,spans,False
0.014789272030651347,29,0.25085833313309946,0.04658322300568244,4,0.9875,-0.0735632183908046,0.10536590038314163,-0.07325670498084291,0.10597701149425287,-0.08063213466202913,0.11021067872333183,-0.09777777777777778,0.1292734674329507,-0.09770114942528735,0.12950191570881228,-0.1095636794685068,0.13914222352980948,interaction gate x Levy,"15,000 FEs",0.7703399326597966,interaction,1.0,,,inconclusive,inconclusive,negligible,spans,spans,inconclusive,inconclusive,negligible,spans,spans,inconclusive,inconclusive,negligible,spans,spans,inconclusive,inconclusive,negligible,spans,spans,False
-0.16609195402298854,29,0.20288301698105404,0.03767443044867739,4,0.9875,-0.23816091954022983,-0.09206800766283534,-0.23544981316145666,-0.08918928919373645,-0.24326452641712756,-0.08891938162884952,-0.2570117337164751,-0.0714925766283519,-0.25388869077623855,-0.06717821016602057,-0.2666630678287314,-0.06552084021724572,"gate effect, Levy gated","300,000 FEs",0.000244140625,gate effect,0.0009765625,0.0005255788564682007,0.0021023154258728027,nonzero,nonzero,nonzero,below,below,nonzero,nonzero,nonzero,below,below,nonzero,nonzero,nonzero,below,below,nonzero,nonzero,nonzero,below,below,False
-0.142911877394636,29,0.18194602902329576,0.033786529389452605,4,0.9875,-0.2081226053639847,-0.07804501915708821,-0.20937763152682407,-0.07907204271335366,-0.21212044549246567,-0.07370330929680634,-0.22662859195402296,-0.06015301724137923,-0.2277957269416059,-0.06188448040937,-0.23310431963889566,-0.05271943515037636,"gate effect, Levy off","300,000 FEs",0.0005372125827978725,gate effect,0.0016116377483936174,0.05638675391674042,0.16916026175022125,nonzero,nonzero,nonzero,below,below,nonzero,nonzero,nonzero,below,below,nonzero,nonzero,nonzero,below,below,nonzero,nonzero,nonzero,below,below,False
0.00011494252873563196,29,0.18028131672305683,0.033477400075892234,4,0.9875,-0.06329501915708813,0.06440613026819925,-0.06275862068965517,0.06514272875758176,-0.06846040287545871,0.06869028793292997,-0.08176436781609209,0.08249113984674353,-0.08114942528735633,0.08407707672766626,-0.08925228539895662,0.08948217045642788,"Levy effect, gate on","300,000 FEs",0.9818320142291718,Levy effect,1.0,0.479096382856369,0.958192765712738,inconclusive,negligible,negligible,spans,spans,inconclusive,negligible,negligible,spans,spans,inconclusive,negligible,negligible,spans,spans,inconclusive,negligible,negligible,spans,spans,False
0.010574712643678165,29,0.2033939584982433,0.03776930990650054,4,0.9875,-0.06352586206896549,0.08176340996168574,-0.06402298850574713,0.08137931034482758,-0.06679221150947545,0.08794163679683178,-0.08390876436781614,0.10111111111111111,-0.08451993091308668,0.09987720853077164,-0.09024967991470721,0.11139910520206354,"Levy effect, gate off","300,000 FEs",0.6004338687085925,Levy effect,1.0,0.9910601079463959,0.9910601079463959,inconclusive,negligible,negligible,spans,spans,inconclusive,negligible,negligible,spans,spans,inconclusive,negligible,negligible,spans,spans,inconclusive,negligible,negligible,spans,spans,False
-0.023180076628352492,29,0.2624534432784345,0.0487363809053206,4,0.9875,-0.11540325670498082,0.07011685823754775,-0.1143295019157088,0.07149425287356323,-0.12301202734006463,0.07665187408335965,-0.140422174329502,0.09525023946360198,-0.13942546367328082,0.09694206466288675,-0.15328083866073786,0.10692068540403286,interaction gate x Levy,"300,000 FEs",0.7113664001226425,interaction,1.0,,,inconclusive,inconclusive,negligible,spans,spans,inconclusive,inconclusive,negligible,spans,spans,inconclusive,inconclusive,negligible,spans,spans,inconclusive,inconclusive,negligible,spans,spans,False
-0.13183908045977014,29,0.24938040961623031,0.04630877949841761,4,0.9875,-0.22095977011494253,-0.04398371647509586,-0.2224521072796935,-0.045551955177791516,-0.22669831511215,-0.03697984580739026,-0.24827610153256707,-0.02057447318007654,-0.2506368740652654,-0.024069707417898316,-0.2554594106857287,-0.008218750233811564,"interaction gate x budget, Levy gated","300,000 FEs - 15,000 FEs",0.013694099079474165,interaction,0.05477639631789666,,,nonzero,nonzero,nonzero,below,below,nonzero,nonzero,nonzero,below,below,nonzero,nonzero,nonzero,below,below,nonzero,nonzero,nonzero,below,below,False
-0.09386973180076628,29,0.24557164722998873,0.04560151007906844,4,0.9875,-0.183794061302682,-0.0069329501915710535,-0.1850611835131119,-0.007701149425287362,-0.18728019072337793,-0.00045927287815462903,-0.20701221264367822,0.01762500000000016,-0.20831279058116386,0.015096220013533617,-0.21560202092251796,0.027862557320985387,"interaction gate x budget, Levy off","300,000 FEs - 15,000 FEs",0.06605860186757903,interaction,0.1981758056027371,,,nonzero,nonzero,nonzero,below,spans,nonzero,nonzero,nonzero,below,spans,nonzero,nonzero,nonzero,below,spans,nonzero,nonzero,nonzero,below,spans,True
