problem,algo,display,runs,feasible,success,f_star,success_tol1e_2,success_suite_abs1e_8,runs_at_threshold,runs_violation_exactly_1e_8,mean_violation,max_violation_feasible
P1_pressure_vessel,DE,DE,30,30,30,6059.714335099119,30,0,5,0,6.882707737076998e-10,9.133821587958836e-09
P1_pressure_vessel,GF-Method,SEHHO-COBL-R,30,30,11,6059.714335099119,20,11,30,0,9.99999993922529e-09,9.99999993922529e-09
P1_pressure_vessel,HHO,HHO,30,30,0,6059.714335099119,1,0,9,0,2.3981556296348573e-09,9.778887033462524e-09
P1_pressure_vessel,LSHADE,L-SHADE,30,30,21,6059.714335099119,28,21,30,0,9.99999993922529e-09,9.99999993922529e-09
P1_pressure_vessel,SEHHO-COBL,SEHHO-COBL,30,30,10,6059.714335099119,17,10,30,0,9.99999993922529e-09,9.99999993922529e-09
P1_pressure_vessel,SHADE,SHADE,30,30,0,6059.714335099119,28,0,0,0,0.0,0.0
P1_pressure_vessel,jSO,jSO,30,30,30,6059.714335099119,30,30,30,0,9.99999993922529e-09,9.99999993922529e-09
P2_gear_train,DE,DE,30,30,11,2.7008571488865134e-12,11,30,0,0,0.0,0.0
P2_gear_train,GF-Method,SEHHO-COBL-R,30,30,11,2.7008571488865134e-12,11,30,0,0,0.0,0.0
P2_gear_train,HHO,HHO,30,30,2,2.7008571488865134e-12,2,27,0,0,0.0,0.0
P2_gear_train,LSHADE,L-SHADE,30,30,16,2.7008571488865134e-12,16,30,0,0,0.0,0.0
P2_gear_train,SEHHO-COBL,SEHHO-COBL,30,30,11,2.7008571488865134e-12,11,30,0,0,0.0,0.0
P2_gear_train,SHADE,SHADE,30,30,25,2.7008571488865134e-12,25,30,0,0,0.0,0.0
P2_gear_train,jSO,jSO,30,30,25,2.7008571488865134e-12,25,30,0,0,0.0,0.0
P3_heat_exchanger_RC01,DE,DE,30,0,0,189.31162966,0,0,0,0,209.41953303522956,
P3_heat_exchanger_RC01,GF-Method,SEHHO-COBL-R,30,7,0,189.31162966,0,0,6,0,8.05195358207339,9.904801845540953e-09
P3_heat_exchanger_RC01,HHO,HHO,30,0,0,189.31162966,0,0,0,0,988537.4892482345,
P3_heat_exchanger_RC01,LSHADE,L-SHADE,30,0,0,189.31162966,0,0,0,0,84.69815393177166,
P3_heat_exchanger_RC01,SEHHO-COBL,SEHHO-COBL,30,12,0,189.31162966,0,0,0,0,6.367105083592122,0.0
P3_heat_exchanger_RC01,SHADE,SHADE,30,0,0,189.31162966,0,0,0,0,3346.4806013300545,
P3_heat_exchanger_RC01,jSO,jSO,30,0,0,189.31162966,0,0,0,0,1.9616203900999674,
P4_blending_pooling_RC06,DE,DE,30,0,0,1.8638304088,0,0,0,0,51.523479141803506,
P4_blending_pooling_RC06,GF-Method,SEHHO-COBL-R,30,0,0,1.8638304088,0,0,0,0,18.964996529817856,
P4_blending_pooling_RC06,HHO,HHO,30,0,0,1.8638304088,0,0,0,0,110.10466388740059,
P4_blending_pooling_RC06,LSHADE,L-SHADE,30,0,0,1.8638304088,0,0,0,0,27.4767085498165,
P4_blending_pooling_RC06,SEHHO-COBL,SEHHO-COBL,30,0,0,1.8638304088,0,0,0,0,13.761347663226388,
P4_blending_pooling_RC06,SHADE,SHADE,30,0,0,1.8638304088,0,0,0,0,33.81605542136929,
P4_blending_pooling_RC06,jSO,jSO,30,0,0,1.8638304088,0,0,0,0,16.98475051597295,
P5_batch_plant_RC14,DE,DE,30,30,0,53638.942722,26,0,0,0,0.0,0.0
P5_batch_plant_RC14,GF-Method,SEHHO-COBL-R,30,30,9,53638.942722,10,0,30,0,9.154129069581055e-09,9.999965300266922e-09
P5_batch_plant_RC14,HHO,HHO,30,30,0,53638.942722,0,0,20,0,6.660224342406688e-09,9.99999905104687e-09
P5_batch_plant_RC14,LSHADE,L-SHADE,30,30,0,53638.942722,0,0,0,0,0.0,0.0
P5_batch_plant_RC14,SEHHO-COBL,SEHHO-COBL,30,30,2,53638.942722,3,0,11,0,2.5493909205920318e-09,9.971403258646204e-09
P5_batch_plant_RC14,SHADE,SHADE,30,30,0,53638.942722,0,0,0,0,0.0,0.0
P5_batch_plant_RC14,jSO,jSO,30,30,0,53638.942722,0,0,1,0,1.0729745980597727e-10,3.218923794179318e-09
