suite,dim,func,block,sv_max,sv_min,kind,finite
CEC2014,30,1,0,2.0000000000000075,0.999999999999999,max 2,True
CEC2014,30,2,0,2.0000000000000004,0.9999999999997324,max 2,True
CEC2014,30,3,0,2.0000000000000013,0.9999999999999994,max 2,True
CEC2014,30,4,0,2.0,0.9999999999999989,max 2,True
CEC2014,30,5,0,2.000000000000001,0.999999999999998,max 2,True
CEC2014,30,6,0,2.000000000000001,0.9999999999999994,max 2,True
CEC2014,30,7,0,2.0000000000000004,0.9999999999999997,max 2,True
CEC2014,30,8,0,2.0000000000000018,0.9999999999999992,max 2,True
CEC2014,30,9,0,2.0000000000000058,0.9999999999999981,max 2,True
CEC2014,30,10,0,2.000000000000001,0.9999999999999957,max 2,True
CEC2014,30,11,0,2.0000000000000004,0.9999999999999973,max 2,True
CEC2014,30,12,0,2.000000000000001,0.9999999999999994,max 2,True
CEC2014,30,13,0,2.0000000000000027,0.9999999999999988,max 2,True
CEC2014,30,14,0,2.000000000000001,0.9999999999999994,max 2,True
CEC2014,30,15,0,2.0,0.9999999999999984,max 2,True
CEC2014,30,16,0,1.9999999999999998,0.9999999999999977,max 2,True
CEC2014,30,17,0,1.0000000000000209,0.9999999999999788,orthogonal,True
CEC2014,30,18,0,1.0000000000000049,0.9999999999999977,orthogonal,True
CEC2014,30,19,0,2.0,0.9999999999999986,max 2,True
CEC2014,30,20,0,2.0,0.9999999999999983,max 2,True
CEC2014,30,21,0,2.0,0.999999999999999,max 2,True
CEC2014,30,22,0,2.0000000000000018,0.9999999999999989,max 2,True
CEC2014,30,23,0,2.0000000000000084,0.0043273768405503454,max 2,True
CEC2014,30,23,1,2.000000000000003,0.038127167915529066,max 2,True
CEC2014,30,23,2,2.0000000000000004,0.11346606933189152,max 2,True
CEC2014,30,23,3,2.0,0.167822769413207,max 2,True
CEC2014,30,23,4,2.0000000000000013,0.20354009394367295,max 2,True
CEC2014,30,23,5,2.0000000000000044,0.11392978926791854,max 2,True
CEC2014,30,23,6,2.0,0.22861072360379994,max 2,True
CEC2014,30,23,7,1.9999999999999993,0.12172306199199477,max 2,True
CEC2014,30,23,8,1.9999999999999996,0.3662749192589547,max 2,True
CEC2014,30,23,9,1.9999999999999998,0.059486736569887386,max 2,True
CEC2014,30,24,0,1.9999999999999993,0.002522209099118352,max 2,True
CEC2014,30,24,1,2.000000000000002,0.15326252812712873,max 2,True
CEC2014,30,24,2,2.0000000000000004,0.03714817034525158,max 2,True
CEC2014,30,24,3,1.9999999999999996,0.1953800651279937,max 2,True
CEC2014,30,24,4,2.0,0.059288682332355264,max 2,True
CEC2014,30,24,5,2.000000000000001,0.19282440764323633,max 2,True
CEC2014,30,24,6,2.0000000000000013,0.49804014197540847,max 2,True
CEC2014,30,24,7,1.9999999999999998,0.21359631846579616,max 2,True
CEC2014,30,24,8,2.0,0.26121541738539683,max 2,True
CEC2014,30,24,9,1.9999999999999991,0.2327287485327208,max 2,True
CEC2014,30,25,0,2.000000000000025,0.169829794170506,max 2,True
CEC2014,30,25,1,2.0000000000000036,0.011494455403679027,max 2,True
CEC2014,30,25,2,1.9999999999999998,0.306510204183772,max 2,True
CEC2014,30,25,3,2.0000000000000013,0.09241648170730486,max 2,True
CEC2014,30,25,4,1.9999999999999996,0.03689842924753383,max 2,True
CEC2014,30,25,5,1.9999999999999998,0.22785738090445196,max 2,True
CEC2014,30,25,6,2.0000000000000004,0.22364525193831788,max 2,True
CEC2014,30,25,7,2.0000000000000004,0.5320738915590039,max 2,True
CEC2014,30,25,8,1.9999999999999996,0.04540101990747286,max 2,True
CEC2014,30,25,9,2.0,0.25099378063491207,max 2,True
CEC2014,30,26,0,2.0000000000000004,0.5519239331630406,max 2,True
CEC2014,30,26,1,2.0000000000000004,0.29865384769657194,max 2,True
CEC2014,30,26,2,2.000000000000005,0.3649435941965711,max 2,True
CEC2014,30,26,3,2.000000000000001,0.07243908689887646,max 2,True
CEC2014,30,26,4,2.0000000000000115,0.12090104739132274,max 2,True
CEC2014,30,26,5,1.9999999999999998,0.4445278906239641,max 2,True
CEC2014,30,26,6,2.0000000000000004,0.12781843500011272,max 2,True
CEC2014,30,26,7,2.000000000000001,0.23050054840555803,max 2,True
CEC2014,30,26,8,2.0000000000000004,0.2025658537778729,max 2,True
CEC2014,30,26,9,1.9999999999999998,0.29436970447302413,max 2,True
CEC2014,30,27,0,2.000000000000001,0.14390366967293225,max 2,True
CEC2014,30,27,1,2.0,0.19400916914278898,max 2,True
CEC2014,30,27,2,2.0,0.39801256055711176,max 2,True
CEC2014,30,27,3,2.000000000000001,0.39368922563245523,max 2,True
CEC2014,30,27,4,2.0,0.18222971966115226,max 2,True
CEC2014,30,27,5,2.000000000000001,0.15686272752246794,max 2,True
CEC2014,30,27,6,2.0,0.1712588936881982,max 2,True
CEC2014,30,27,7,2.000000000000001,0.26108051019899764,max 2,True
CEC2014,30,27,8,2.000000000000001,0.02302329608667018,max 2,True
CEC2014,30,27,9,1.9999999999999993,0.22448678368660666,max 2,True
CEC2014,30,28,0,2.0000000000000018,0.2332539890898041,max 2,True
CEC2014,30,28,1,1.9999999999999996,0.18891164106397612,max 2,True
CEC2014,30,28,2,2.0000000000000018,0.0867030809047075,max 2,True
CEC2014,30,28,3,2.0,0.06348369545605029,max 2,True
CEC2014,30,28,4,2.0000000000000027,0.2838100603627782,max 2,True
CEC2014,30,28,5,1.9999999999999998,0.14667199236192738,max 2,True
CEC2014,30,28,6,2.0000000000000013,0.09912239311582889,max 2,True
CEC2014,30,28,7,1.9999999999999996,0.41189113259493604,max 2,True
CEC2014,30,28,8,2.0,0.24285427763713563,max 2,True
CEC2014,30,28,9,2.0000000000000004,0.34053521289489946,max 2,True
CEC2014,30,29,0,2.0,0.005582753411095607,max 2,True
CEC2014,30,29,1,1.9999999999999998,0.21608701769002,max 2,True
CEC2014,30,29,2,1.9999999999999998,0.12188208354274642,max 2,True
CEC2014,30,29,3,1.9999999999999984,0.10298149874986523,max 2,True
CEC2014,30,29,4,2.000000000000001,0.14746922250983982,max 2,True
CEC2014,30,29,5,2.0000000000000018,0.25653233330440006,max 2,True
CEC2014,30,29,6,2.0000000000000004,0.040882377326379546,max 2,True
CEC2014,30,29,7,2.000000000000008,0.41368607073019104,max 2,True
CEC2014,30,29,8,2.0,0.14866590711336625,max 2,True
CEC2014,30,29,9,2.0000000000000004,0.4456581703330408,max 2,True
CEC2014,30,30,0,1.9999999999999993,0.17409878872244505,max 2,True
CEC2014,30,30,1,2.0000000000000013,0.22070901492583625,max 2,True
CEC2014,30,30,2,1.9999999999999998,0.004925765401390877,max 2,True
CEC2014,30,30,3,1.9999999999999996,0.32812719016753256,max 2,True
CEC2014,30,30,4,2.0000000000000018,0.22203664286111288,max 2,True
CEC2014,30,30,5,2.000000000000002,0.11461032684685843,max 2,True
CEC2014,30,30,6,2.000000000000008,0.18081000787445736,max 2,True
CEC2014,30,30,7,2.0000000000000027,0.2593661651136003,max 2,True
CEC2014,30,30,8,1.999999999999999,0.14046163390736605,max 2,True
CEC2014,30,30,9,2.0000000000000018,0.12415001549501105,max 2,True
CEC2014,50,1,0,1.9999999999999998,0.9999999999999943,max 2,True
CEC2014,50,2,0,2.000000000000004,0.9999999999999951,max 2,True
CEC2014,50,3,0,2.000000000000031,0.9999999999999982,max 2,True
CEC2014,50,4,0,2.0,0.9999999999999981,max 2,True
CEC2014,50,5,0,2.0,0.9999999999999984,max 2,True
CEC2014,50,6,0,2.0,0.9999999999999936,max 2,True
CEC2014,50,7,0,2.0000000000000027,0.9999999999999989,max 2,True
CEC2014,50,8,0,2.0000000000000018,0.9999999999999962,max 2,True
CEC2014,50,9,0,2.000000000000001,0.999999999999998,max 2,True
CEC2014,50,10,0,2.0000000000000027,0.9999999999999886,max 2,True
CEC2014,50,11,0,2.0000000000000013,0.9999999999999958,max 2,True
CEC2014,50,12,0,2.000000000000001,0.9999999999972289,max 2,True
CEC2014,50,13,0,2.000000000000247,0.9999999999998204,max 2,True
CEC2014,50,14,0,2.0000000000000053,0.999999999999996,max 2,True
CEC2014,50,15,0,2.000000000000001,0.9999999999999999,max 2,True
CEC2014,50,16,0,2.000000000000001,0.9999999999999974,max 2,True
CEC2014,50,17,0,1.0000000000005083,0.9999999999994905,orthogonal,True
CEC2014,50,18,0,1.0000000000000624,0.9999999999999373,orthogonal,True
CEC2014,50,19,0,2.000000000000001,0.9999999999999968,max 2,True
CEC2014,50,20,0,2.0000000000000004,0.999999999999987,max 2,True
CEC2014,50,21,0,1.999999999999993,0.9999999999999964,max 2,True
CEC2014,50,22,0,2.0,0.9999999999999984,max 2,True
CEC2014,50,23,0,2.000000000000001,0.4193637998131848,max 2,True
CEC2014,50,23,1,2.0,0.19542613515402937,max 2,True
CEC2014,50,23,2,2.000000000000001,0.19080977825603448,max 2,True
CEC2014,50,23,3,2.0000000000000004,0.21113520098249652,max 2,True
CEC2014,50,23,4,2.0000000000000004,0.18679572107288556,max 2,True
CEC2014,50,23,5,2.0000000000000004,0.11082298121661201,max 2,True
CEC2014,50,23,6,2.000000000000001,0.4269970005505511,max 2,True
CEC2014,50,23,7,2.0000000000000027,0.06686872641873234,max 2,True
CEC2014,50,23,8,2.0,0.05505991471279304,max 2,True
CEC2014,50,23,9,2.0000000000000013,0.29694348086670536,max 2,True
CEC2014,50,24,0,2.0000000000000018,0.015964886047801507,max 2,True
CEC2014,50,24,1,2.0000000000000004,0.0019890437917322594,max 2,True
CEC2014,50,24,2,2.0000000000000004,0.0211447418771197,max 2,True
CEC2014,50,24,3,2.0000000000000004,0.013183966951263098,max 2,True
CEC2014,50,24,4,2.0000000000000004,0.11970246515536162,max 2,True
CEC2014,50,24,5,2.000000000000001,0.30855459110921085,max 2,True
CEC2014,50,24,6,2.000000000000001,0.052385700221974696,max 2,True
CEC2014,50,24,7,2.000000000000001,0.06369183494340297,max 2,True
CEC2014,50,24,8,2.000000000000001,0.09948526743695948,max 2,True
CEC2014,50,24,9,2.0000000000000018,0.3176159638328949,max 2,True
CEC2014,50,25,0,2.0000000000000004,0.20330532884882097,max 2,True
CEC2014,50,25,1,2.0000000000000004,0.3399483007151259,max 2,True
CEC2014,50,25,2,2.0000000000000004,0.07373032810281444,max 2,True
CEC2014,50,25,3,2.0000000000000004,0.3053199611438335,max 2,True
CEC2014,50,25,4,1.9999999999999991,0.24344402701617415,max 2,True
CEC2014,50,25,5,2.0000000000000027,0.10192662147717345,max 2,True
CEC2014,50,25,6,2.0,0.3883518610587964,max 2,True
CEC2014,50,25,7,2.000000000000001,0.4619568090943189,max 2,True
CEC2014,50,25,8,1.9999999999999996,0.20140276992514786,max 2,True
CEC2014,50,25,9,2.000000000000002,0.3907692499717627,max 2,True
CEC2014,50,26,0,2.0000000000000018,0.20906100026054392,max 2,True
CEC2014,50,26,1,2.000000000000001,0.28583251854702224,max 2,True
CEC2014,50,26,2,2.0,0.03937478303929607,max 2,True
CEC2014,50,26,3,2.000000000000001,0.22468694523405777,max 2,True
CEC2014,50,26,4,1.9999999999999998,0.05623507012057467,max 2,True
CEC2014,50,26,5,2.0000000000000013,0.060806117014793735,max 2,True
CEC2014,50,26,6,2.0000000000000013,0.36957377440111366,max 2,True
CEC2014,50,26,7,2.000000000000001,0.02459366004776214,max 2,True
CEC2014,50,26,8,2.0000000000000004,0.1502542776841371,max 2,True
CEC2014,50,26,9,2.0000000000000013,0.12252711279798112,max 2,True
CEC2014,50,27,0,2.000000000000001,0.11113622242852228,max 2,True
CEC2014,50,27,1,1.9999999999999998,0.04533076359363215,max 2,True
CEC2014,50,27,2,2.0000000000000004,0.19292751874259628,max 2,True
CEC2014,50,27,3,2.000000000000001,0.25293044089957717,max 2,True
CEC2014,50,27,4,2.0,0.044656244019294924,max 2,True
CEC2014,50,27,5,2.000000000000002,0.05279321997741198,max 2,True
CEC2014,50,27,6,2.000000000000003,0.18417692491367244,max 2,True
CEC2014,50,27,7,1.9999999999999993,0.28677040132149406,max 2,True
CEC2014,50,27,8,2.0,0.01401306655460098,max 2,True
CEC2014,50,27,9,2.0000000000000004,0.12073220651700697,max 2,True
CEC2014,50,28,0,2.000000000000028,0.11147392062203287,max 2,True
CEC2014,50,28,1,2.000000000000065,0.49463859880466154,max 2,True
CEC2014,50,28,2,2.0000000000000013,0.3121304743546202,max 2,True
CEC2014,50,28,3,1.9999999999999998,0.08042222615652796,max 2,True
CEC2014,50,28,4,2.000000000000014,0.22500394206585203,max 2,True
CEC2014,50,28,5,2.0000000000000013,0.004366820265014067,max 2,True
CEC2014,50,28,6,2.0000000000000004,0.024758832744807835,max 2,True
CEC2014,50,28,7,2.0000000000000013,0.2240601166430267,max 2,True
CEC2014,50,28,8,2.0000000000000013,0.2190055411726907,max 2,True
CEC2014,50,28,9,1.9999999999999996,0.10440332298445101,max 2,True
CEC2014,50,29,0,2.000000000000001,0.03679684824102923,max 2,True
CEC2014,50,29,1,2.0,0.2234411989971121,max 2,True
CEC2014,50,29,2,2.0000000000000027,0.013761736030699502,max 2,True
CEC2014,50,29,3,2.0000000000000004,0.04776660010592319,max 2,True
CEC2014,50,29,4,1.9999999999999998,0.2872694831439792,max 2,True
CEC2014,50,29,5,2.0000000000000004,0.13470705038713782,max 2,True
CEC2014,50,29,6,2.0000000000000004,0.24075196585815917,max 2,True
CEC2014,50,29,7,2.0000000000000004,0.5271228584579672,max 2,True
CEC2014,50,29,8,2.000000000000001,0.004394465970767946,max 2,True
CEC2014,50,29,9,2.0000000000000018,0.4646090818253067,max 2,True
CEC2014,50,30,0,2.0000000000000004,0.27399868319676457,max 2,True
CEC2014,50,30,1,2.0000000000000067,0.3411453193731004,max 2,True
CEC2014,50,30,2,2.000000000000001,0.31536002617219694,max 2,True
CEC2014,50,30,3,2.0000000000000004,0.11122798641284229,max 2,True
CEC2014,50,30,4,2.0000000000000004,0.25809859192651485,max 2,True
CEC2014,50,30,5,2.000000000000001,0.2813485839451425,max 2,True
CEC2014,50,30,6,2.000000000000025,0.1753071698022163,max 2,True
CEC2014,50,30,7,2.0000000000000084,0.006030441421075854,max 2,True
CEC2014,50,30,8,2.0000000000000004,0.01642476757665743,max 2,True
CEC2014,50,30,9,2.0,0.15459572549434533,max 2,True
CEC2017,30,1,0,2.0000000000000013,0.9999999999999996,max 2,True
CEC2017,30,2,0,2.0000000000000004,0.9999999999999842,max 2,True
CEC2017,30,3,0,2.0,0.9999999999999988,max 2,True
CEC2017,30,4,0,2.0000000000000018,0.9999999999999994,max 2,True
CEC2017,30,5,0,2.000000000000001,0.9999999999999967,max 2,True
CEC2017,30,6,0,2.0000000000000004,0.9999999999999496,max 2,True
CEC2017,30,7,0,2.0,0.9999999999999993,max 2,True
CEC2017,30,8,0,2.0000000000000027,0.9999999999999977,max 2,True
CEC2017,30,9,0,2.000000000000001,0.9999999999999831,max 2,True
CEC2017,30,10,0,2.000000000000002,0.9999999999999954,max 2,True
CEC2017,30,11,0,1.0000000000000036,0.9999999999999932,orthogonal,True
CEC2017,30,12,0,1.0000000000000018,0.9999999999999971,orthogonal,True
CEC2017,30,13,0,2.000000000000007,0.9999999999999992,max 2,True
CEC2017,30,14,0,1.0000000000000124,0.999999999999988,orthogonal,True
CEC2017,30,15,0,1.9999999999999998,0.9999999999999999,max 2,True
CEC2017,30,16,0,2.0000000000001004,0.9999999999999998,max 2,True
CEC2017,30,17,0,1.0000000000000127,0.9999999999999878,orthogonal,True
CEC2017,30,18,0,2.000000000000003,0.9999999999999983,max 2,True
CEC2017,30,19,0,2.0000000000000027,0.9999999999999987,max 2,True
CEC2017,30,20,0,1.0000000000000022,0.999999999999999,orthogonal,True
CEC2017,30,21,0,2.0,0.36441841516147594,max 2,True
CEC2017,30,21,1,2.000000000000001,0.00819840267495724,max 2,True
CEC2017,30,21,2,2.0000000000000004,0.027087381410093356,max 2,True
CEC2017,30,21,3,2.0000000000000018,0.1793369481218839,max 2,True
CEC2017,30,21,4,1.9999999999999998,0.17798916116309035,max 2,True
CEC2017,30,21,5,1.9999999999999993,0.1828316421489054,max 2,True
CEC2017,30,21,6,2.0000000000000004,0.07305801276813305,max 2,True
CEC2017,30,21,7,1.9999999999999996,0.029491609492222372,max 2,True
CEC2017,30,21,8,1.999999999999999,0.06327008340566595,max 2,True
CEC2017,30,21,9,2.0000000000000004,0.01784259023746762,max 2,True
CEC2017,30,22,0,1.9999999999999998,0.23108259117321847,max 2,True
CEC2017,30,22,1,2.0,0.16026743925570558,max 2,True
CEC2017,30,22,2,2.000000000000001,0.28396972722654246,max 2,True
CEC2017,30,22,3,1.9999999999999993,0.38746689304583914,max 2,True
CEC2017,30,22,4,1.9999999999999993,0.004369245195915123,max 2,True
CEC2017,30,22,5,2.0000000000000004,0.028272494630783233,max 2,True
CEC2017,30,22,6,2.0000000000000036,0.00975042865262844,max 2,True
CEC2017,30,22,7,2.000000000000006,0.14045977303468302,max 2,True
CEC2017,30,22,8,2.0000000000000058,0.03311830097778625,max 2,True
CEC2017,30,22,9,1.9999999999999998,0.4546985228776497,max 2,True
CEC2017,30,23,0,1.9999999999999998,0.1810413471195513,max 2,True
CEC2017,30,23,1,2.000000000000001,0.3237105019541232,max 2,True
CEC2017,30,23,2,1.9999999999999993,0.2971048809517218,max 2,True
CEC2017,30,23,3,2.0,0.1890347948305841,max 2,True
CEC2017,30,23,4,2.0000000000000004,0.010694906387705616,max 2,True
CEC2017,30,23,5,2.0,0.012269500274784906,max 2,True
CEC2017,30,23,6,2.000000000000001,0.2547798869557999,max 2,True
CEC2017,30,23,7,1.9999999999999998,0.3712373584302263,max 2,True
CEC2017,30,23,8,2.000000000000001,0.31174042909799693,max 2,True
CEC2017,30,23,9,2.0000000000000013,0.09192244202233722,max 2,True
CEC2017,30,24,0,1.0000000000000029,0.9999999999999948,orthogonal,True
CEC2017,30,24,1,1.0000000000000169,0.9999999999999849,orthogonal,True
CEC2017,30,24,2,1.0000000000004685,0.9999999999995371,orthogonal,True
CEC2017,30,24,3,1.0000000000000056,0.9999999999999966,orthogonal,True
CEC2017,30,24,4,1.0000000000000198,0.9999999999999803,orthogonal,True
CEC2017,30,24,5,1.0000000000000044,0.9999999999999949,orthogonal,True
CEC2017,30,24,6,1.0000000000001512,0.9999999999998499,orthogonal,True
CEC2017,30,24,7,1.0000000000000033,0.9999999999999903,orthogonal,True
CEC2017,30,24,8,1.000000000000322,0.9999999999996831,orthogonal,True
CEC2017,30,24,9,1.0000000000000022,0.9999999999999987,orthogonal,True
CEC2017,30,25,0,2.0000000000000013,0.3284623735273155,max 2,True
CEC2017,30,25,1,2.000000000000001,0.33649393226762636,max 2,True
CEC2017,30,25,2,2.000000000000004,0.2050698177809096,max 2,True
CEC2017,30,25,3,2.0000000000000004,0.44678349560598346,max 2,True
CEC2017,30,25,4,2.0000000000000013,0.04830834403530145,max 2,True
CEC2017,30,25,5,2.0000000000000004,0.38755393012206113,max 2,True
CEC2017,30,25,6,2.0,0.11744739496177249,max 2,True
CEC2017,30,25,7,2.0,0.03859224774348116,max 2,True
CEC2017,30,25,8,2.0000000000000013,0.07342327551663672,max 2,True
CEC2017,30,25,9,2.0000000000000036,0.24960600193394641,max 2,True
CEC2017,30,26,0,2.000000000000001,0.08980847155029499,max 2,True
CEC2017,30,26,1,1.999999999999999,0.3136989110424312,max 2,True
CEC2017,30,26,2,2.000000000000001,0.25648836961101895,max 2,True
CEC2017,30,26,3,2.0,0.07290963508869212,max 2,True
CEC2017,30,26,4,2.0000000000000004,0.11879919075483414,max 2,True
CEC2017,30,26,5,1.9999999999999993,0.200191629645146,max 2,True
CEC2017,30,26,6,1.9999999999999991,0.19293970088705498,max 2,True
CEC2017,30,26,7,2.0,0.1039518866644928,max 2,True
CEC2017,30,26,8,2.000000000000001,0.01879948555466918,max 2,True
CEC2017,30,26,9,2.0000000000000004,0.3202395898284894,max 2,True
CEC2017,30,27,0,2.000000000000001,0.06187093877114249,max 2,True
CEC2017,30,27,1,2.000000000000001,0.1689972468814352,max 2,True
CEC2017,30,27,2,2.0000000000000004,0.11047919988983254,max 2,True
CEC2017,30,27,3,2.0,0.19556742444973346,max 2,True
CEC2017,30,27,4,2.0000000000000004,0.4105688266795596,max 2,True
CEC2017,30,27,5,2.0000000000000004,0.038041154239960615,max 2,True
CEC2017,30,27,6,2.0000000000000004,0.1387493504149235,max 2,True
CEC2017,30,27,7,2.0000000000000373,0.13181642815878356,max 2,True
CEC2017,30,27,8,2.000000000000001,0.13844746230418126,max 2,True
CEC2017,30,27,9,1.9999999999999998,0.19778734665115003,max 2,True
CEC2017,30,28,0,2.000000000000001,0.08941184043240469,max 2,True
CEC2017,30,28,1,2.0,0.5180560842091548,max 2,True
CEC2017,30,28,2,2.0000000000000004,0.09857047098639851,max 2,True
CEC2017,30,28,3,2.000000000000001,0.19789500189030093,max 2,True
CEC2017,30,28,4,1.9999999999999996,0.059371260959019304,max 2,True
CEC2017,30,28,5,2.0000000000000013,0.22913762445108996,max 2,True
CEC2017,30,28,6,2.0,0.005574814372591685,max 2,True
CEC2017,30,28,7,2.000000000000001,0.060491079590793584,max 2,True
CEC2017,30,28,8,2.0000000000000004,0.3710897539687782,max 2,True
CEC2017,30,28,9,2.000000000000001,0.2811252291626064,max 2,True
CEC2017,30,29,0,2.000000000000001,0.12894069043001055,max 2,True
CEC2017,30,29,1,2.0000000000000004,0.041188147902412785,max 2,True
CEC2017,30,29,2,2.000000000000002,0.023457390334615438,max 2,True
CEC2017,30,29,3,2.0,0.2648633485957468,max 2,True
CEC2017,30,29,4,1.9999999999999998,0.13482274612482953,max 2,True
CEC2017,30,29,5,2.000000000000001,0.1260638320711849,max 2,True
CEC2017,30,29,6,2.000000000000001,0.35155865698120997,max 2,True
CEC2017,30,29,7,2.0000000000000004,0.029703382889966712,max 2,True
CEC2017,30,29,8,2.0000000000000013,0.4424478584135541,max 2,True
CEC2017,30,29,9,2.0000000000000004,0.2357819479690668,max 2,True
CEC2017,30,30,0,1.9999999999999996,0.26216424696143764,max 2,True
CEC2017,30,30,1,2.0000000000000067,0.21638760271465513,max 2,True
CEC2017,30,30,2,2.0000000000000004,0.23048684570421793,max 2,True
CEC2017,30,30,3,2.0000000000000004,0.00897233059401359,max 2,True
CEC2017,30,30,4,2.000000000000001,0.10363171931107196,max 2,True
CEC2017,30,30,5,1.9999999999999998,0.04457932653290533,max 2,True
CEC2017,30,30,6,2.0000000000000013,0.102696214602677,max 2,True
CEC2017,30,30,7,1.9999999999999998,0.3432541535520544,max 2,True
CEC2017,30,30,8,2.0000000000000044,0.10524188588172538,max 2,True
CEC2017,30,30,9,2.0,0.06326703953076707,max 2,True
CEC2017,50,1,0,2.000000000000001,0.9999999999999986,max 2,True
CEC2017,50,2,0,2.0000000000000018,0.999999999999999,max 2,True
CEC2017,50,3,0,2.0000000000000004,0.999999999999999,max 2,True
CEC2017,50,4,0,2.000000000000002,0.9999999999999812,max 2,True
CEC2017,50,5,0,2.0000000000000018,0.9999999999999875,max 2,True
CEC2017,50,6,0,2.0000000000000036,0.9999999999999972,max 2,True
CEC2017,50,7,0,2.0000000000000004,0.9999999999999876,max 2,True
CEC2017,50,8,0,2.000000000000001,0.9999999999999981,max 2,True
CEC2017,50,9,0,2.0000000000000018,0.9999999999999978,max 2,True
CEC2017,50,10,0,2.0,0.9999999999999984,max 2,True
CEC2017,50,11,0,1.0000000000000127,0.999999999999989,orthogonal,True
CEC2017,50,12,0,2.0000000000000027,0.9999999999999999,max 2,True
CEC2017,50,13,0,2.0,1.0,max 2,True
CEC2017,50,14,0,1.0000000000000568,0.9999999999999559,orthogonal,True
CEC2017,50,15,0,2.0,0.9999999999999991,max 2,True
CEC2017,50,16,0,1.0000000000000575,0.9999999999999407,orthogonal,True
CEC2017,50,17,0,1.9999999999999998,0.9999999999999994,max 2,True
CEC2017,50,18,0,2.000000000000001,0.9999999999999993,max 2,True
CEC2017,50,19,0,1.00000000000018,0.9999999999998191,orthogonal,True
CEC2017,50,20,0,2.000000000000003,0.9999999999999999,max 2,True
CEC2017,50,21,0,2.0000000000000004,0.13969830416323062,max 2,True
CEC2017,50,21,1,2.000000000000001,0.05292389467739296,max 2,True
CEC2017,50,21,2,2.0000000000000004,0.2663233123822858,max 2,True
CEC2017,50,21,3,2.0000000000000013,0.41702760616348317,max 2,True
CEC2017,50,21,4,1.9999999999999993,0.21082979361474283,max 2,True
CEC2017,50,21,5,2.000000000000003,0.19735692057124354,max 2,True
CEC2017,50,21,6,2.0000000000000013,0.16037306250053449,max 2,True
CEC2017,50,21,7,2.0000000000000018,0.016838952812557165,max 2,True
CEC2017,50,21,8,2.000000000000001,0.26668835154875287,max 2,True
CEC2017,50,21,9,2.00000000000002,0.05885545200608098,max 2,True
CEC2017,50,22,0,2.0000000000000004,0.12491461862229657,max 2,True
CEC2017,50,22,1,2.0000000000000018,0.011888123572311074,max 2,True
CEC2017,50,22,2,2.0000000000000004,0.33391647121226087,max 2,True
CEC2017,50,22,3,2.0,0.006223795141030935,max 2,True
CEC2017,50,22,4,2.0000000000000004,0.10673655236849135,max 2,True
CEC2017,50,22,5,2.0000000000000013,0.19132935830856376,max 2,True
CEC2017,50,22,6,1.9999999999999993,0.07717848261767286,max 2,True
CEC2017,50,22,7,2.0000000000000013,0.031691875354383774,max 2,True
CEC2017,50,22,8,2.0000000000000018,0.15222007546522276,max 2,True
CEC2017,50,22,9,2.000000000000001,0.04281652408966453,max 2,True
CEC2017,50,23,0,2.000000000000001,0.27035726395193116,max 2,True
CEC2017,50,23,1,2.000000000000001,0.12543609478313153,max 2,True
CEC2017,50,23,2,2.0,0.2631458927802431,max 2,True
CEC2017,50,23,3,2.0000000000000004,0.17310619968948274,max 2,True
CEC2017,50,23,4,2.0000000000000013,0.1622312640563116,max 2,True
CEC2017,50,23,5,2.000000000000001,0.03775415634332397,max 2,True
CEC2017,50,23,6,2.000000000000015,0.08532442218109852,max 2,True
CEC2017,50,23,7,2.0000000000000004,0.10394768944909519,max 2,True
CEC2017,50,23,8,2.000000000000001,0.01945376156592695,max 2,True
CEC2017,50,23,9,2.0000000000000004,0.4196254477773926,max 2,True
CEC2017,50,24,0,1.0000000000003064,0.9999999999997103,orthogonal,True
CEC2017,50,24,1,1.0000000000000635,0.9999999999999518,orthogonal,True
CEC2017,50,24,2,1.0000000000002662,0.9999999999997252,orthogonal,True
CEC2017,50,24,3,1.0000000000000477,0.9999999999999614,orthogonal,True
CEC2017,50,24,4,1.0000000000000373,0.9999999999999595,orthogonal,True
CEC2017,50,24,5,1.0000000000002132,0.9999999999997918,orthogonal,True
CEC2017,50,24,6,1.000000000000339,0.9999999999996577,orthogonal,True
CEC2017,50,24,7,1.0000000000000964,0.9999999999998767,orthogonal,True
CEC2017,50,24,8,1.0000000000047307,0.9999999999952759,orthogonal,True
CEC2017,50,24,9,1.0000000000000346,0.9999999999999784,orthogonal,True
CEC2017,50,25,0,2.000000000000001,0.38009484809829364,max 2,True
CEC2017,50,25,1,1.9999999999999993,0.5241795190862327,max 2,True
CEC2017,50,25,2,2.0000000000000044,0.015533683287374565,max 2,True
CEC2017,50,25,3,1.9999999999999996,0.37634411901241155,max 2,True
CEC2017,50,25,4,2.0000000000000004,0.19656131646532637,max 2,True
CEC2017,50,25,5,2.000000000000005,0.03715760936409606,max 2,True
CEC2017,50,25,6,2.000000000000001,0.2608758165020194,max 2,True
CEC2017,50,25,7,2.0,0.38908060231614666,max 2,True
CEC2017,50,25,8,2.0000000000000036,0.3462836965442356,max 2,True
CEC2017,50,25,9,2.0000000000000018,0.009685397088262318,max 2,True
CEC2017,50,26,0,2.0000000000000013,0.1837031020871053,max 2,True
CEC2017,50,26,1,2.000000000000016,0.1149098751295001,max 2,True
CEC2017,50,26,2,2.000000000000001,0.04924484617937631,max 2,True
CEC2017,50,26,3,2.000000000000001,0.11367107029813432,max 2,True
CEC2017,50,26,4,2.0000000000000058,0.024018620961968055,max 2,True
CEC2017,50,26,5,2.0000000000000018,0.2592788941679944,max 2,True
CEC2017,50,26,6,2.0000000000000004,0.04666899825521235,max 2,True
CEC2017,50,26,7,2.000000000000006,0.2760089534482068,max 2,True
CEC2017,50,26,8,2.0000000000000018,0.3124524524351293,max 2,True
CEC2017,50,26,9,2.0000000000000018,0.06873780064895019,max 2,True
CEC2017,50,27,0,2.0000000000000004,0.49526943372794,max 2,True
CEC2017,50,27,1,2.0000000000000013,0.29260943370070025,max 2,True
CEC2017,50,27,2,1.9999999999999998,0.19244762142292868,max 2,True
CEC2017,50,27,3,2.0000000000000004,0.05777391563564946,max 2,True
CEC2017,50,27,4,2.000000000000002,0.2806137018739122,max 2,True
CEC2017,50,27,5,2.000000000000002,0.26574624553631604,max 2,True
CEC2017,50,27,6,2.0,0.11187997571900615,max 2,True
CEC2017,50,27,7,2.0000000000000004,0.12309731593738006,max 2,True
CEC2017,50,27,8,2.000000000000002,0.3242076425437874,max 2,True
CEC2017,50,27,9,2.0000000000000013,0.12776174386332423,max 2,True
CEC2017,50,28,0,2.0000000000000013,0.05306243652707678,max 2,True
CEC2017,50,28,1,2.0,0.4684706775613551,max 2,True
CEC2017,50,28,2,2.0000000000000058,0.3153388348265344,max 2,True
CEC2017,50,28,3,2.0,0.10641233462701262,max 2,True
CEC2017,50,28,4,2.000000000000005,0.3752732229513334,max 2,True
CEC2017,50,28,5,2.000000000000001,0.16745937848777154,max 2,True
CEC2017,50,28,6,2.0000000000000004,0.11692664966071827,max 2,True
CEC2017,50,28,7,2.000000000000001,0.42031851039738566,max 2,True
CEC2017,50,28,8,2.0000000000000004,0.03269230770697939,max 2,True
CEC2017,50,28,9,2.0000000000000013,0.2654110454606736,max 2,True
CEC2017,50,29,0,2.0000000000000036,0.560171542761745,max 2,True
CEC2017,50,29,1,2.0000000000001292,0.418034487829139,max 2,True
CEC2017,50,29,2,2.0000000000000013,0.23826582361443124,max 2,True
CEC2017,50,29,3,2.0000000000000013,0.008920017494098443,max 2,True
CEC2017,50,29,4,1.9999999999999998,0.22916196560459523,max 2,True
CEC2017,50,29,5,2.000000000000001,0.12127480874515473,max 2,True
CEC2017,50,29,6,1.9999999999999991,0.19086105254673663,max 2,True
CEC2017,50,29,7,2.000000000000003,0.18180582548763705,max 2,True
CEC2017,50,29,8,2.000000000000002,0.04371860509880499,max 2,True
CEC2017,50,29,9,1.9999999999999993,0.06080535780558759,max 2,True
CEC2017,50,30,0,2.0000000000000004,0.2530420164721556,max 2,True
CEC2017,50,30,1,2.0000000000000013,0.16754763590286462,max 2,True
CEC2017,50,30,2,2.000000000000002,0.126441499911234,max 2,True
CEC2017,50,30,3,2.000000000000007,0.019995218343795505,max 2,True
CEC2017,50,30,4,2.000000000000001,0.05567613835577585,max 2,True
CEC2017,50,30,5,2.0000000000000013,0.014706948369251497,max 2,True
CEC2017,50,30,6,2.0000000000000018,0.09091613959924975,max 2,True
CEC2017,50,30,7,1.9999999999999998,0.047838182560705045,max 2,True
CEC2017,50,30,8,2.0000000000000004,0.1793184244400212,max 2,True
CEC2017,50,30,9,2.0,0.08068724524461325,max 2,True
CEC2017,100,1,0,2.0000000000000004,0.9999999999999327,max 2,True
CEC2017,100,2,0,2.000000000000001,0.9999999999999946,max 2,True
CEC2017,100,3,0,2.0000000000000013,0.9999999999999926,max 2,True
CEC2017,100,4,0,2.0000000000000004,0.9999999999999813,max 2,True
CEC2017,100,5,0,2.0000000000000018,0.999999999999996,max 2,True
CEC2017,100,6,0,2.0000000000000018,0.9999999999995517,max 2,True
CEC2017,100,7,0,2.000000000000001,0.999999999999991,max 2,True
CEC2017,100,8,0,2.000000000000004,0.9999999999999807,max 2,True
CEC2017,100,9,0,2.000000000000002,0.9999999999999691,max 2,True
CEC2017,100,10,0,2.000000000000001,0.9999999999999928,max 2,True
CEC2017,100,11,0,2.0000000000000018,1.0000000000000002,max 2,True
CEC2017,100,12,0,2.0,0.9999999999999996,max 2,True
CEC2017,100,13,0,1.000000000000218,0.9999999999997521,orthogonal,True
CEC2017,100,14,0,1.00000000000025,0.9999999999997411,orthogonal,True
CEC2017,100,15,0,1.0000000000002378,0.9999999999997593,orthogonal,True
CEC2017,100,16,0,1.0000000000000153,0.9999999999999766,orthogonal,True
CEC2017,100,17,0,2.0000000000000004,0.9999999999999989,max 2,True
CEC2017,100,18,0,1.0000000000000884,0.9999999999999039,orthogonal,True
CEC2017,100,19,0,1.0000000000003135,0.9999999999996875,orthogonal,True
CEC2017,100,20,0,2.000000000000011,0.9999999999999968,max 2,True
CEC2017,100,21,0,2.0000000000000013,0.9999999999999911,max 2,True
CEC2017,100,21,1,2.0000000000000013,0.999999999999996,max 2,True
CEC2017,100,21,2,1.9999999999999991,0.999999999999954,max 2,True
CEC2017,100,21,3,2.0000000000000004,0.9999999999999355,max 2,True
CEC2017,100,21,4,2.000000000000001,0.9999999999999898,max 2,True
CEC2017,100,21,5,2.0,0.9999999999999086,max 2,True
CEC2017,100,21,6,2.0000000000000004,0.9999999999999964,max 2,True
CEC2017,100,21,7,2.000000000000001,0.9999999999999808,max 2,True
CEC2017,100,21,8,2.0000000000000004,0.9999999999999964,max 2,True
CEC2017,100,21,9,2.0000000000000067,0.9999999999999961,max 2,True
CEC2017,100,22,0,2.0000000000000004,0.9999999999999863,max 2,True
CEC2017,100,22,1,2.000000000000001,0.9999999999998117,max 2,True
CEC2017,100,22,2,2.000000000000002,0.9999999999999974,max 2,True
CEC2017,100,22,3,2.0000000000000084,0.9999999999998572,max 2,True
CEC2017,100,22,4,2.0000000000000018,0.9999999999999664,max 2,True
CEC2017,100,22,5,2.0000000000000044,0.9999999999999618,max 2,True
CEC2017,100,22,6,2.000000000000027,0.999999999999955,max 2,True
CEC2017,100,22,7,2.000000000000003,0.9999999999998261,max 2,True
CEC2017,100,22,8,2.0000000000000018,0.9999999999999659,max 2,True
CEC2017,100,22,9,2.0,0.9999999999999685,max 2,True
CEC2017,100,23,0,1.0000000000000004,0.9999999999999997,orthogonal,True
CEC2017,100,23,1,1.0000000000000004,0.9999999999999997,orthogonal,True
CEC2017,100,23,2,1.0000000000000004,0.9999999999999996,orthogonal,True
CEC2017,100,23,3,1.0000000000000004,0.9999999999999997,orthogonal,True
CEC2017,100,23,4,1.0000000000000007,0.9999999999999996,orthogonal,True
CEC2017,100,23,5,1.0000000000000004,0.9999999999999997,orthogonal,True
CEC2017,100,23,6,1.0000000000000007,0.9999999999999996,orthogonal,True
CEC2017,100,23,7,1.0000000000000004,0.9999999999999994,orthogonal,True
CEC2017,100,23,8,1.0000000000000007,0.9999999999999997,orthogonal,True
CEC2017,100,23,9,1.0000000000000007,0.9999999999999996,orthogonal,True
CEC2017,100,24,0,2.0000000000000018,0.9999999999997096,max 2,True
CEC2017,100,24,1,2.000000000000001,0.9999999999999913,max 2,True
CEC2017,100,24,2,2.000000000000001,0.999999999999982,max 2,True
CEC2017,100,24,3,2.0000000000000018,0.9999999999999867,max 2,True
CEC2017,100,24,4,2.0000000000000067,0.9999999999999408,max 2,True
CEC2017,100,24,5,2.0000000000000013,0.9999999999999012,max 2,True
CEC2017,100,24,6,2.0000000000000004,0.9999999999999967,max 2,True
CEC2017,100,24,7,2.0000000000000013,0.9999999999999816,max 2,True
CEC2017,100,24,8,2.0000000000000004,0.9999999999999958,max 2,True
CEC2017,100,24,9,2.0000000000000036,0.9999999999999762,max 2,True
CEC2017,100,25,0,2.0,0.9999999999998758,max 2,True
CEC2017,100,25,1,2.0000000000000027,0.9999999999999709,max 2,True
CEC2017,100,25,2,2.000000000000002,0.999999999997264,max 2,True
CEC2017,100,25,3,2.000000000000004,0.9999999999999558,max 2,True
CEC2017,100,25,4,2.0000000000000284,0.9999999999999608,max 2,True
CEC2017,100,25,5,2.000000000000001,0.9999999999999782,max 2,True
CEC2017,100,25,6,2.0000000000000355,0.9999999999999983,max 2,True
CEC2017,100,25,7,2.0,0.9999999999999736,max 2,True
CEC2017,100,25,8,2.0000000000000013,0.9999999999997988,max 2,True
CEC2017,100,25,9,2.0000000000000013,0.9999999999999956,max 2,True
CEC2017,100,26,0,2.000000000000001,0.99999999999996,max 2,True
CEC2017,100,26,1,2.0000000000000004,0.9999999999999523,max 2,True
CEC2017,100,26,2,2.000000000000002,0.9999999999999739,max 2,True
CEC2017,100,26,3,2.0000000000000004,0.9999999999999987,max 2,True
CEC2017,100,26,4,2.0000000000000018,0.9999999999721157,max 2,True
CEC2017,100,26,5,2.000000000000003,0.9999999999999304,max 2,True
CEC2017,100,26,6,2.000000000000001,0.9999999999999779,max 2,True
CEC2017,100,26,7,2.0,0.9999999999999469,max 2,True
CEC2017,100,26,8,2.0,0.9999999999998456,max 2,True
CEC2017,100,26,9,2.0000000000000004,0.9999999999999661,max 2,True
CEC2017,100,27,0,2.000000000000001,0.9999999999999856,max 2,True
CEC2017,100,27,1,2.0000000000000018,0.9999999999999062,max 2,True
CEC2017,100,27,2,2.0000000000000018,0.9999999999998822,max 2,True
CEC2017,100,27,3,2.000000000000003,0.999999999999997,max 2,True
CEC2017,100,27,4,2.000000000000001,0.9999999999999313,max 2,True
CEC2017,100,27,5,2.0000000000000164,0.9999999999999849,max 2,True
CEC2017,100,27,6,2.00000000000005,0.999999999999913,max 2,True
CEC2017,100,27,7,2.0000000000000004,0.999999999999971,max 2,True
CEC2017,100,27,8,2.0,0.9999999999999938,max 2,True
CEC2017,100,27,9,2.0000000000000018,0.9999999999999629,max 2,True
CEC2017,100,28,0,2.0000000000002394,0.9999999999999937,max 2,True
CEC2017,100,28,1,2.0000000000000004,0.9999999999999939,max 2,True
CEC2017,100,28,2,2.0000000000000018,0.9999999999999382,max 2,True
CEC2017,100,28,3,2.0000000000000004,0.9999999999999284,max 2,True
CEC2017,100,28,4,2.0,0.9999999999999968,max 2,True
CEC2017,100,28,5,2.0000000000000004,0.9999999999996914,max 2,True
CEC2017,100,28,6,2.0000000000000013,0.99999999999966,max 2,True
CEC2017,100,28,7,2.0000000000000986,0.9999999999999192,max 2,True
CEC2017,100,28,8,2.0000000000000018,0.9999999999999245,max 2,True
CEC2017,100,28,9,2.0000000000000004,0.9999999999999963,max 2,True
CEC2017,100,29,0,2.000000000000006,0.999999999999622,max 2,True
CEC2017,100,29,1,2.0000000000000133,0.9999999999987164,max 2,True
CEC2017,100,29,2,2.0,0.9999999999999963,max 2,True
CEC2017,100,29,3,2.0000000000000013,0.9999999999999916,max 2,True
CEC2017,100,29,4,2.000000000000001,0.9999999999998681,max 2,True
CEC2017,100,29,5,2.0000000000000004,0.9999999999999508,max 2,True
CEC2017,100,29,6,2.0000000000000493,0.9999999999999959,max 2,True
CEC2017,100,29,7,2.0000000000000147,0.9999999999999966,max 2,True
CEC2017,100,29,8,2.0000000000000013,0.9999999999999737,max 2,True
CEC2017,100,29,9,2.000000000000001,0.9999999999999902,max 2,True
CEC2017,100,30,0,2.0000000000000013,0.9999999999999958,max 2,True
CEC2017,100,30,1,2.000000000000003,0.9999999999999896,max 2,True
CEC2017,100,30,2,2.0000000000000013,0.9999999999999468,max 2,True
CEC2017,100,30,3,2.0,0.9999999999999921,max 2,True
CEC2017,100,30,4,2.0000000000000013,0.9999999999999828,max 2,True
CEC2017,100,30,5,2.000000000000002,0.9999999999999866,max 2,True
CEC2017,100,30,6,2.000000000000001,0.9999999999999931,max 2,True
CEC2017,100,30,7,2.0000000000000027,0.9999999999999899,max 2,True
CEC2017,100,30,8,2.0000000000000004,0.9999999999998936,max 2,True
CEC2017,100,30,9,2.000000000000001,0.9999999999999825,max 2,True
CEC2022,10,1,0,1.0000000000000002,0.9999999999999998,orthogonal,True
CEC2022,10,2,0,1.0000000000000004,0.9999999999999997,orthogonal,True
CEC2022,10,3,0,1.0000000000000004,0.9999999999999997,orthogonal,True
CEC2022,10,4,0,1.0000000000000122,0.9999999999999866,orthogonal,True
CEC2022,10,5,0,1.0000000000000036,0.9999999999999969,orthogonal,True
CEC2022,10,6,0,1.0000000000000004,0.9999999999999997,orthogonal,True
CEC2022,10,7,0,1.0000000000000002,0.9999999999999998,orthogonal,True
CEC2022,10,8,0,2.0,0.9999999999999997,max 2,True
CEC2022,10,9,0,1.5286160889718765,0.3833953496325636,other,True
CEC2022,10,9,1,1.8825113148681112,0.1745935814732455,other,True
CEC2022,10,9,2,1.9782807792284554,0.4313922108084286,other,True
CEC2022,10,9,3,1.7476591245991482,0.11634622913497698,other,True
CEC2022,10,9,4,1.827706243266181,0.03765285534505622,other,True
CEC2022,10,9,5,1.7416736486995368,0.15587273560594228,other,True
CEC2022,10,9,6,1.3284243825639424,0.5022222345272737,other,True
CEC2022,10,9,7,1.8818265736139896,0.3238325929864533,other,True
CEC2022,10,9,8,1.6235125329470563,0.4888463355857417,other,True
CEC2022,10,9,9,1.6720761347917485,0.12889089214142524,other,True
CEC2022,10,10,0,1.4649042038298223,0.3804046117372295,other,True
CEC2022,10,10,1,1.6785428706794858,0.5969888158330127,other,True
CEC2022,10,10,2,1.6114711090660514,0.27963669760019644,other,True
CEC2022,10,10,3,1.8663669218897363,0.2779005162991276,other,True
CEC2022,10,10,4,1.6958126112770995,0.033449313659077336,other,True
CEC2022,10,10,5,1.8347684245362381,0.5039791940700467,other,True
CEC2022,10,10,6,1.7080330970642181,0.23333255354719318,other,True
CEC2022,10,10,7,1.6427753873596456,0.5461466241927077,other,True
CEC2022,10,10,8,1.8233295906624647,0.3117298420793375,other,True
CEC2022,10,10,9,1.7328694592515241,0.20030781107196904,other,True
CEC2022,10,11,0,1.7809340594755672,0.026125302543992472,other,True
CEC2022,10,11,1,1.5576536321592775,0.35038336730585684,other,True
CEC2022,10,11,2,1.654466239273958,0.7802744334968952,other,True
CEC2022,10,11,3,1.6732327328854206,0.48310099522110944,other,True
CEC2022,10,11,4,1.7093292537700646,0.01320596204295176,other,True
CEC2022,10,11,5,1.2824903216997618,0.6721181346672215,other,True
CEC2022,10,11,6,1.879608143533877,0.63437024305997,other,True
CEC2022,10,11,7,1.2853280761299906,0.18011153596628215,other,True
CEC2022,10,11,8,1.7289718545113515,0.8429637212411805,other,True
CEC2022,10,11,9,1.4358231558397276,0.6991891114135457,other,True
CEC2022,10,12,0,1.6824046475984484,0.046523901264549736,other,True
CEC2022,10,12,1,1.8324246480751694,0.21857326975902555,other,True
CEC2022,10,12,2,1.4034773405147218,0.1519846250683365,other,True
CEC2022,10,12,3,1.9578777513772478,0.06191784629259109,other,True
CEC2022,10,12,4,1.6651888232776788,0.44859421852031983,other,True
CEC2022,10,12,5,1.8073368823983387,0.35817094439252656,other,True
CEC2022,10,12,6,1.8117208010173438,0.22759625822414026,other,True
CEC2022,10,12,7,1.8192871702816726,0.5206034518610445,other,True
CEC2022,10,12,8,1.559920285265899,0.7727185993944753,other,True
CEC2022,10,12,9,1.76647375452968,0.2568410580087833,other,True
CEC2022,20,1,0,1.0000000000000013,0.9999999999999984,orthogonal,True
CEC2022,20,2,0,1.0000000000000342,0.9999999999999665,orthogonal,True
CEC2022,20,3,0,1.0000000000000009,0.9999999999999993,orthogonal,True
CEC2022,20,4,0,1.0000000000000149,0.9999999999999846,orthogonal,True
CEC2022,20,5,0,1.0000000000000133,0.9999999999999881,orthogonal,True
CEC2022,20,6,0,1.0000000000000009,0.9999999999999986,orthogonal,True
CEC2022,20,7,0,1.000000000000001,0.9999999999999994,orthogonal,True
CEC2022,20,8,0,2.0,0.9999999999999994,max 2,True
CEC2022,20,9,0,1.9999999999999996,0.9999999999999959,max 2,True
CEC2022,20,9,1,2.000000000000001,0.999999999999988,max 2,True
CEC2022,20,9,2,1.9999999999999996,0.9999999999999983,max 2,True
CEC2022,20,9,3,2.0,0.9999999999999957,max 2,True
CEC2022,20,9,4,2.0000000000000018,0.999999999999997,max 2,True
CEC2022,20,9,5,2.0,0.9999999999998566,max 2,True
CEC2022,20,9,6,2.0000000000000004,0.999999999999999,max 2,True
CEC2022,20,9,7,1.9999999999999964,0.9999999999999976,max 2,True
CEC2022,20,9,8,1.999999999999999,0.9999999999999984,max 2,True
CEC2022,20,9,9,1.9999999999999998,0.9999999999999982,max 2,True
CEC2022,20,10,0,1.9999999999999993,0.9999999999999997,max 2,True
CEC2022,20,10,1,2.000000000000001,0.9999999999999996,max 2,True
CEC2022,20,10,2,2.0000000000000027,0.999999999999985,max 2,True
CEC2022,20,10,3,2.0000000000000004,0.9999999999999957,max 2,True
CEC2022,20,10,4,2.0,0.9999999999999992,max 2,True
CEC2022,20,10,5,2.0,0.9999999999999987,max 2,True
CEC2022,20,10,6,1.999999999999999,0.9999999999999983,max 2,True
CEC2022,20,10,7,1.9999999999999993,0.9999999999999987,max 2,True
CEC2022,20,10,8,1.9999999999999991,0.9999999999999996,max 2,True
CEC2022,20,10,9,1.9999999999999993,0.9999999999999994,max 2,True
CEC2022,20,11,0,2.0000000000000013,0.9999999999999984,max 2,True
CEC2022,20,11,1,2.0000000000000013,0.9999999999999876,max 2,True
CEC2022,20,11,2,1.9999999999999998,0.9999999999999984,max 2,True
CEC2022,20,11,3,1.9999999999999998,0.9999999999999947,max 2,True
CEC2022,20,11,4,2.000000000000002,0.9999999999999969,max 2,True
CEC2022,20,11,5,1.9999999999999973,0.9999999999999722,max 2,True
CEC2022,20,11,6,1.9999999999999996,0.9999999999999993,max 2,True
CEC2022,20,11,7,2.0,0.9999999999999994,max 2,True
CEC2022,20,11,8,1.9999999999999996,0.9999999999999849,max 2,True
CEC2022,20,11,9,1.9999999999999993,0.9999999999999982,max 2,True
CEC2022,20,12,0,1.9999999999999996,0.9999999999999976,max 2,True
CEC2022,20,12,1,2.0,0.9999999999999938,max 2,True
CEC2022,20,12,2,2.0000000000000004,0.9999999999999991,max 2,True
CEC2022,20,12,3,1.9999999999999996,0.9999999999999979,max 2,True
CEC2022,20,12,4,1.9999999999999996,0.9999999999999983,max 2,True
CEC2022,20,12,5,1.9999999999999998,0.9999999999999971,max 2,True
CEC2022,20,12,6,2.0000000000000004,0.9999999999999678,max 2,True
CEC2022,20,12,7,2.000000000000002,0.9999999999999926,max 2,True
CEC2022,20,12,8,2.0000000000000004,0.9999999999999993,max 2,True
CEC2022,20,12,9,1.999999999999996,0.999999999999968,max 2,True
