mean,n,sd,se,k_family,adj_level,pct_lo,pct_hi,bca_lo,bca_hi,t_lo,t_hi,pct_adj_lo,pct_adj_hi,bca_adj_lo,bca_adj_hi,t_adj_lo,t_adj_hi,table,dim,max_fes,a,b,p,wins,losses
-0.9357854406130268,29,0.17756370526580037,0.03297275229730317,1,0.95,-0.9879693486590038,-0.8632183908045978,-0.9784674329501916,-0.8296551724137932,-1.0,-0.8682438193225854,-0.9879693486590038,-0.8632183908045978,-0.9784674329501916,-0.8296551724137932,-1.0,-0.8682438193225854,cec2017_competition,30,300000,SEHHO-COBL,HHO,1.2833904924653795e-06,29,0
-0.9762452107279693,29,0.08030168743359534,0.014911649004169403,1,0.95,-0.9990038314176245,-0.9426800766283527,-0.9950191570881227,-0.9208317046135172,-1.0,-0.9457000824118847,-0.9990038314176245,-0.9426800766283527,-0.9950191570881227,-0.9208317046135172,-1.0,-0.9457000824118847,cec2017_competition,50,500000,SEHHO-COBL,HHO,5.47773209412146e-07,29,0
-0.9721072796934866,29,0.14850648143730186,0.027576961291983844,1,0.95,-1.0,-0.9166283524904214,-1.0,-0.8614559386973181,-1.0,-0.9156184352339759,-1.0,-0.9166283524904214,-1.0,-0.8614559386973181,-1.0,-0.9156184352339759,cec2017_competition,100,1000000,SEHHO-COBL,HHO,1.691936257009265e-07,29,0
-0.9812260536398467,29,0.07249055453133052,0.013461158038337442,1,0.95,-0.9974712643678162,-0.9522605363984673,-0.9958620689655173,-0.9249632913101277,-1.0,-0.9536521213772818,-0.9974712643678162,-0.9522605363984673,-0.9958620689655173,-0.9249632913101277,-1.0,-0.9536521213772818,cec2017_tight,30,15000,SEHHO-COBL,HHO,8.216738280378073e-07,29,0
-0.9604597701149424,29,0.12962213338765272,0.024070225894651097,1,0.95,-0.9973946360153256,-0.9065900383141762,-0.9944061302681992,-0.8809823270697584,-1.0,-0.9111541474877143,-0.9973946360153256,-0.9065900383141762,-0.9944061302681992,-0.8809823270697584,-1.0,-0.9111541474877143,cec2017_tight,50,15000,SEHHO-COBL,HHO,6.789352728554867e-07,29,0
-0.9338888888888889,12,0.12713938020045298,0.03670197769166685,1,0.95,-0.9962962962962963,-0.8531481481481481,-0.9825925925925926,-0.8190740740740741,-1.0,-0.8531083806435158,-0.9962962962962963,-0.8531481481481481,-0.9825925925925926,-0.8190740740740741,-1.0,-0.8531083806435158,cec2022_matched,10,15000,SEHHO-COBL,HHO,0.00048828125,12,0
-0.9927777777777779,12,0.019583199010929836,0.005653182610277177,1,0.95,-1.0,-0.9800000000000001,-1.0,-0.9705555555555555,-1.0,-0.9803352067452696,-1.0,-0.9800000000000001,-1.0,-0.9705555555555555,-1.0,-0.9803352067452696,cec2022_matched,20,15000,SEHHO-COBL,HHO,0.00048828125,12,0
-0.9292592592592591,12,0.1895184596272056,0.05470926684108519,1,0.95,-0.9957407407407408,-0.8144398148148152,-0.9888888888888889,-0.7098244341870129,-1.0,-0.808844974822537,-0.9957407407407408,-0.8144398148148152,-0.9888888888888889,-0.7098244341870129,-1.0,-0.808844974822537,cec2022_competition,10,200000,SEHHO-COBL,HHO,0.00048828125,12,0
-0.9644444444444443,12,0.07292509571290427,0.021051661820262253,1,0.95,-0.9988888888888888,-0.920185185185185,-0.9948148148148147,-0.9031481481481481,-1.0,-0.9181100491827794,-0.9988888888888888,-0.920185185185185,-0.9948148148148147,-0.9031481481481481,-1.0,-0.9181100491827794,cec2022_competition,20,1000000,SEHHO-COBL,HHO,0.00048828125,12,0
-0.5164444444444445,30,0.785583513026271,0.14342727029621405,1,0.95,-0.7726759259259257,-0.2277759259259261,-0.7499856363672203,-0.18710124333540282,-0.8097861491444408,-0.22310273974444816,-0.7726759259259257,-0.2277759259259261,-0.7499856363672203,-0.18710124333540282,-0.8097861491444408,-0.22310273974444816,cec2014,30,15000,SEHHO-COBL,HHO,0.008162636100552545,24,6
-0.45,30,0.8440206135417783,0.15409637634539408,1,0.95,-0.7337055555555556,-0.14199629629629662,-0.7121207325380385,-0.11412044407559842,-0.7651624766468367,-0.13483752335316335,-0.7337055555555556,-0.14199629629629662,-0.7121207325380385,-0.11412044407559842,-0.7651624766468367,-0.13483752335316335,cec2014,30,300000,SEHHO-COBL,HHO,0.006921193336935267,21,9
-0.46451851851851855,30,0.8473763346213009,0.15470904438937746,1,0.95,-0.7489648148148149,-0.15466296296296328,-0.7265185185185186,-0.12513621378619288,-0.7809340420096975,-0.14810299502733965,-0.7489648148148149,-0.15466296296296328,-0.7265185185185186,-0.12513621378619288,-0.7809340420096975,-0.14810299502733965,cec2014,50,15000,SEHHO-COBL,HHO,0.009706990678377755,22,8
-0.42962962962962964,30,0.862024572150553,0.15738343443019914,1,0.95,-0.7159277777777777,-0.11073888888888907,-0.6949344786657508,-0.0767578512020285,-0.7515148949069216,-0.1077443643523377,-0.7159277777777777,-0.11073888888888907,-0.6949344786657508,-0.0767578512020285,-0.7515148949069216,-0.1077443643523377,cec2014,50,500000,SEHHO-COBL,HHO,0.02819056126248965,22,8
