mean,n,sd,se,k_family,adj_level,pct_lo,pct_hi,bca_lo,bca_hi,t_lo,t_hi,pct_adj_lo,pct_adj_hi,bca_adj_lo,bca_adj_hi,t_adj_lo,t_adj_hi,table,suite,dim,max_fes,budget,opponent,p,wins,losses,ties,p_holm,verdict_pct_0.05,verdict_pct_0.1,verdict_pct_0.147,side_pct,side_pct_adj,verdict_bca_0.05,verdict_bca_0.1,verdict_bca_0.147,side_bca,side_bca_adj,verdict_t_0.05,verdict_t_0.1,verdict_t_0.147,side_t,side_t_adj,verdict_all_0.05,verdict_all_0.1,verdict_all_0.147,side_all,side_all_adj,tie_002
0.7004980842911878,29,0.33031671859920453,0.06133827476581336,6,0.9916666666666667,0.5767049808429119,0.8129501915708811,0.5652174370473185,0.8044444444444444,0.5748523241954966,0.8261438443868789,0.5342854406130264,0.8440360791826309,0.5177204697891828,0.8336847444968771,0.5263628477171332,0.8746333208652424,cec2017_competition,cec2017,30,300000,competition,jSO,7.916025411492822e-06,0,26,3,3.166410164597129e-05,nonzero,nonzero,nonzero,above,above,nonzero,nonzero,nonzero,above,above,nonzero,nonzero,nonzero,above,above,nonzero,nonzero,nonzero,above,above,False
0.5339080459770116,29,0.4447006821558138,0.0825788435604895,6,0.9916666666666667,0.3705335249042146,0.689080459770115,0.3621322516410373,0.683256704980843,0.36475295306651256,0.7030631388875106,0.3126431992337164,0.7364750957854407,0.2996292570661161,0.7272795935471278,0.29947226319180265,0.7683438287622205,cec2017_competition,cec2017,30,300000,competition,LSHADE,5.7119614122070085e-05,2,23,4,0.00017135884236621024,nonzero,nonzero,nonzero,above,above,nonzero,nonzero,nonzero,above,above,nonzero,nonzero,nonzero,above,above,nonzero,nonzero,nonzero,above,above,False
-0.04923371647509579,29,0.3461776800932338,0.06428358137426032,6,0.9916666666666667,-0.17475287356321836,0.07413793103448274,-0.17863915026797475,0.07126436781609194,-0.18091266366230646,0.08244523071211486,-0.22011494252873565,0.11364176245210739,-0.2255116622256984,0.10708395549939174,-0.23173048041527206,0.13326304746508044,cec2017_competition,cec2017,30,300000,competition,SHADE,0.5651319026947021,13,13,3,0.5651319026947021,inconclusive,inconclusive,inconclusive,spans,spans,inconclusive,inconclusive,inconclusive,spans,spans,inconclusive,inconclusive,inconclusive,spans,spans,inconclusive,inconclusive,inconclusive,spans,spans,False
-0.5646743295019158,29,0.5832855142388174,0.10831340082035279,6,0.9916666666666667,-0.7618409961685824,-0.34398467432950197,-0.7443959349622801,-0.3200244300139566,-0.7865442732944574,-0.3428043857093741,-0.8254163473818646,-0.26766283524904216,-0.7987739463601533,-0.22846798911514193,-0.8721687894945325,-0.257179869509299,cec2017_competition,cec2017,30,300000,competition,DE,0.00011198004171792921,21,6,2,0.00022396008343585842,nonzero,nonzero,nonzero,below,below,nonzero,nonzero,nonzero,below,below,nonzero,nonzero,nonzero,below,below,nonzero,nonzero,nonzero,below,below,False
-0.7640229885057469,29,0.3477291428279755,0.06457168077145728,6,0.9916666666666667,-0.8808045977011494,-0.6314166666666667,-0.8655938081859879,-0.6096551724137931,-0.8962920805557227,-0.6317538964557711,-0.9109069284802044,-0.5851714559386973,-0.8946342937663292,-0.5512974701273219,-0.947337647257593,-0.5807083297539009,cec2017_competition,cec2017,30,300000,competition,SEHHO-COBL,5.117706286218528e-06,27,1,1,2.558853143109264e-05,nonzero,nonzero,nonzero,below,below,nonzero,nonzero,nonzero,below,below,nonzero,nonzero,nonzero,below,below,nonzero,nonzero,nonzero,below,below,False
-0.9759386973180078,29,0.06926438616387676,0.012862073612327007,6,0.9916666666666667,-0.9964750957854406,-0.9481206896551725,-0.9937931034482759,-0.9370114942528736,-1.0,-0.949591933872221,-0.9998467432950191,-0.9373180076628352,-0.9963218390804598,-0.9135844753664566,-1.0,-0.9394241354092047,cec2017_competition,cec2017,30,300000,competition,HHO,5.47773209412146e-07,29,0,0,3.2866392564728757e-06,nonzero,nonzero,nonzero,below,below,nonzero,nonzero,nonzero,below,below,nonzero,nonzero,nonzero,below,below,nonzero,nonzero,nonzero,below,below,False
0.780919540229885,29,0.3312063180696201,0.06150346924031431,6,0.9916666666666667,0.6577001915708812,0.8913036398467432,0.6345318323018768,0.8786611592629893,0.6549353945928409,0.906903685866929,0.6077389846743294,0.9212774584929757,0.5696651193034524,0.906553262126412,0.6063153276533625,0.9555237528064074,cec2017_competition,cec2017,50,500000,competition,jSO,4.46484394865531e-06,0,27,2,2.2324219743276552e-05,nonzero,nonzero,nonzero,above,above,nonzero,nonzero,nonzero,above,above,nonzero,nonzero,nonzero,above,above,nonzero,nonzero,nonzero,above,above,False
0.6896934865900384,29,0.3958930360491525,0.07351549121108716,6,0.9916666666666667,0.5399233716475096,0.8214597701149423,0.5146360153256705,0.8069348659003832,0.5391038293606618,0.8402831438194149,0.4863344508301405,0.8578801085568328,0.44915843427854546,0.8393869731800766,0.4809879515423615,0.8983990216377152,cec2017_competition,cec2017,50,500000,competition,LSHADE,9.428623777605554e-06,1,26,2,3.7714495110422216e-05,nonzero,nonzero,nonzero,above,above,nonzero,nonzero,nonzero,above,above,nonzero,nonzero,nonzero,above,above,nonzero,nonzero,nonzero,above,above,False
-0.24015325670498086,29,0.4685800461224914,0.0870131301277346,6,0.9916666666666667,-0.40544061302681994,-0.06926532567049867,-0.3995785440613027,-0.06348032779377841,-0.41839157388859144,-0.06191493952137028,-0.4627091315453386,-0.00965325670498073,-0.4534389909400138,-0.001954434950313682,-0.48717768081361257,0.006871167403650819,cec2017_competition,cec2017,50,500000,competition,SHADE,0.016822075144767898,17,10,2,0.016822075144767898,nonzero,nonzero,nonzero,below,below,nonzero,nonzero,nonzero,below,below,nonzero,nonzero,nonzero,below,spans,nonzero,nonzero,nonzero,below,spans,False
-0.5603065134099616,29,0.6782378672959737,0.12594561013200825,6,0.9916666666666667,-0.7845210727969347,-0.2991570881226054,-0.763065134099617,-0.2658518696242753,-0.8182944006821269,-0.3023186261377963,-0.84932343550447,-0.20758429118773936,-0.8184125373628208,-0.1465684437163616,-0.9178576297322676,-0.2027553970876556,cec2017_competition,cec2017,50,500000,competition,DE,0.00032380970909340307,23,6,0,0.0006476194181868061,nonzero,nonzero,nonzero,below,below,nonzero,nonzero,nonzero,below,below,nonzero,nonzero,nonzero,below,below,nonzero,nonzero,nonzero,below,below,False
-0.7175478927203066,29,0.4675548406761638,0.08682275425567786,6,0.9916666666666667,-0.8680498084291188,-0.5380019157088127,-0.8478927203065134,-0.48898278710736104,-0.8953962426079707,-0.5396995428326425,-0.9068984674329504,-0.4648528097062579,-0.8798714244362839,-0.3973580169668828,-0.9640318525324585,-0.47106393290815474,cec2017_competition,cec2017,50,500000,competition,SEHHO-COBL,9.78712433010901e-06,27,2,0,3.7714495110422216e-05,nonzero,nonzero,nonzero,below,below,nonzero,nonzero,nonzero,below,below,nonzero,nonzero,nonzero,below,below,nonzero,nonzero,nonzero,below,below,False
-0.986360153256705,29,0.06256065596487312,0.011617222165975312,6,0.9916666666666667,-1.0,-0.9612260536398468,-1.0,-0.9403831417624521,-1.0,-0.9625633524040992,-1.0,-0.9497318007662835,-1.0,-0.919678496002569,-1.0,-0.9533796408779487,cec2017_competition,cec2017,50,500000,competition,HHO,1.691936257009265e-07,29,0,0,1.015161754205559e-06,nonzero,nonzero,nonzero,below,below,nonzero,nonzero,nonzero,below,below,nonzero,nonzero,nonzero,below,below,nonzero,nonzero,nonzero,below,below,False
0.7137931034482757,29,0.43804374295769793,0.0813426809848713,6,0.9916666666666667,0.540764367816092,0.8531800766283525,0.4882423167006062,0.8294252873563217,0.5471701747860931,0.8804160321104584,0.47698339719029353,0.8867180715197956,0.40108313434542786,0.8586973180076629,0.48286670307349683,0.9447195038230547,cec2017_competition,cec2017,100,1000000,competition,jSO,2.1155666618690258e-05,1,27,1,8.462266647476103e-05,nonzero,nonzero,nonzero,above,above,nonzero,nonzero,nonzero,above,above,nonzero,nonzero,nonzero,above,above,nonzero,nonzero,nonzero,above,above,False
0.5476628352490421,29,0.4951498753052235,0.09194702354312854,6,0.9916666666666667,0.36229693486590037,0.7150191570881227,0.33791531817238196,0.698319791488382,0.3593178955564821,0.7360077749416022,0.29440325670498063,0.7624530651340997,0.26222886657541705,0.7417424789028111,0.2866314195776212,0.8086942509204631,cec2017_competition,cec2017,100,1000000,competition,LSHADE,9.229976284152192e-05,4,24,1,0.00018459952568304383,nonzero,nonzero,nonzero,above,above,nonzero,nonzero,nonzero,above,above,nonzero,nonzero,nonzero,above,above,nonzero,nonzero,nonzero,above,above,False
-0.3652107279693486,29,0.6288160471197982,0.11676820852106791,6,0.9916666666666667,-0.5838371647509577,-0.13624329501915725,-0.5697454813582551,-0.11905451111685143,-0.6043995602385406,-0.12602189570015668,-0.6479955300127714,-0.051414750957854236,-0.6293486590038313,-0.030254707479222986,-0.6967078183713347,-0.03371363756736251,cec2017_competition,cec2017,100,1000000,competition,SHADE,0.006496158538687469,20,8,1,0.006496158538687469,nonzero,nonzero,nonzero,below,below,nonzero,nonzero,nonzero,below,below,nonzero,nonzero,nonzero,below,below,nonzero,nonzero,nonzero,below,below,False
-0.671111111111111,29,0.5596140645432064,0.10391772296398524,6,0.9916666666666667,-0.8533333333333334,-0.4547107279693488,-0.8314176245210729,-0.4069731800766284,-0.8839769169896381,-0.45824530523258383,-0.9053639846743295,-0.37131385696040864,-0.872183908045977,-0.2889642433871453,-0.966126537313744,-0.37609568490847806,cec2017_competition,cec2017,100,1000000,competition,DE,3.278710549855582e-05,24,5,0,9.836131649566744e-05,nonzero,nonzero,nonzero,below,below,nonzero,nonzero,nonzero,below,below,nonzero,nonzero,nonzero,below,below,nonzero,nonzero,nonzero,below,below,False
-0.7599233716475096,29,0.4550048869860315,0.08449228636108239,6,0.9916666666666667,-0.9035268199233716,-0.5832126436781613,-0.8825287356321838,-0.534690956357266,-0.9329979744561597,-0.5868487688388594,-0.9370376756066412,-0.513485632183908,-0.9100580985088446,-0.4335801949796222,-0.9997912898493779,-0.5200554534456412,cec2017_competition,cec2017,100,1000000,competition,SEHHO-COBL,5.861708922265355e-06,27,2,0,2.9308544611326778e-05,nonzero,nonzero,nonzero,below,below,nonzero,nonzero,nonzero,below,below,nonzero,nonzero,nonzero,below,below,nonzero,nonzero,nonzero,below,below,False
-0.9977011494252873,29,0.012379689211803458,0.0022988505747126436,6,0.9916666666666667,-1.0,-0.993103448275862,-1.0,-0.9885057471264368,-1.0,-0.9929921674901259,-1.0,-0.9908045977011495,-1.0,-0.9816225702193769,-1.0,-0.9911748672596353,cec2017_competition,cec2017,100,1000000,competition,HHO,1.1372725656979623e-07,29,0,0,6.823635394187773e-07,nonzero,nonzero,nonzero,below,below,nonzero,nonzero,nonzero,below,below,nonzero,nonzero,nonzero,below,below,nonzero,nonzero,nonzero,below,below,False
-0.6927203065134099,29,0.42198192683939845,0.07836007660904605,6,0.9916666666666667,-0.8333352490421456,-0.5327950191570882,-0.8163218390804599,-0.5059915370048741,-0.8532336470710024,-0.5322069659558174,-0.8716222860791827,-0.47128863346104716,-0.8505747126436782,-0.4304686685732887,-0.9151792936690513,-0.4702613193577685,cec2017_tight,cec2017,30,15000,tight,jSO,8.00127503154779e-06,26,3,0,1.600255006309558e-05,nonzero,nonzero,nonzero,below,below,nonzero,nonzero,nonzero,below,below,nonzero,nonzero,nonzero,below,below,nonzero,nonzero,nonzero,below,below,False
-0.8728735632183909,29,0.22049517730219295,0.040944926515539735,6,0.9916666666666667,-0.9437547892720307,-0.7872011494252874,-0.9344827586206896,-0.7691187739463603,-0.956745443113104,-0.7890016833236778,-0.9622222222222223,-0.7551976372924649,-0.9491982410079516,-0.7218673698614719,-0.9891134557245402,-0.7566336707122416,cec2017_tight,cec2017,30,15000,tight,LSHADE,1.9954413869136605e-06,29,0,0,5.986324160740981e-06,nonzero,nonzero,nonzero,below,below,nonzero,nonzero,nonzero,below,below,nonzero,nonzero,nonzero,below,below,nonzero,nonzero,nonzero,below,below,False
-0.8971647509578545,29,0.21289132164806449,0.03953292596839686,6,0.9916666666666667,-0.9675114942528737,-0.8142509578544063,-0.9582375478927204,-0.8003098880304282,-0.9781442788475814,-0.8161852230681277,-0.9829380587484037,-0.7822474457215837,-0.9740996168582376,-0.7542247965740633,-1.0,-0.7849334330367939,cec2017_tight,cec2017,30,15000,tight,SHADE,9.71956326689035e-07,29,0,0,3.88782530675614e-06,nonzero,nonzero,nonzero,below,below,nonzero,nonzero,nonzero,below,below,nonzero,nonzero,nonzero,below,below,nonzero,nonzero,nonzero,below,below,False
-0.9960919540229886,29,0.01793241448850603,0.003329965772774192,6,0.9916666666666667,-1.0,-0.9888888888888888,-1.0,-0.9819071908809723,-1.0,-0.9892708283521042,-1.0,-0.9855938697318007,-1.0,-0.9769348659003831,-1.0,-0.9866384051607254,cec2017_tight,cec2017,30,15000,tight,DE,1.691936257009265e-07,29,0,0,1.015161754205559e-06,nonzero,nonzero,nonzero,below,below,nonzero,nonzero,nonzero,below,below,nonzero,nonzero,nonzero,below,below,nonzero,nonzero,nonzero,below,below,False
0.03954022988505748,29,0.4650999321078025,0.08636688917888224,6,0.9916666666666667,-0.1308045977011494,0.20229885057471264,-0.13548318471411216,0.1974267825417518,-0.13737432272360342,0.21645478249371838,-0.18649010217113685,0.26168678160919545,-0.19748032061466597,0.25526335243595333,-0.20564955963461823,0.2847300194047332,cec2017_tight,cec2017,30,15000,tight,SEHHO-COBL,0.5691498285755567,13,15,1,0.5691498285755567,inconclusive,inconclusive,inconclusive,spans,spans,inconclusive,inconclusive,inconclusive,spans,spans,inconclusive,inconclusive,inconclusive,spans,spans,inconclusive,inconclusive,inconclusive,spans,spans,False
-0.9737164750957854,29,0.10186457269087527,0.018915776274092966,6,0.9916666666666667,-0.998544061302682,-0.931264367816092,-0.9955555555555555,-0.8937386709932322,-1.0,-0.9349692638833323,-0.9996168582375479,-0.9125670498084291,-0.9977011494252873,-0.8637655018628018,-1.0,-0.9200158584898076,cec2017_tight,cec2017,30,15000,tight,HHO,5.482458173869325e-07,29,0,0,2.7412290869346623e-06,nonzero,nonzero,nonzero,below,below,nonzero,nonzero,nonzero,below,below,nonzero,nonzero,nonzero,below,below,nonzero,nonzero,nonzero,below,below,False
-0.7064367816091954,29,0.4114851772367607,0.0764108791418244,6,0.9916666666666667,-0.8411494252873563,-0.5486551724137935,-0.828199233716475,-0.5261302681992338,-0.8629573721541619,-0.549916191064229,-0.8808700510855685,-0.49067656449553,-0.8607662835249044,-0.44977950871258565,-0.9233621282544036,-0.4895114349639873,cec2017_tight,cec2017,50,15000,tight,jSO,7.22744259024312e-06,26,3,0,2.168232777072936e-05,nonzero,nonzero,nonzero,below,below,nonzero,nonzero,nonzero,below,below,nonzero,nonzero,nonzero,below,below,nonzero,nonzero,nonzero,below,below,False
-0.9321072796934865,29,0.14261551054226124,0.026483035459438108,6,0.9916666666666667,-0.9770114942528735,-0.8757088122605364,-0.9698850574712643,-0.8591570881226054,-0.9863553186650162,-0.8778592407219568,-0.9873563218390804,-0.8536127075351213,-0.9787798104559858,-0.8263317382589843,-1.0,-0.8569237232185887,cec2017_tight,cec2017,50,15000,tight,LSHADE,1.2833904924653795e-06,29,0,0,5.133561969861518e-06,nonzero,nonzero,nonzero,below,below,nonzero,nonzero,nonzero,below,below,nonzero,nonzero,nonzero,below,below,nonzero,nonzero,nonzero,below,below,False
-0.762911877394636,29,0.42887083745557986,0.07963931519558935,6,0.9916666666666667,-0.9032183908045978,-0.5994616858237549,-0.8879779345601126,-0.5657612136238297,-0.9260456194089638,-0.5997781353803081,-0.9411494252873563,-0.5329240102171137,-0.9209305805702525,-0.48869632334656476,-0.9890025368585198,-0.5368212179307521,cec2017_tight,cec2017,50,15000,tight,SHADE,7.671636352979435e-06,25,4,0,2.168232777072936e-05,nonzero,nonzero,nonzero,below,below,nonzero,nonzero,nonzero,below,below,nonzero,nonzero,nonzero,below,below,nonzero,nonzero,nonzero,below,below,False
-0.9993103448275861,29,0.0027283506187932493,0.0005066419908223811,6,0.9916666666666667,-1.0,-0.9981609195402299,-1.0,-0.9972413793103448,-1.0,-0.9982725357552521,-1.0,-0.9977011494252873,-1.0,-0.9965737090584349,-1.0,-0.9978720222913386,cec2017_tight,cec2017,50,15000,tight,DE,1.691936257009265e-07,29,0,0,1.015161754205559e-06,nonzero,nonzero,nonzero,below,below,nonzero,nonzero,nonzero,below,below,nonzero,nonzero,nonzero,below,below,nonzero,nonzero,nonzero,below,below,False
0.49869731800766287,29,0.5061440904493332,0.09398859804230525,6,0.9916666666666667,0.3075095785440613,0.6685842911877393,0.2797860765675772,0.6518242437254171,0.30617040253048217,0.6912242334848435,0.23361366538952744,0.7135379948914431,0.19176417838933052,0.6914176245210727,0.23187000964517734,0.7655246263701484,cec2017_tight,cec2017,50,15000,tight,SEHHO-COBL,0.0002566849672607173,4,25,0,0.0002566849672607173,nonzero,nonzero,nonzero,above,above,nonzero,nonzero,nonzero,above,above,nonzero,nonzero,nonzero,above,above,nonzero,nonzero,nonzero,above,above,False
-0.8905747126436782,29,0.27988133991874814,0.051972660065658344,6,0.9916666666666667,-0.9788505747126437,-0.7813007662835251,-0.965287356321839,-0.7472105841533607,-0.9970358807002693,-0.784113544587087,-0.9964750957854406,-0.7367302043422734,-0.980919540229885,-0.6686600129208792,-1.0,-0.743027826291399,cec2017_tight,cec2017,50,15000,tight,HHO,6.177564957652e-07,28,1,0,3.088782478826e-06,nonzero,nonzero,nonzero,below,below,nonzero,nonzero,nonzero,below,below,nonzero,nonzero,nonzero,below,below,nonzero,nonzero,nonzero,below,below,False
-0.4375925925925926,12,0.48572849781305727,0.1402177394827206,6,0.9916666666666667,-0.6975972222222222,-0.16777314814814856,-0.6844444444444444,-0.15462962962962964,-0.746209756375656,-0.1289754288095291,-0.7759259259259258,-0.08104783950617274,-0.7618518518518518,-0.06102444277736274,-0.8874282541334573,0.01224306894827204,cec2022_matched,cec2022,10,15000,tight,jSO,0.013671875,9,2,1,0.041015625,nonzero,nonzero,nonzero,below,below,nonzero,nonzero,nonzero,below,below,nonzero,nonzero,nonzero,below,spans,nonzero,nonzero,nonzero,below,spans,False
-0.367962962962963,12,0.4578517723206215,0.13217042199912904,6,0.9916666666666667,-0.6187037037037038,-0.12500000000000003,-0.623052586469476,-0.12916309736139267,-0.6588681003860954,-0.07705782553983048,-0.6987669753086421,-0.04925694444444432,-0.7062478858094006,-0.05550238701063521,-0.7919818455626233,0.056055919636697316,cec2022_matched,cec2022,10,15000,tight,LSHADE,0.0263671875,10,2,0,0.041015625,nonzero,nonzero,nonzero,below,below,nonzero,nonzero,nonzero,below,below,nonzero,nonzero,nonzero,below,spans,nonzero,nonzero,nonzero,below,spans,False
-0.8294444444444444,12,0.3648594889667986,0.10532586208568524,6,0.9916666666666667,-0.9757407407407408,-0.6118518518518519,-0.9525925925925925,-0.42277777777777775,-1.0,-0.5976237850199926,-0.9961111111111111,-0.5088256172839505,-0.967962962962963,-0.2954573801366818,-1.0,-0.4915461940271727,cec2022_matched,cec2022,10,15000,tight,SHADE,0.0009765625,11,1,0,0.00390625,nonzero,nonzero,nonzero,below,below,nonzero,nonzero,nonzero,below,below,nonzero,nonzero,nonzero,below,below,nonzero,nonzero,nonzero,below,below,False
-0.8292592592592593,12,0.33421947308848576,0.09648085137802608,6,0.9916666666666667,-0.985925925925926,-0.6240740740740741,-0.966111111111111,-0.5460980050287738,-1.0,-0.6169063371432169,-1.0,-0.5429629629629629,-0.985925925925926,-0.41332923453015674,-1.0,-0.51973688523034,cec2022_matched,cec2022,10,15000,tight,DE,0.00048828125,12,0,0,0.0029296875,nonzero,nonzero,nonzero,below,below,nonzero,nonzero,nonzero,below,below,nonzero,nonzero,nonzero,below,below,nonzero,nonzero,nonzero,below,below,False
-0.2647222222222222,12,0.3028091912163053,0.08741348403091337,6,0.9916666666666667,-0.4316689814814815,-0.1001851851851852,-0.4361810385526686,-0.10388888888888888,-0.45711800336617,-0.0723264410782744,-0.49327237654320993,-0.04672183641975271,-0.49999999999999994,-0.05501359907338762,-0.5451553725618299,0.015710928117385448,cec2022_matched,cec2022,10,15000,tight,SEHHO-COBL,0.013671875,9,1,2,0.041015625,nonzero,nonzero,nonzero,below,below,nonzero,nonzero,nonzero,below,below,nonzero,nonzero,nonzero,below,spans,nonzero,nonzero,nonzero,below,spans,False
-0.9583333333333334,12,0.14224471097451905,0.04106251108596955,6,0.9916666666666667,-1.0,-0.8759259259259259,-0.9996296296296295,-0.794074074074074,-1.0,-0.867955355797016,-1.0,-0.8348148148148148,-0.9998148148148148,-0.7529629629629628,-1.0,-0.8265997744624711,cec2022_matched,cec2022,10,15000,tight,HHO,0.00048828125,12,0,0,0.0029296875,nonzero,nonzero,nonzero,below,below,nonzero,nonzero,nonzero,below,below,nonzero,nonzero,nonzero,below,below,nonzero,nonzero,nonzero,below,below,False
-0.6170370370370369,12,0.44532169316158327,0.12855329971141002,6,0.9916666666666667,-0.8451851851851853,-0.3644444444444445,-0.8244215596905666,-0.3307407407407407,-0.8999809419826632,-0.3340931320914107,-0.9072878086419757,-0.27400617283950585,-0.8827907221664791,-0.2280571537003885,-1.0,-0.2046223252304082,cec2022_matched,cec2022,20,15000,tight,jSO,0.00341796875,11,1,0,0.0068359375,nonzero,nonzero,nonzero,below,below,nonzero,nonzero,nonzero,below,below,nonzero,nonzero,nonzero,below,below,nonzero,nonzero,nonzero,below,below,False
-0.7494444444444445,12,0.36255128512175255,0.10465954103004431,6,0.9916666666666667,-0.9288888888888889,-0.5405555555555556,-0.9057407407407408,-0.49627369065874116,-0.979798541113574,-0.5190903477753149,-0.9716666666666668,-0.47006095679012344,-0.9520370370370369,-0.4090177672361475,-1.0,-0.4136838334868346,cec2022_matched,cec2022,20,15000,tight,LSHADE,0.00048828125,12,0,0,0.0029296875,nonzero,nonzero,nonzero,below,below,nonzero,nonzero,nonzero,below,below,nonzero,nonzero,nonzero,below,below,nonzero,nonzero,nonzero,below,below,False
-0.9270370370370372,12,0.17870926004515972,0.0515889196968759,6,0.9916666666666667,-1.0,-0.8144444444444444,-0.9888888888888889,-0.7525925925925927,-1.0,-0.8134905903590541,-1.0,-0.7692592592592593,-0.9944444444444445,-0.6663402910163575,-1.0,-0.7615334716134732,cec2022_matched,cec2022,20,15000,tight,SHADE,0.00048828125,12,0,0,0.0029296875,nonzero,nonzero,nonzero,below,below,nonzero,nonzero,nonzero,below,below,nonzero,nonzero,nonzero,below,below,nonzero,nonzero,nonzero,below,below,False
-0.9835185185185185,12,0.04859838698309618,0.014029145903436093,6,0.9916666666666667,-1.0,-0.9533333333333335,-0.9977777777777778,-0.9272222222222223,-1.0,-0.9526405765762952,-1.0,-0.9411111111111111,-0.9998148148148148,-0.9129648826220512,-1.0,-0.9385113022304311,cec2022_matched,cec2022,20,15000,tight,DE,0.00048828125,12,0,0,0.0029296875,nonzero,nonzero,nonzero,below,below,nonzero,nonzero,nonzero,below,below,nonzero,nonzero,nonzero,below,below,nonzero,nonzero,nonzero,below,below,False
0.08314814814814814,12,0.6714297580090878,0.19382507576423608,6,0.9916666666666667,-0.28593518518518507,0.44185648148148116,-0.28685185185185186,0.440694310812873,-0.34345796726257305,0.5097542635588693,-0.40327932098765495,0.5663595679012345,-0.4077877658348475,0.5614215440641641,-0.5386664061390998,0.7049627024353959,cec2022_matched,cec2022,20,15000,tight,SEHHO-COBL,0.6220703125,5,7,0,0.6220703125,inconclusive,inconclusive,inconclusive,spans,spans,inconclusive,inconclusive,inconclusive,spans,spans,inconclusive,inconclusive,inconclusive,spans,spans,inconclusive,inconclusive,inconclusive,spans,spans,False
-0.9924074074074074,12,0.02302505995017039,0.006646762280169073,6,0.9916666666666667,-1.0,-0.9781481481481481,-1.0,-0.9657407407407407,-1.0,-0.9777779822660984,-1.0,-0.9724074074074074,-1.0,-0.9581823429207873,-1.0,-0.9710837808931376,cec2022_matched,cec2022,20,15000,tight,HHO,0.00048828125,12,0,0,0.0029296875,nonzero,nonzero,nonzero,below,below,nonzero,nonzero,nonzero,below,below,nonzero,nonzero,nonzero,below,below,nonzero,nonzero,nonzero,below,below,False
0.0637037037037037,12,0.5121308083229521,0.14783943002277852,6,0.9916666666666667,-0.2071342592592592,0.35297916666666523,-0.1912962962962963,0.3705555555555555,-0.2616886878528381,0.3890960952602455,-0.29308719135802475,0.4550621141975309,-0.27284258710168996,0.4759532344206787,-0.4105832734752169,0.5379906808826243,cec2022_competition,cec2022,10,200000,competition,jSO,0.6875,3,4,5,1.0,inconclusive,inconclusive,inconclusive,spans,spans,inconclusive,inconclusive,inconclusive,spans,spans,inconclusive,inconclusive,inconclusive,spans,spans,inconclusive,inconclusive,inconclusive,spans,spans,False
0.0661111111111111,12,0.5020202731540709,0.14492076992207617,6,0.9916666666666667,-0.20759259259259258,0.337037037037037,-0.20469364881381988,0.33944444444444444,-0.25285735287643324,0.3850795750986555,-0.3035185185185185,0.43111574074074094,-0.30166666666666664,0.4322609989208313,-0.39881244741581956,0.5310346696380418,cec2022_competition,cec2022,10,200000,competition,LSHADE,0.8125,3,4,5,1.0,inconclusive,inconclusive,inconclusive,spans,spans,inconclusive,inconclusive,inconclusive,spans,spans,inconclusive,inconclusive,inconclusive,spans,spans,inconclusive,inconclusive,inconclusive,spans,spans,False
-0.05675925925925925,12,0.5370015807406155,0.15501900359792448,6,0.9916666666666667,-0.35481481481481475,0.22379629629629627,-0.3768518518518518,0.2072222222222222,-0.39795378571048334,0.2844352671919649,-0.4556797839506173,0.30472222222222217,-0.4878105976854079,0.2829629629629629,-0.5540791867672292,0.44056066824871076,cec2022_competition,cec2022,10,200000,competition,SHADE,0.578125,3,4,5,1.0,inconclusive,inconclusive,inconclusive,spans,spans,inconclusive,inconclusive,inconclusive,spans,spans,inconclusive,inconclusive,inconclusive,spans,spans,inconclusive,inconclusive,inconclusive,spans,spans,False
-0.05916666666666665,12,0.37808102059866056,0.10914258950906257,6,0.9916666666666667,-0.2604652777777777,0.14907407407407405,-0.24611111111111114,0.16630705025137943,-0.29938788651008674,0.18105455317675345,-0.3306176697530865,0.225,-0.31024362925997906,0.25198217485068636,-0.40930944557049037,0.2909761122371571,cec2022_competition,cec2022,10,200000,competition,DE,0.578125,5,2,5,1.0,inconclusive,inconclusive,inconclusive,spans,spans,inconclusive,inconclusive,inconclusive,spans,spans,inconclusive,inconclusive,inconclusive,spans,spans,inconclusive,inconclusive,inconclusive,spans,spans,False
-0.21851851851851856,12,0.2658988665973641,0.07675839110360229,6,0.9916666666666667,-0.37065277777777766,-0.08370370370370371,-0.3900975979637873,-0.09674980327980275,-0.38746259825005724,-0.04957443878697984,-0.4167592592592593,-0.04725154320987645,-0.45185710469653506,-0.06414045637827155,-0.46476882727603785,0.027731790239000742,cec2022_competition,cec2022,10,200000,competition,SEHHO-COBL,0.01953125,8,1,3,0.09765625,nonzero,nonzero,nonzero,below,below,nonzero,nonzero,nonzero,below,below,nonzero,nonzero,nonzero,below,spans,nonzero,nonzero,nonzero,below,spans,False
-0.9214814814814813,12,0.21778258772947026,0.06286841782521148,6,0.9916666666666667,-0.9996296296296295,-0.7816666666666667,-0.9985185185185185,-0.672037037037037,-1.0,-0.7831090268097503,-1.0,-0.734074074074074,-0.9994444444444444,-0.6092592592592593,-1.0,-0.719791906205476,cec2022_competition,cec2022,10,200000,competition,HHO,0.00048828125,12,0,0,0.0029296875,nonzero,nonzero,nonzero,below,below,nonzero,nonzero,nonzero,below,below,nonzero,nonzero,nonzero,below,below,nonzero,nonzero,nonzero,below,below,False
0.43703703703703706,12,0.3952096243930168,0.11408719151481958,6,0.9916666666666667,0.2203703703703704,0.6487037037037037,0.2172222222222222,0.6458131358308081,0.1859328215563864,0.6881412525176878,0.15067746913580238,0.7140154320987656,0.14715465520544854,0.7090067665575642,0.07103137000991644,0.8030427040641577,cec2022_competition,cec2022,20,1000000,competition,jSO,0.0078125,1,8,3,0.03125,nonzero,nonzero,nonzero,above,above,nonzero,nonzero,nonzero,above,above,nonzero,nonzero,nonzero,above,above,nonzero,nonzero,nonzero,above,above,False
0.37296296296296294,12,0.4427752324511034,0.12781819982307185,6,0.9916666666666667,0.13841435185185205,0.6139814814814815,0.13966243553196003,0.6157060258897105,0.09163700196275404,0.6542889239631718,0.0652133487654319,0.6906176697530865,0.06653347835245925,0.6927777777777777,-0.03709345847477874,0.7830193844007046,cec2022_competition,cec2022,20,1000000,competition,LSHADE,0.02734375,2,7,3,0.08203125,nonzero,nonzero,nonzero,above,above,nonzero,nonzero,nonzero,above,above,nonzero,nonzero,nonzero,above,spans,nonzero,nonzero,nonzero,above,spans,False
-0.014537037037037043,12,0.30782151836409366,0.0888604182449344,6,0.9916666666666667,-0.19907638888888882,0.12907407407407406,-0.2623246518940529,0.10620370370370368,-0.21011749891367398,0.1810434248395999,-0.270710262345679,0.1651898148148151,-0.3798904981152345,0.13269971860292873,-0.29961212934327064,0.2705380552691965,cec2022_competition,cec2022,20,1000000,competition,SHADE,0.83984375,4,5,3,1.0,inconclusive,inconclusive,inconclusive,spans,spans,inconclusive,inconclusive,inconclusive,spans,spans,inconclusive,inconclusive,inconclusive,spans,spans,inconclusive,inconclusive,inconclusive,spans,spans,False
0.10703703703703703,12,0.5125824963486734,0.14796982112439847,6,0.9916666666666667,-0.17139120370370367,0.37805555555555553,-0.176519171597267,0.3728703703703704,-0.21864234339917826,0.43271641747325235,-0.27611111111111103,0.4697843364197531,-0.2807185570941861,0.4615963172813925,-0.3676682507470369,0.581742324821111,cec2022_competition,cec2022,20,1000000,competition,DE,0.5703125,4,5,3,1.0,inconclusive,inconclusive,inconclusive,spans,spans,inconclusive,inconclusive,inconclusive,spans,spans,inconclusive,inconclusive,inconclusive,spans,spans,inconclusive,inconclusive,inconclusive,spans,spans,False
-0.487962962962963,12,0.34753350356729396,0.10032428091849548,6,0.9916666666666667,-0.6721319444444444,-0.30018518518518517,-0.6702777777777778,-0.2980555555555556,-0.7087752164614363,-0.2671507094644897,-0.7367368827160501,-0.24419714506172835,-0.7332434190588623,-0.24126112757093024,-0.8098155291366201,-0.16611039678930584,cec2022_competition,cec2022,20,1000000,competition,SEHHO-COBL,0.001953125,10,1,1,0.009765625,nonzero,nonzero,nonzero,below,below,nonzero,nonzero,nonzero,below,below,nonzero,nonzero,nonzero,below,below,nonzero,nonzero,nonzero,below,below,False
-0.9746296296296296,12,0.04861685872706958,0.014034478236613815,6,0.9916666666666667,-1.0,-0.9455555555555556,-0.995,-0.9381481481481483,-1.0,-0.9437399513012136,-1.0,-0.9357407407407408,-1.0,-0.9246296296296297,-1.0,-0.929605306564387,cec2022_competition,cec2022,20,1000000,competition,HHO,0.00048828125,12,0,0,0.0029296875,nonzero,nonzero,nonzero,below,below,nonzero,nonzero,nonzero,below,below,nonzero,nonzero,nonzero,below,below,nonzero,nonzero,nonzero,below,below,False
