evals_per_variable,dim,budget,problems,engine,source_marker,delta,ci_lo,ci_hi,t_lo,t_hi,status,source,sign_reversed,unit,tie,favours,inside_0.147
300.0,50,15000,CEC2014,L-SHADE,CEC2014 L-SHADE (exploratory),-0.908962962962963,-0.961925925925926,-0.8464444444444444,-0.9701387671369242,-0.8477871587890018,exploratory,results/analysis/pop_isolation.csv (E14; L-SHADE 6D vs 18D),False,functions,False,6D,False
300.0,50,15000,CEC2017,L-SHADE,CEC2017 L-SHADE,-0.9655938697318006,-0.9885823754789272,-0.9383141762452109,-0.9921773996417088,-0.9390103398218924,measured,results/analysis/pop_isolation.csv (E14; L-SHADE 6D vs 18D),False,functions,False,6D,False
300.0,50,15000,CEC2014,repaired engine (SEHHO-COBL-R),repaired engine,-0.931925925925926,-0.9746666666666668,-0.8714814814814816,-0.9880989070374714,-0.8757529448143805,exploratory,results/analysis/pop_isolation.csv (E14; ours 6D vs ours 18D),False,functions,False,6D,False
300.0,50,15000,CEC2017,repaired engine (SEHHO-COBL-R),repaired engine,-0.9744061302681992,-0.9963984674329502,-0.941300766283525,-1.0,-0.9436557439464044,measured,results/analysis/pop_isolation.csv (E14; ours 6D vs ours 18D),False,functions,False,6D,False
394.7368421052632,38,15000,P4 RC06,L-SHADE,E16 design problems,-0.9422222222222222,-0.9911111111111112,-0.8622222222222222,,,E16,results/analysis/e16_engineering_population.csv (E16),False,runs,False,6D,False
500.0,30,15000,CEC2014,L-SHADE,CEC2014 L-SHADE (exploratory),-0.8882222222222222,-0.9457777777777778,-0.8121462962962966,-0.9601394719366144,-0.8163049725078302,exploratory,results/analysis/pop_isolation.csv (E14; L-SHADE 6D vs 18D),False,functions,False,6D,False
500.0,30,15000,CEC2017,L-SHADE,CEC2017 L-SHADE,-0.945823754789272,-0.9727988505747128,-0.913486590038314,-0.9773832198260016,-0.9142642897525424,measured,results/analysis/pop_isolation.csv (E14; L-SHADE 6D vs 18D),False,functions,False,6D,False
500.0,30,15000,CEC2014,repaired engine (SEHHO-COBL-R),repaired engine,-0.9354814814814816,-0.967925925925926,-0.8969611111111112,-0.9732287255855804,-0.8977342373773828,exploratory,results/analysis/pop_isolation.csv (E14; ours 6D vs ours 18D),False,functions,False,6D,False
500.0,30,15000,CEC2017,repaired engine (SEHHO-COBL-R),repaired engine,-0.9282758620689656,-0.9730268199233716,-0.8732547892720306,-0.9816763506372852,-0.8748753735006458,measured,results/analysis/pop_isolation.csv (E14; ours 6D vs ours 18D),False,functions,False,6D,False
750.0,20,15000,CEC2022,repaired engine (selection runs),CEC2022 selection data (in-sample),-0.8512962962962963,-0.9540879629629618,-0.7318518518518519,,,in-sample,"results/analysis/poprule.csv (E7; LPSR-18D vs LPSR-6D, sign reversed)",True,functions,False,6D,False
1500.0,10,15000,P5 RC14,L-SHADE,E16 design problems,-0.4222222222222222,-0.6733333333333333,-0.1444444444444444,,,E16,results/analysis/e16_engineering_population.csv (E16),False,runs,False,6D,False
1500.0,10,15000,CEC2022,repaired engine (selection runs),CEC2022 selection data (in-sample),-0.5674074074074074,-0.7987083333333328,-0.3253703703703703,,,in-sample,"results/analysis/poprule.csv (E7; LPSR-18D vs LPSR-6D, sign reversed)",True,functions,False,6D,False
1666.6666666666667,9,15000,P3 RC01,L-SHADE,E16 design problems,-0.7555555555555555,-0.9266666666666666,-0.5466666666666666,,,E16,results/analysis/e16_engineering_population.csv (E16),False,runs,False,6D,False
3750.0,4,15000,P1,L-SHADE,E16 design problems,0.5488888888888889,0.3222222222222222,0.7533333333333333,,,E16,results/analysis/e16_engineering_population.csv (E16),False,runs,False,18D,False
3750.0,4,15000,P2,L-SHADE,E16 design problems,0.3355555555555555,0.08,0.5788888888888889,,,E16,results/analysis/e16_engineering_population.csv (E16),False,runs,False,18D,False
10000.0,30,300000,CEC2014,L-SHADE,CEC2014 L-SHADE (exploratory),0.2687407407407407,0.0819592592592593,0.4455564814814813,0.0761284955737658,0.4613529859077155,exploratory,results/analysis/pop_isolation.csv (E14; L-SHADE 6D vs 18D),False,functions,False,18D,False
10000.0,50,500000,CEC2014,L-SHADE,CEC2014 L-SHADE (exploratory),0.2063703703703704,-0.0173444444444442,0.4160787037037033,-0.0211236003936211,0.4338643411343619,exploratory,results/analysis/pop_isolation.csv (E14; L-SHADE 6D vs 18D),False,functions,False,neither,False
10000.0,30,300000,CEC2017,L-SHADE,CEC2017 L-SHADE,0.4647126436781608,0.3413007662835248,0.5856005747126432,0.3359548759790947,0.593470411377227,measured,results/analysis/pop_isolation.csv (E14; L-SHADE 6D vs 18D),False,functions,False,18D,False
10000.0,50,500000,CEC2017,L-SHADE,CEC2017 L-SHADE,0.5166283524904215,0.3623716475095786,0.6590038314176245,0.3575545897477962,0.6757021152330467,measured,results/analysis/pop_isolation.csv (E14; L-SHADE 6D vs 18D),False,functions,False,18D,False
10000.0,30,300000,CEC2014,repaired engine (SEHHO-COBL-R),repaired engine,0.1974444444444444,0.0203296296296296,0.3704444444444444,0.0109276745242153,0.3839612143646735,exploratory,results/analysis/pop_isolation.csv (E14; ours 6D vs ours 18D),False,functions,True,tie,False
10000.0,50,500000,CEC2014,repaired engine (SEHHO-COBL-R),repaired engine,-0.0534444444444444,-0.2337046296296296,0.1238175925925923,-0.2445766873415715,0.1376877984526826,exploratory,results/analysis/pop_isolation.csv (E14; ours 6D vs ours 18D),False,functions,False,neither,False
10000.0,30,300000,CEC2017,repaired engine (SEHHO-COBL-R),repaired engine,0.2588122605363985,0.1608802681992337,0.3536408045977011,0.155909315135358,0.3617152059374389,measured,results/analysis/pop_isolation.csv (E14; ours 6D vs ours 18D),False,functions,False,18D,False
10000.0,50,500000,CEC2017,repaired engine (SEHHO-COBL-R),repaired engine,0.2504980842911877,0.0696551724137931,0.4262088122605362,0.0626604732431143,0.438335695339261,measured,results/analysis/pop_isolation.csv (E14; ours 6D vs ours 18D),False,functions,False,18D,False
20000.0,10,200000,CEC2022,repaired engine (selection runs),CEC2022 selection data (in-sample),-0.0098148148148148,-0.1307523148148138,0.0977777777777777,,,in-sample,"results/analysis/poprule.csv (E7; LPSR-18D vs LPSR-6D, sign reversed)",True,functions,False,neither,True
50000.0,20,1000000,CEC2022,repaired engine (selection runs),CEC2022 selection data (in-sample),0.0939814814814814,-0.0632407407407407,0.2623148148148148,,,in-sample,"results/analysis/poprule.csv (E7; LPSR-18D vs LPSR-6D, sign reversed)",True,functions,False,neither,False
