mean,n,sd,se,k_family,adj_level,pct_lo,pct_hi,bca_lo,bca_hi,t_lo,t_hi,pct_adj_lo,pct_adj_hi,bca_adj_lo,bca_adj_hi,t_adj_lo,t_adj_hi,suite,dim,max_fes,budget,opponent,p,p_holm_friedman,wins,losses,p_holm,verdict_pct_0.05,verdict_pct_0.1,verdict_pct_0.147,side_pct,side_pct_adj,verdict_bca_0.05,verdict_bca_0.1,verdict_bca_0.147,side_bca,side_bca_adj,verdict_t_0.05,verdict_t_0.1,verdict_t_0.147,side_t,side_t_adj,verdict_all_0.05,verdict_all_0.1,verdict_all_0.147,side_all,side_all_adj,tie_002
0.4500370370370371,30,0.634234250888983,0.11579480198476232,6,0.9916666666666667,0.21596111111111113,0.6686324074074073,0.1894798822064065,0.6519993720993348,0.2132100756129145,0.6868639984611598,0.1267158950617284,0.7272484567901235,0.08833690037456413,0.7083915057483811,0.12215795427638992,0.7779161197976843,cec2014,30,300000,competition,jSO,0.004109722246444833,0.04283084685880336,4,20,0.012122445388973082,nonzero,nonzero,nonzero,above,above,nonzero,nonzero,nonzero,above,above,nonzero,nonzero,nonzero,above,above,nonzero,nonzero,nonzero,above,above,False
0.518037037037037,30,0.4682914320514157,0.08549792694031938,6,0.9916666666666667,0.34759166666666663,0.6790759259259258,0.3354921510079574,0.6681111111111111,0.34317414251779954,0.6928999315562744,0.2879831790123453,0.725804012345679,0.2625536672888408,0.7112024612292567,0.27594515223189986,0.7601289218421741,cec2014,30,300000,competition,LSHADE,0.00010037426860706668,0.04283084685880336,1,23,0.0005018713430353334,nonzero,nonzero,nonzero,above,above,nonzero,nonzero,nonzero,above,above,nonzero,nonzero,nonzero,above,above,nonzero,nonzero,nonzero,above,above,False
0.06374074074074075,30,0.47075299800258674,0.08594734533973372,6,0.9916666666666667,-0.10363055555555556,0.22955740740740727,-0.10668840615394445,0.22757357565307124,-0.11204131761069867,0.23952279909218016,-0.1615330246913582,0.28406280864197536,-0.1643589740248674,0.28072762863048845,-0.1796236959410784,0.3071051774225599,cec2014,30,300000,competition,SHADE,0.40611207485198975,0.5500973172303967,10,14,0.40611207485198975,inconclusive,inconclusive,inconclusive,spans,spans,inconclusive,inconclusive,inconclusive,spans,spans,inconclusive,inconclusive,inconclusive,spans,spans,inconclusive,inconclusive,inconclusive,spans,spans,False
-0.48740740740740734,30,0.6257065369293979,0.11423786155155684,6,0.9916666666666667,-0.7002962962962962,-0.2579203703703708,-0.6880000000000001,-0.24161148360806098,-0.7210500681065032,-0.2537647467083115,-0.7623984567901237,-0.17827098765432098,-0.7426902429732057,-0.15365878922195247,-0.8108779313001051,-0.16393688351470964,cec2014,30,300000,competition,DE,0.00035877533099097945,0.026180356956654993,22,5,0.0014351013239639178,nonzero,nonzero,nonzero,below,below,nonzero,nonzero,nonzero,below,below,nonzero,nonzero,nonzero,below,below,nonzero,nonzero,nonzero,below,below,False
-0.4662222222222222,30,0.8512195243218006,0.15541071161995584,6,0.9916666666666667,-0.751561111111111,-0.1465888888888892,-0.7330281780353154,-0.11696296296296296,-0.7840728163322932,-0.1483716281121512,-0.8354814814814816,-0.03244074074074053,-0.8088660161023199,0.012655594060560193,-0.9062758403788989,-0.02616860406554561,cec2014,30,300000,competition,HHO,0.004040815129657694,0.015472525499246437,22,8,0.012122445388973082,nonzero,nonzero,nonzero,below,below,nonzero,nonzero,nonzero,below,spans,nonzero,nonzero,nonzero,below,below,nonzero,nonzero,nonzero,below,spans,False
-0.6178148148148147,30,0.47798021937028556,0.08726684939679105,6,0.9916666666666667,-0.7738148148148148,-0.44299907407407413,-0.7549146367661915,-0.4117301213806666,-0.7962955619766622,-0.43933406765296723,-0.8148035493827164,-0.37549367283950613,-0.7909834415173721,-0.3188295889295728,-0.8649154967555863,-0.3707141328740431,cec2014,30,300000,competition,SEHHO-COBL,3.0749168019612695e-05,0.005464080440599765,26,2,0.00018449500811767617,nonzero,nonzero,nonzero,below,below,nonzero,nonzero,nonzero,below,below,nonzero,nonzero,nonzero,below,below,nonzero,nonzero,nonzero,below,below,False
0.42496296296296293,30,0.6101856268542599,0.1114041440311694,6,0.9916666666666667,0.20636296296296305,0.6301499999999999,0.177480632967385,0.6123766237373072,0.19711590533399426,0.6528100205919316,0.12298549382716036,0.6889160493827163,0.08849908000594313,0.6654814814814813,0.10951625953078703,0.7404096663951388,cec2014,50,500000,competition,jSO,0.002469364954765557,0.05473966305302544,6,23,0.007408094864296671,nonzero,nonzero,nonzero,above,above,nonzero,nonzero,nonzero,above,above,nonzero,nonzero,nonzero,above,above,nonzero,nonzero,nonzero,above,above,False
0.41866666666666663,30,0.519992664584604,0.09493723737673511,6,0.9916666666666667,0.23118333333333332,0.5976296296296296,0.224038544454744,0.5919296528103887,0.2244982146415792,0.612835118691754,0.15649043209876518,0.6578564814814817,0.1456020919489786,0.6477547361591467,0.1498468770269734,0.6874864563063598,cec2014,50,500000,competition,LSHADE,0.00045237013773235786,0.09056775932706168,6,22,0.0018094805509294314,nonzero,nonzero,nonzero,above,above,nonzero,nonzero,nonzero,above,above,nonzero,nonzero,nonzero,above,above,nonzero,nonzero,nonzero,above,above,False
-0.039962962962962964,30,0.6140291518708537,0.11210587248181068,6,0.9916666666666667,-0.2528888888888889,0.17497129629629557,-0.25080903627804263,0.1775549064405681,-0.26924521641991106,0.18931929049398516,-0.3152100308641976,0.24961033950617315,-0.3091674173510223,0.2575724747484824,-0.3573966474754605,0.27747072154953456,cec2014,50,500000,competition,SHADE,0.8198569297000609,0.9285715917804443,14,14,0.8198569297000609,inconclusive,inconclusive,inconclusive,spans,spans,inconclusive,inconclusive,inconclusive,spans,spans,inconclusive,inconclusive,inconclusive,spans,spans,inconclusive,inconclusive,inconclusive,spans,spans,False
-0.4482222222222222,30,0.8910131991574518,0.1626760094044598,6,0.9916666666666667,-0.7351851851851853,-0.11777777777777777,-0.715925925925926,-0.06762962962962964,-0.7809320187200817,-0.11551242572436266,-0.8434814814814814,0.0015808641975309005,-0.7975754015827492,0.06757583303175245,-0.9088479138462344,0.012403469401790101,cec2014,50,500000,competition,HHO,0.01667870059506797,0.01500147041022869,22,8,0.03335740119013594,nonzero,nonzero,nonzero,below,spans,nonzero,nonzero,nonzero,below,spans,nonzero,nonzero,nonzero,below,spans,nonzero,nonzero,nonzero,below,spans,False
-0.6207407407407408,30,0.5396308699521435,0.09852266673297524,6,0.9916666666666667,-0.7951870370370369,-0.4197740740740743,-0.7744806128600236,-0.37975069306049,-0.8222422191649833,-0.41923926231649833,-0.8417037037037037,-0.3423694444444444,-0.8122222222222223,-0.2766177250554406,-0.8997128625100042,-0.3417686189714775,cec2014,50,500000,competition,SEHHO-COBL,9.477706787308419e-05,0.00852048740537308,27,3,0.0005686624072385051,nonzero,nonzero,nonzero,below,below,nonzero,nonzero,nonzero,below,below,nonzero,nonzero,nonzero,below,below,nonzero,nonzero,nonzero,below,below,False
-0.5734444444444444,30,0.6324249955949038,0.11546447867247804,6,0.9916666666666667,-0.7828907407407408,-0.34177592592592604,-0.7612998205694438,-0.30674663327880153,-0.8095958188387958,-0.337293070050093,-0.8395433641975308,-0.2599489197530863,-0.8089760572410238,-0.1909430604670733,-0.900388199342443,-0.24650068954644588,cec2014,50,500000,competition,DE,9.847016955628597e-05,0.0075026526804628305,25,5,0.0005686624072385051,nonzero,nonzero,nonzero,below,below,nonzero,nonzero,nonzero,below,below,nonzero,nonzero,nonzero,below,below,nonzero,nonzero,nonzero,below,below,False
0.13822222222222225,30,0.6134086799185385,0.11199259032028325,6,0.9916666666666667,-0.08044629629629627,0.351111111111111,-0.08437037037037037,0.3485925925925926,-0.09082834320004507,0.36727278764448956,-0.15284104938271614,0.42360987654321014,-0.16086040369578708,0.41665394768573194,-0.17889069788135437,0.45533514232579886,cec2014,30,15000,tight,SEHHO-COBL,0.21329754851978222,0.2561796261420457,13,17,0.21329754851978222,inconclusive,inconclusive,inconclusive,spans,spans,inconclusive,inconclusive,inconclusive,spans,spans,inconclusive,inconclusive,inconclusive,spans,spans,inconclusive,inconclusive,inconclusive,spans,spans,False
-0.5398518518518519,30,0.582552605315104,0.10635906762149547,6,0.9916666666666667,-0.7314074074074075,-0.3261481481481481,-0.7153427594230949,-0.3003169412199204,-0.757380569660931,-0.3223231340427728,-0.790271913580247,-0.24456635802469123,-0.7652601254257482,-0.20493002592099033,-0.8410131556174785,-0.23869054808622536,cec2014,30,15000,tight,jSO,0.00015289284524126038,0.005614876924004044,25,5,0.0004586785357237811,nonzero,nonzero,nonzero,below,below,nonzero,nonzero,nonzero,below,below,nonzero,nonzero,nonzero,below,below,nonzero,nonzero,nonzero,below,below,False
-0.8434074074074076,30,0.27759027132486674,0.05068081778286966,6,0.9916666666666667,-0.9246685185185186,-0.7323666666666669,-0.9096148899458211,-0.6827407407407408,-0.9470613182244588,-0.7397534965903564,-0.9416296296296296,-0.6874805555555554,-0.9231483409723957,-0.573986015562021,-0.9869128132061367,-0.6999020016086785,cec2014,30,15000,tight,LSHADE,1.8212638704187395e-06,0.00030763096586983673,29,1,7.285055481674958e-06,nonzero,nonzero,nonzero,below,below,nonzero,nonzero,nonzero,below,below,nonzero,nonzero,nonzero,below,below,nonzero,nonzero,nonzero,below,below,False
-0.8865925925925926,30,0.22282484064153382,0.040682063863953996,6,0.9916666666666667,-0.9563722222222223,-0.8004444444444444,-0.9463703703703705,-0.7779464490100948,-0.969796755510287,-0.8033884296748982,-0.9726422839506174,-0.7650839506172838,-0.9604444444444444,-0.7229644393041805,-1.0,-0.7713991853248071,cec2014,30,15000,tight,SHADE,9.127015298900947e-07,6.979985003495234e-06,30,0,4.563507649450474e-06,nonzero,nonzero,nonzero,below,below,nonzero,nonzero,nonzero,below,below,nonzero,nonzero,nonzero,below,below,nonzero,nonzero,nonzero,below,below,False
-0.5171851851851852,30,0.7936240027589091,0.14489525616286555,6,0.9916666666666667,-0.7809666666666666,-0.21666666666666667,-0.7548538568841664,-0.18125047615293172,-0.8135292580938891,-0.22084111227648134,-0.8536070987654322,-0.10063950617283934,-0.8252596804701267,-0.058475631778921774,-0.9274637371818548,-0.10690663318851557,cec2014,30,15000,tight,HHO,0.004975171539580435,7.903737307530459e-09,24,6,0.00995034307916087,nonzero,nonzero,nonzero,below,below,nonzero,nonzero,nonzero,below,below,nonzero,nonzero,nonzero,below,below,nonzero,nonzero,nonzero,below,below,False
-0.996,30,0.015042440315415139,0.0027463612935593323,6,0.9916666666666667,-0.9999259259259259,-0.9897777777777778,-0.9998518518518519,-0.9865185185185185,-1.0,-0.9903830604744065,-1.0,-0.9872592592592592,-0.9999259259259259,-0.9823639861387028,-1.0,-0.9882235332983248,cec2014,30,15000,tight,DE,1.9772964066584381e-07,1.1348022156139942e-14,30,0,1.186377843995063e-06,nonzero,nonzero,nonzero,below,below,nonzero,nonzero,nonzero,below,below,nonzero,nonzero,nonzero,below,below,nonzero,nonzero,nonzero,below,below,False
0.37259259259259264,30,0.6114403385777966,0.11163322200255181,6,0.9916666666666667,0.1499240740740741,0.5824444444444444,0.1354724428165823,0.5700530319128754,0.14427701790619302,0.6009081672789922,0.07214444444444419,0.6481049382716053,0.050161455256846246,0.6321251041245729,0.05649724281489754,0.6886879423702877,cec2014,50,15000,tight,SEHHO-COBL,0.0039716411812235185,0.5500973172303972,9,21,0.007943282362447037,nonzero,nonzero,nonzero,above,above,nonzero,nonzero,nonzero,above,above,nonzero,nonzero,nonzero,above,above,nonzero,nonzero,nonzero,above,above,False
-0.48496296296296293,30,0.6661177007546727,0.12161589688560341,6,0.9916666666666667,-0.7090407407407406,-0.24155185185185218,-0.6908148148148148,-0.2181543703117188,-0.7336954002279533,-0.23623052569797257,-0.7769638888888888,-0.14693580246913568,-0.7512936313725683,-0.10487061924956033,-0.8293247826343879,-0.1406011432915379,cec2014,50,15000,tight,jSO,0.0007589085102621103,0.05404772874182115,22,8,0.002276725530786331,nonzero,nonzero,nonzero,below,below,nonzero,nonzero,nonzero,below,below,nonzero,nonzero,nonzero,below,below,nonzero,nonzero,nonzero,below,below,False
-0.6324444444444445,30,0.4756882401642552,0.08684839315929918,6,0.9916666666666667,-0.7937796296296298,-0.4592574074074076,-0.7819369569129885,-0.44336310320968514,-0.8100693525054382,-0.45481953638345074,-0.8438067901234573,-0.39772530864197514,-0.8276943202863423,-0.3762511800813788,-0.8783602455013371,-0.3865286433875519,cec2014,50,15000,tight,SHADE,2.0349920361196032e-05,0.006914940593730299,25,5,8.139968144478413e-05,nonzero,nonzero,nonzero,below,below,nonzero,nonzero,nonzero,below,below,nonzero,nonzero,nonzero,below,below,nonzero,nonzero,nonzero,below,below,False
-0.8457037037037037,30,0.25726113064935174,0.0469692414753112,6,0.9916666666666667,-0.926075925925926,-0.7469611111111113,-0.9145925925925926,-0.7185386585032115,-0.941766588637499,-0.7496408187699085,-0.9447416666666667,-0.7063929012345677,-0.9305185185185184,-0.6572017961709831,-0.9786995856338351,-0.7127078217735724,cec2014,50,15000,tight,LSHADE,1.7314463286140252e-06,0.0010677086276241004,29,1,8.657231643070126e-06,nonzero,nonzero,nonzero,below,below,nonzero,nonzero,nonzero,below,below,nonzero,nonzero,nonzero,below,below,nonzero,nonzero,nonzero,below,below,False
-0.47977777777777775,30,0.8365733895992693,0.15273670549735918,6,0.9916666666666667,-0.7562259259259257,-0.17362407407407457,-0.7363790179407634,-0.13813188829788553,-0.7921594153026696,-0.1673961402528858,-0.8352611111111112,-0.0465916666666666,-0.8071569014522929,0.014711779680003905,-0.9122598067115744,-0.047295748843981134,cec2014,50,15000,tight,HHO,0.013741962062735522,6.426748008305511e-05,23,7,0.013741962062735522,nonzero,nonzero,nonzero,below,below,nonzero,nonzero,nonzero,below,spans,nonzero,nonzero,nonzero,below,below,nonzero,nonzero,nonzero,below,spans,False
-0.9759999999999999,30,0.09235650105165795,0.016861912986080887,6,0.9916666666666667,-0.9974814814814814,-0.9382944444444448,-0.9947407407407407,-0.9044994684539361,-1.0,-0.9415135157378048,-0.9994814814814815,-0.9205925925925925,-0.9965925925925926,-0.8768223419096504,-1.0,-0.9282546049675564,cec2014,50,15000,tight,DE,4.17874130718274e-07,1.6249568102661982e-11,30,0,2.507244784309644e-06,nonzero,nonzero,nonzero,below,below,nonzero,nonzero,nonzero,below,below,nonzero,nonzero,nonzero,below,below,nonzero,nonzero,nonzero,below,below,False
