mean,n,sd,se,k_family,adj_level,pct_lo,pct_hi,bca_lo,bca_hi,t_lo,t_hi,pct_adj_lo,pct_adj_hi,bca_adj_lo,bca_adj_hi,t_adj_lo,t_adj_hi,suite,dim,max_fes,budget,contrast,arm_a,arm_b,p,evals_per_variable,p_holm,verdict_pct_0.05,verdict_pct_0.1,verdict_pct_0.147,side_pct,side_pct_adj,verdict_bca_0.05,verdict_bca_0.1,verdict_bca_0.147,side_bca,side_bca_adj,verdict_t_0.05,verdict_t_0.1,verdict_t_0.147,side_t,side_t_adj,verdict_all_0.05,verdict_all_0.1,verdict_all_0.147,side_all,side_all_adj,tie_002
-0.9458237547892719,29,0.08296833035782106,0.01540683216378094,4,0.9875,-0.9727988505747127,-0.9134865900383141,-0.9696551724137932,-0.90727969348659,-0.9773832198260015,-0.9142642897525424,-0.9785440613026821,-0.9039075670498083,-0.97455938697318,-0.8944286880175711,-0.9869519749767118,-0.904695534601832,cec2017,30,15000,tight,L-SHADE 6D vs 18D,LSHADE-N6,LSHADE-N18,2.1968475218884188e-06,500.0,7.970558779918983e-06,nonzero,nonzero,nonzero,below,below,nonzero,nonzero,nonzero,below,below,nonzero,nonzero,nonzero,below,below,nonzero,nonzero,nonzero,below,below,False
-0.9282758620689655,29,0.14038734090229427,0.026069274744628602,4,0.9875,-0.9730268199233716,-0.8732547892720306,-0.9661302681992336,-0.8589326299105282,-0.9816763506372852,-0.8748753735006458,-0.9822222222222221,-0.8578544061302682,-0.9737164750957854,-0.8357549179129014,-0.9978672524616307,-0.8586844716763004,cec2017,30,15000,tight,ours 6D vs ours 18D,GF-Method,GF@18D,2.107296337759723e-06,500.0,7.970558779918983e-06,nonzero,nonzero,nonzero,below,below,nonzero,nonzero,nonzero,below,below,nonzero,nonzero,nonzero,below,below,nonzero,nonzero,nonzero,below,below,False
0.020229885057471274,29,0.4052379033562987,0.07525078950590736,4,0.9875,-0.12620881226053637,0.1622988505747126,-0.12727969348659005,0.16021730793725045,-0.13391436959216005,0.1743741397071026,-0.16222318007662845,0.20598084291187874,-0.16419713622280643,0.20367816091954025,-0.18065054300050068,0.22111031311544324,cec2017,30,15000,tight,ours vs L-SHADE at 6D,GF-Method,LSHADE-N6,0.7655419819056988,500.0,0.7655419819056988,inconclusive,inconclusive,inconclusive,spans,spans,inconclusive,inconclusive,inconclusive,spans,spans,inconclusive,inconclusive,inconclusive,spans,spans,inconclusive,inconclusive,inconclusive,spans,spans,False
-0.8715708812260535,29,0.21368718942483164,0.03968071490434785,4,0.9875,-0.9416091954022988,-0.7897318007662836,-0.9316611095787285,-0.7694252873563218,-0.9528531410276607,-0.7902886214244463,-0.9550196360153257,-0.7645210727969348,-0.9440613026819922,-0.7345153374943247,-0.977497729940458,-0.765644032511649,cec2017,30,15000,tight,ours vs L-SHADE default,GF-Method,LSHADE-N18,1.9926396949797456e-06,500.0,7.970558779918983e-06,nonzero,nonzero,nonzero,below,below,nonzero,nonzero,nonzero,below,below,nonzero,nonzero,nonzero,below,below,nonzero,nonzero,nonzero,below,below,False
0.46471264367816084,29,0.3384980383589778,0.06285750770533906,4,0.9875,0.34130076628352485,0.5856005747126432,0.338772695970035,0.5827482310137614,0.3359548759790947,0.593470411377227,0.30973036398467424,0.6187749042145596,0.3060577605651303,0.6143623772117545,0.29691582536684535,0.6325094619894763,cec2017,30,300000,competition,L-SHADE 6D vs 18D,LSHADE-N6,LSHADE-N18,1.2262637158328191e-05,10000.0,4.9050548633312764e-05,nonzero,nonzero,nonzero,above,above,nonzero,nonzero,nonzero,above,above,nonzero,nonzero,nonzero,above,above,nonzero,nonzero,nonzero,above,above,False
0.2588122605363985,29,0.27052694204068445,0.05023559198824861,4,0.9875,0.16088026819923373,0.35364080459770114,0.15887002488699592,0.35210727969348654,0.15590931513535805,0.36171520593743894,0.1332562260536398,0.3797701149425288,0.1304899613943624,0.37691122482670947,0.12470938548878435,0.39291513558401264,cec2017,30,300000,competition,ours 6D vs ours 18D,GF-Method,GF@18D,3.7550926208496094e-05,10000.0,8.597446607826259e-05,nonzero,nonzero,nonzero,above,above,nonzero,nonzero,nonzero,above,above,nonzero,nonzero,nonzero,above,above,nonzero,nonzero,nonzero,above,above,False
0.27203065134099613,29,0.5219308600380883,0.09692012755981234,4,0.9875,0.08498084291187744,0.4593122605363983,0.08544061302681992,0.4599129582381696,0.07349876986377032,0.4705625328182219,0.03670354406130257,0.5097351532567062,0.03772723346829792,0.5114742471413076,0.013304372992515023,0.5307569296894772,cec2017,30,300000,competition,ours vs L-SHADE at 6D,GF-Method,LSHADE-N6,0.02000175416469574,10000.0,0.02000175416469574,nonzero,nonzero,nonzero,above,above,nonzero,nonzero,nonzero,above,above,nonzero,nonzero,nonzero,above,above,nonzero,nonzero,nonzero,above,above,False
0.5418773946360154,29,0.4174571447181313,0.07751984566285987,4,0.9875,0.3907653256704981,0.6893486590038312,0.3847266671140119,0.6840349297581333,0.383085189149348,0.7006696001226826,0.3449806034482759,0.7289664750957859,0.3360031146210788,0.7209572449141143,0.33493976804113745,0.7488150212308933,cec2017,30,300000,competition,ours vs L-SHADE default,GF-Method,LSHADE-N18,2.8658155359420863e-05,10000.0,8.597446607826259e-05,nonzero,nonzero,nonzero,above,above,nonzero,nonzero,nonzero,above,above,nonzero,nonzero,nonzero,above,above,nonzero,nonzero,nonzero,above,above,False
-0.9655938697318006,29,0.06988683392051699,0.012977659258993862,4,0.9875,-0.9885823754789271,-0.9383141762452107,-0.9855938697318007,-0.9326436781609194,-0.9921773996417088,-0.9390103398218924,-0.9926436781609196,-0.9301149425287356,-0.9899616858237547,-0.9210818666270527,-1.0,-0.9309502764319252,cec2017,50,15000,tight,L-SHADE 6D vs 18D,LSHADE-N6,LSHADE-N18,9.71956326689035e-07,300.0,2.915868980067105e-06,nonzero,nonzero,nonzero,below,below,nonzero,nonzero,nonzero,below,below,nonzero,nonzero,nonzero,below,below,nonzero,nonzero,nonzero,below,below,False
-0.9744061302681992,29,0.08084130095386666,0.015011852719301095,4,0.9875,-0.9963984674329502,-0.941300766283525,-0.9926436781609196,-0.9190038314176247,-1.0,-0.9436557439464045,-0.9984674329501916,-0.9287356321839081,-0.9949425287356322,-0.9036842525303047,-1.0,-0.9343322995483274,cec2017,50,15000,tight,ours 6D vs ours 18D,GF-Method,GF@18D,5.482458173869325e-07,300.0,2.19298326954773e-06,nonzero,nonzero,nonzero,below,below,nonzero,nonzero,nonzero,below,below,nonzero,nonzero,nonzero,below,below,nonzero,nonzero,nonzero,below,below,False
0.055402298850574724,29,0.5043797353903908,0.09366096553297057,4,0.9875,-0.1271264367816092,0.23640421455938643,-0.13026819923371646,0.23310344827586207,-0.13645349185460054,0.24725808955574996,-0.17593965517241386,0.29019348659003896,-0.18101423923107582,0.2829118773946361,-0.1946237137949018,0.30542831149605126,cec2017,50,15000,tight,ours vs L-SHADE at 6D,GF-Method,LSHADE-N6,0.6295278295874596,300.0,0.6295278295874596,inconclusive,inconclusive,inconclusive,spans,spans,inconclusive,inconclusive,inconclusive,spans,spans,inconclusive,inconclusive,inconclusive,spans,spans,inconclusive,inconclusive,inconclusive,spans,spans,False
-0.9306513409961686,29,0.15619977633500556,0.029005570289708724,4,0.9875,-0.9775478927203064,-0.8678160919540229,-0.9690421455938698,-0.8391450321876835,-0.990066558329452,-0.8712361236628853,-0.9851340996168583,-0.8462064176245209,-0.9757088122605364,-0.7978544235950283,-1.0,-0.8532215703037976,cec2017,50,15000,tight,ours vs L-SHADE default,GF-Method,LSHADE-N18,1.1272548582026854e-06,300.0,2.915868980067105e-06,nonzero,nonzero,nonzero,below,below,nonzero,nonzero,nonzero,below,below,nonzero,nonzero,nonzero,below,below,nonzero,nonzero,nonzero,below,below,False
0.5166283524904215,29,0.4181973453330584,0.07765729746636763,4,0.9875,0.3623716475095786,0.6590038314176245,0.3513960868280545,0.6485823754789273,0.35755458974779625,0.6757021152330467,0.318121408045977,0.6934877873563221,0.29872531142214226,0.6793915261922316,0.30932380114555397,0.7239329038352891,cec2017,50,500000,competition,L-SHADE 6D vs 18D,LSHADE-N6,LSHADE-N18,2.351997695846405e-05,10000.0,7.055993087539215e-05,nonzero,nonzero,nonzero,above,above,nonzero,nonzero,nonzero,above,above,nonzero,nonzero,nonzero,above,above,nonzero,nonzero,nonzero,above,above,False
0.2504980842911877,29,0.49381613246367745,0.09169935371512643,4,0.9875,0.0696551724137931,0.42620881226053625,0.06780355040249328,0.4240158802747528,0.06266047324311436,0.43833569533926103,0.022183429118773926,0.47249281609195487,0.02094274802213831,0.4705747126436781,0.005708553870541144,0.49528761471183425,cec2017,50,500000,competition,ours 6D vs ours 18D,GF-Method,GF@18D,0.014598868787288666,10000.0,0.014598868787288666,nonzero,nonzero,nonzero,above,above,nonzero,nonzero,nonzero,above,above,nonzero,nonzero,nonzero,above,above,nonzero,nonzero,nonzero,above,above,False
0.34160919540229884,29,0.5199852109387001,0.09655882959232756,4,0.9875,0.154786398467433,0.5255172413793103,0.15120120703442536,0.5222222222222223,0.14381739926198497,0.5394009915426127,0.10532543103448273,0.5732569444444444,0.09881955593599744,0.5676700282330047,0.0838473945143382,0.5993709962902595,cec2017,50,500000,competition,ours vs L-SHADE at 6D,GF-Method,LSHADE-N6,0.003115141408426794,10000.0,0.006230282816853588,nonzero,nonzero,nonzero,above,above,nonzero,nonzero,nonzero,above,above,nonzero,nonzero,nonzero,above,above,nonzero,nonzero,nonzero,above,above,False
0.7025670498084292,29,0.394974281243429,0.07334488272673655,4,0.9875,0.5520689655172414,0.8328773946360151,0.5273260333243276,0.819846743295019,0.5523268682168474,0.852807231400011,0.5072025862068965,0.8626072796934874,0.47482809214579297,0.8433716475095786,0.5067744005253014,0.898359699091557,cec2017,50,500000,competition,ours vs L-SHADE default,GF-Method,LSHADE-N18,8.43666460379982e-06,10000.0,3.374665841519928e-05,nonzero,nonzero,nonzero,above,above,nonzero,nonzero,nonzero,above,above,nonzero,nonzero,nonzero,above,above,nonzero,nonzero,nonzero,above,above,False
-0.8882222222222222,30,0.1925979319428847,0.03516341061798758,4,0.9875,-0.9457777777777778,-0.8121462962962966,-0.9360740740740742,-0.7838396702389216,-0.9601394719366143,-0.8163049725078302,-0.9571111111111112,-0.7882208333333329,-0.9443557497699642,-0.7435639151846224,-0.9818692669718199,-0.7945751774726246,cec2014,30,15000,tight,L-SHADE 6D vs 18D,LSHADE-N6,LSHADE-N18,1.506809149978707e-06,500.0,5.174502233989292e-06,nonzero,nonzero,nonzero,below,below,nonzero,nonzero,nonzero,below,below,nonzero,nonzero,nonzero,below,below,nonzero,nonzero,nonzero,below,below,False
-0.9354814814814816,30,0.1010889762868365,0.018456237542468393,4,0.9875,-0.9679259259259259,-0.8969611111111112,-0.9637119346143577,-0.8895593758892543,-0.9732287255855804,-0.8977342373773828,-0.9743708333333334,-0.8850370370370371,-0.9695462680920905,-0.8726079016990359,-0.9846340543597395,-0.8863289086032237,cec2014,30,15000,tight,ours 6D vs ours 18D,GF-Method,GF@18D,1.293625558497323e-06,500.0,5.174502233989292e-06,nonzero,nonzero,nonzero,below,below,nonzero,nonzero,nonzero,below,below,nonzero,nonzero,nonzero,below,below,nonzero,nonzero,nonzero,below,below,False
0.184,30,0.4269748248600644,0.07795458102089162,4,0.9875,0.033479629629629644,0.33585185185185173,0.02870542175888334,0.33111111111111113,0.02456498015603703,0.34343501984396296,-0.005262037037037226,0.3764453703703707,-0.010972129716023196,0.3712989426813888,-0.02360830673134992,0.39160830673134994,cec2014,30,15000,tight,ours vs L-SHADE at 6D,GF-Method,LSHADE-N6,0.023034521714661155,500.0,0.023034521714661155,nonzero,nonzero,nonzero,above,spans,nonzero,nonzero,nonzero,above,spans,nonzero,nonzero,nonzero,above,spans,nonzero,nonzero,nonzero,above,spans,False
-0.8194074074074075,30,0.2886317354348896,0.052696704103184076,4,0.9875,-0.9065203703703705,-0.7052592592592593,-0.8916296296296297,-0.6625492288199765,-0.9271842686819356,-0.7116305461328793,-0.9218523148148149,-0.6671847222222219,-0.9053273877253971,-0.6075608773159832,-0.9597490443697441,-0.6790657704450709,cec2014,30,15000,tight,ours vs L-SHADE default,GF-Method,LSHADE-N18,2.1799129489572756e-06,500.0,5.174502233989292e-06,nonzero,nonzero,nonzero,below,below,nonzero,nonzero,nonzero,below,below,nonzero,nonzero,nonzero,below,below,nonzero,nonzero,nonzero,below,below,False
0.2687407407407407,30,0.5158250660774572,0.09417634147240538,4,0.9875,0.08195925925925933,0.44555648148148136,0.06829629629629631,0.4339410130333841,0.07612849557376586,0.46135298590771556,0.026440972222221977,0.49355648148148185,0.006052309148388503,0.47855078351685637,0.017930710961994833,0.5195507705194866,cec2014,30,300000,competition,L-SHADE 6D vs 18D,LSHADE-N6,LSHADE-N18,0.013303191529412768,10000.0,0.0399095745882383,nonzero,nonzero,nonzero,above,above,nonzero,nonzero,nonzero,above,above,nonzero,nonzero,nonzero,above,above,nonzero,nonzero,nonzero,above,above,False
0.19744444444444442,30,0.49950108356429734,0.09119600365547954,4,0.9875,0.020329629629629677,0.37044444444444447,0.010283867460296331,0.3621483068223568,0.010927674524215336,0.3839612143646735,-0.03303865740740754,0.4166682870370376,-0.04575837871299716,0.40696999298321884,-0.045428362408383105,0.44031725129727195,cec2014,30,300000,competition,ours 6D vs ours 18D,GF-Method,GF@18D,0.03726926766422245,10000.0,0.0399095745882383,nonzero,nonzero,nonzero,above,spans,nonzero,nonzero,nonzero,above,spans,nonzero,nonzero,nonzero,above,spans,nonzero,nonzero,nonzero,above,spans,True
0.28018518518518515,30,0.5225276748601452,0.09540006481387553,4,0.9875,0.09622222222222221,0.46062962962962956,0.09437757688147272,0.45899504568681654,0.08507014476646582,0.4753002256039045,0.046147685185185146,0.5128891203703704,0.04329734097342676,0.5110670630963072,0.026116140637799046,0.5342542297325712,cec2014,30,300000,competition,ours vs L-SHADE at 6D,GF-Method,LSHADE-N6,0.018533623819038895,10000.0,0.0399095745882383,nonzero,nonzero,nonzero,above,above,nonzero,nonzero,nonzero,above,above,nonzero,nonzero,nonzero,above,above,nonzero,nonzero,nonzero,above,above,False
0.5158518518518519,30,0.4777786628641301,0.08723005038177996,4,0.9875,0.3406601851851853,0.675148148148148,0.3252030399370634,0.6625185185185186,0.3374463671263064,0.6942573365773974,0.2894071759259259,0.7129631944444444,0.2633989673365036,0.6977911063441097,0.2835411547935439,0.7481625489101599,cec2014,30,300000,competition,ours vs L-SHADE default,GF-Method,LSHADE-N18,0.0001127935503980713,10000.0,0.0004511742015922852,nonzero,nonzero,nonzero,above,above,nonzero,nonzero,nonzero,above,above,nonzero,nonzero,nonzero,above,above,nonzero,nonzero,nonzero,above,above,False
-0.908962962962963,30,0.1638318124739127,0.02991145977630608,4,0.9875,-0.961925925925926,-0.8464444444444444,-0.9547407407407408,-0.8323703703703703,-0.9701387671369242,-0.8477871587890018,-0.9727407407407408,-0.8267402777777776,-0.9642222222222221,-0.8067695210742241,-0.988623034695727,-0.829302891230199,cec2014,50,15000,tight,L-SHADE 6D vs 18D,LSHADE-N6,LSHADE-N18,1.2057353185845037e-06,300.0,4.446360693150188e-06,nonzero,nonzero,nonzero,below,below,nonzero,nonzero,nonzero,below,below,nonzero,nonzero,nonzero,below,below,nonzero,nonzero,nonzero,below,below,False
-0.9319259259259259,30,0.15043400625184547,0.027465366213336315,4,0.9875,-0.9746666666666667,-0.8714814814814816,-0.9668148148148148,-0.8357933937523919,-0.9880989070374714,-0.8757529448143805,-0.9813333333333334,-0.849851851851852,-0.9722222222222222,-0.8011877330933252,-1.0,-0.8587802801071247,cec2014,50,15000,tight,ours 6D vs ours 18D,GF-Method,GF@18D,1.111590173287547e-06,300.0,4.446360693150188e-06,nonzero,nonzero,nonzero,below,below,nonzero,nonzero,nonzero,below,below,nonzero,nonzero,nonzero,below,below,nonzero,nonzero,nonzero,below,below,False
0.23688888888888887,30,0.5429843899044094,0.09913493290794181,4,0.9875,0.047475925925926026,0.42681666666666657,0.04411659124766529,0.424074074074074,0.03413518553472952,0.43964259224304825,-0.002301851851852253,0.4791851851851851,-0.00771554747137896,0.47488615243496496,-0.02712684039106278,0.5009046181688406,cec2014,50,15000,tight,ours vs L-SHADE at 6D,GF-Method,LSHADE-N6,0.03098480962216854,300.0,0.03098480962216854,nonzero,nonzero,nonzero,above,spans,nonzero,nonzero,nonzero,above,spans,nonzero,nonzero,nonzero,above,spans,nonzero,nonzero,nonzero,above,spans,False
-0.8402222222222222,30,0.2868186059669434,0.05236567346676025,4,0.9875,-0.9280740740740742,-0.7280740740740742,-0.9119259259259259,-0.6900388429746467,-0.9473220498266822,-0.7331223946177622,-0.9433337962962964,-0.6950351851851845,-0.925925925925926,-0.6332685411865948,-0.9796822598095877,-0.7007621846348567,cec2014,50,15000,tight,ours vs L-SHADE default,GF-Method,LSHADE-N18,2.185338890007665e-06,300.0,4.446360693150188e-06,nonzero,nonzero,nonzero,below,below,nonzero,nonzero,nonzero,below,below,nonzero,nonzero,nonzero,below,below,nonzero,nonzero,nonzero,below,below,False
0.2063703703703704,30,0.6092400428634807,0.11123150480391422,4,0.9875,-0.017344444444444267,0.4160787037037033,-0.03231854521857448,0.403947321338938,-0.021123600393621128,0.4338643411343619,-0.07722407407407424,0.4709629629629629,-0.09882058773355909,0.4553703703703703,-0.08986089744097084,0.5026016381817117,cec2014,50,500000,competition,L-SHADE 6D vs 18D,LSHADE-N6,LSHADE-N18,0.1243360522240793,10000.0,0.2486721044481586,inconclusive,inconclusive,inconclusive,spans,spans,inconclusive,inconclusive,inconclusive,spans,spans,inconclusive,inconclusive,inconclusive,spans,spans,inconclusive,inconclusive,inconclusive,spans,spans,True
-0.05344444444444443,30,0.5118615472057612,0.0934527052413636,4,0.9875,-0.2337046296296296,0.12381759259259233,-0.24029629629629629,0.1182657217303422,-0.2445766873415715,0.13768779845268264,-0.28707476851851865,0.1714826388888893,-0.29293512714261577,0.1632136756022497,-0.3023272893079667,0.19543840041907787,cec2014,50,500000,competition,ours 6D vs ours 18D,GF-Method,GF@18D,0.8665077835321426,10000.0,0.8665077835321426,inconclusive,inconclusive,inconclusive,spans,spans,inconclusive,inconclusive,inconclusive,spans,spans,inconclusive,inconclusive,inconclusive,spans,spans,inconclusive,inconclusive,inconclusive,spans,spans,False
0.31840740740740753,30,0.5231856836182236,0.09552020022715405,4,0.9875,0.13110925925925931,0.4965981481481477,0.12544058603539393,0.4917777777777778,0.12304666248038112,0.513768152334434,0.07788796296296288,0.5472222222222223,0.07100253563537849,0.5408947527668695,0.06401841874124614,0.5727963960735689,cec2014,50,500000,competition,ours vs L-SHADE at 6D,GF-Method,LSHADE-N6,0.004416151456324427,10000.0,0.013248454368973282,nonzero,nonzero,nonzero,above,above,nonzero,nonzero,nonzero,above,above,nonzero,nonzero,nonzero,above,above,nonzero,nonzero,nonzero,above,above,False
0.4196666666666667,30,0.5485275890638868,0.10014697798140494,4,0.9875,0.22133148148148152,0.6080018518518517,0.20950246834097722,0.5974485610724222,0.21484309872908616,0.6244902346042472,0.1657030092592592,0.6583335648148149,0.14581286606090674,0.6458663908171106,0.15295566327599697,0.6863776700573364,cec2014,50,500000,competition,ours vs L-SHADE default,GF-Method,LSHADE-N18,0.0009204418628551693,10000.0,0.003681767451420677,nonzero,nonzero,nonzero,above,above,nonzero,nonzero,nonzero,above,above,nonzero,nonzero,nonzero,above,above,nonzero,nonzero,nonzero,above,above,False
