mean,n,sd,se,k_family,adj_level,pct_lo,pct_hi,bca_lo,bca_hi,t_lo,t_hi,pct_adj_lo,pct_adj_hi,bca_adj_lo,bca_adj_hi,t_adj_lo,t_adj_hi,dim,block,max_fes,candidate,versus,p,p_holm,verdict_pct_0.05,verdict_pct_0.1,verdict_pct_0.147,side_pct,side_pct_adj,verdict_bca_0.05,verdict_bca_0.1,verdict_bca_0.147,side_bca,side_bca_adj,verdict_t_0.05,verdict_t_0.1,verdict_t_0.147,side_t,side_t_adj,verdict_all_0.05,verdict_all_0.1,verdict_all_0.147,side_all,side_all_adj,tie_002
0.3282407407407407,12,0.40273432948056753,0.11625938676875455,6,0.9916666666666667,0.1209189814814816,0.550372685185185,0.1337962962962963,0.5679629629629629,0.07235555574135771,0.5841259257401237,0.0564193672839506,0.6262048611111111,0.07537069903916871,0.6449800054639075,-0.044733594392530496,0.7012150758740119,10,matched,15000,LPSR-12D,LPSR-6D,0.013671875,0.0205078125,nonzero,nonzero,nonzero,above,above,nonzero,nonzero,nonzero,above,above,nonzero,nonzero,nonzero,above,spans,nonzero,nonzero,nonzero,above,spans,False
0.5674074074074074,12,0.434448534774548,0.1254144892505619,6,0.9916666666666667,0.32537037037037037,0.7987083333333328,0.31055555555555553,0.7849703729875277,0.2913719777064483,0.8434428371083664,0.2388888888888889,0.8661111111111112,0.2179712897973057,0.8502346372510995,0.16506238353980718,0.9697524312750075,10,matched,15000,LPSR-18D,LPSR-6D,0.0029296875,0.01171875,nonzero,nonzero,nonzero,above,above,nonzero,nonzero,nonzero,above,above,nonzero,nonzero,nonzero,above,above,nonzero,nonzero,nonzero,above,above,False
0.8937037037037037,12,0.18933834425325516,0.05465727201126745,6,0.9916666666666667,0.7787037037037038,0.9918518518518519,0.7507407407407408,0.9698148148148148,0.7734038591158119,1.0,0.743579475308642,0.9992592592592593,0.7011111111111111,0.9951851851851852,0.718356488694312,1.0,10,matched,15000,N120,LPSR-6D,0.00048828125,0.0029296875,nonzero,nonzero,nonzero,above,above,nonzero,nonzero,nonzero,above,above,nonzero,nonzero,nonzero,above,above,nonzero,nonzero,nonzero,above,above,False
0.9057407407407408,12,0.1486020403789552,0.04289771400745871,6,0.9916666666666667,0.8211018518518519,0.9742592592592593,0.8064814814814816,0.974074074074074,0.811323508808469,1.0,0.7903703703703705,1.0,0.7704511222719914,0.9883333333333333,0.7681196263915538,1.0,10,matched,15000,N120b,LPSR-6D,0.00048828125,0.0029296875,nonzero,nonzero,nonzero,above,above,nonzero,nonzero,nonzero,above,above,nonzero,nonzero,nonzero,above,above,nonzero,nonzero,nonzero,above,above,False
0.24879629629629632,12,0.278656572857537,0.08044122367537877,6,0.9916666666666667,0.10944212962962967,0.40500231481481463,0.12413815984572463,0.4291666666666667,0.07174635672717544,0.4258462358654172,0.06845640432098764,0.46385841049382714,0.08759259259259256,0.5007322812455354,-0.009268989884058082,0.5068615824766507,10,matched,15000,N30,LPSR-6D,0.009765625,0.0205078125,nonzero,nonzero,nonzero,above,above,nonzero,nonzero,nonzero,above,above,nonzero,nonzero,nonzero,above,spans,nonzero,nonzero,nonzero,above,spans,False
0.38324074074074077,12,0.40526652446858324,0.1169903684977403,6,0.9916666666666667,0.17147916666666668,0.5984282407407405,0.17400971938455595,0.6019711962568252,0.12574667580356202,0.6407348056779195,0.10178973765432096,0.6711790123456794,0.10484139288970053,0.6770906505884313,0.007921326797572514,0.758560154683909,10,matched,15000,N4D,LPSR-6D,0.0068359375,0.0205078125,nonzero,nonzero,nonzero,above,above,nonzero,nonzero,nonzero,above,above,nonzero,nonzero,nonzero,above,above,nonzero,nonzero,nonzero,above,above,False
0.012685185185185176,12,0.18643953132384344,0.05382045679870434,6,0.9916666666666667,-0.0787037037037037,0.12481481481481481,-0.06462962962962963,0.15425925925925923,-0.10577284153811622,0.13114321190848657,-0.10552507716049385,0.1696296296296296,-0.08543680584978819,0.22167535887440798,-0.15997742425204795,0.18534779462241832,10,competition,200000,LPSR-12D,LPSR-6D,1.0,1.0,inconclusive,inconclusive,negligible,spans,spans,inconclusive,inconclusive,inconclusive,spans,spans,inconclusive,inconclusive,negligible,spans,spans,inconclusive,inconclusive,inconclusive,spans,spans,False
0.00981481481481482,12,0.21493549959501307,0.06204653427479375,6,0.9916666666666667,-0.09777777777777778,0.1307523148148138,-0.08675925925925926,0.14759259259259258,-0.12674868635912345,0.14637831598875312,-0.13111111111111112,0.18185185185185185,-0.11435185185185186,0.2046454221668797,-0.18923805748783196,0.20886768711746162,10,competition,200000,LPSR-18D,LPSR-6D,0.84375,1.0,inconclusive,inconclusive,negligible,spans,spans,inconclusive,inconclusive,inconclusive,spans,spans,inconclusive,inconclusive,negligible,spans,spans,inconclusive,inconclusive,inconclusive,spans,spans,False
0.10194444444444445,12,0.4173251698839057,0.12047139958603964,6,0.9916666666666667,-0.09555555555555552,0.35149074074073994,-0.07159273106500227,0.4044293149672888,-0.16321131825989882,0.3671002071487877,-0.1327472993827161,0.4527168209876543,-0.10471781657268447,0.5610062449121721,-0.2845425430755494,0.4884314319644383,10,competition,200000,N120,LPSR-6D,1.0,1.0,inconclusive,inconclusive,inconclusive,spans,spans,inconclusive,inconclusive,inconclusive,spans,spans,inconclusive,inconclusive,inconclusive,spans,spans,inconclusive,inconclusive,inconclusive,spans,spans,False
0.15268518518518517,12,0.3823574045458956,0.11037707522060974,6,0.9916666666666667,-0.024537037037037038,0.38675925925925925,-0.006388888888888891,0.4612962962962963,-0.09025311938969544,0.3956234897600658,-0.05203703703703704,0.4777191358024693,-0.02944444444444445,0.5683653518636722,-0.20141797489982996,0.5067883452702003,10,competition,200000,N120b,LPSR-6D,0.4375,1.0,inconclusive,inconclusive,inconclusive,spans,spans,inconclusive,inconclusive,inconclusive,spans,spans,inconclusive,inconclusive,inconclusive,spans,spans,inconclusive,inconclusive,inconclusive,spans,spans,True
0.22046296296296297,12,0.28644163837688547,0.08268857851200613,6,0.9916666666666667,0.06814814814814814,0.37833333333333335,0.0778873013894883,0.38871040107255633,0.038466628748965115,0.40245929717696083,0.029412808641975253,0.4372843364197532,0.0377881850981602,0.44962962962962966,-0.044812112459329034,0.485738038385255,10,competition,200000,N30,LPSR-6D,0.0390625,0.234375,nonzero,nonzero,nonzero,above,above,nonzero,nonzero,nonzero,above,above,nonzero,nonzero,nonzero,above,spans,nonzero,nonzero,nonzero,above,spans,False
0.15194444444444444,12,0.2489191562584387,0.07185677093613205,6,0.9916666666666667,0.030555555555555558,0.2964837962962961,0.04675925925925926,0.32715780273238937,-0.006211242038086373,0.31010013092697525,-0.00015470679012348398,0.3525925925925926,0.019421723894680828,0.41041062560555236,-0.07858086718510635,0.38246975607399525,10,competition,200000,N4D,LPSR-6D,0.078125,0.390625,nonzero,nonzero,nonzero,above,spans,nonzero,nonzero,nonzero,above,above,inconclusive,inconclusive,inconclusive,spans,spans,inconclusive,inconclusive,inconclusive,spans,spans,True
0.7029629629629631,12,0.31783828389617197,0.0917520093831118,6,0.9916666666666667,0.5248101851851853,0.8642638888888886,0.5037037037037037,0.8522222222222222,0.5010181519021453,0.904907774023781,0.4639498456790123,0.9118541666666669,0.43333096642335966,0.8925925925925927,0.40861129254795164,0.9973146333779745,20,matched,15000,LPSR-12D,LPSR-6D,0.00048828125,0.0029296875,nonzero,nonzero,nonzero,above,above,nonzero,nonzero,nonzero,above,above,nonzero,nonzero,nonzero,above,above,nonzero,nonzero,nonzero,above,above,False
0.8512962962962963,12,0.20456179840760003,0.05905190468827092,6,0.9916666666666667,0.7318518518518519,0.9540879629629618,0.7145983305132979,0.9442592592592594,0.7213239304022662,0.9812686621903265,0.6890108024691356,0.981851851851852,0.6661277343052234,0.9668518518518519,0.6618505620497395,1.0,20,matched,15000,LPSR-18D,LPSR-6D,0.00048828125,0.0029296875,nonzero,nonzero,nonzero,above,above,nonzero,nonzero,nonzero,above,above,nonzero,nonzero,nonzero,above,above,nonzero,nonzero,nonzero,above,above,False
0.951111111111111,12,0.12630997092157356,0.03646254785645215,6,0.9916666666666667,0.8766666666666666,0.9988888888888888,0.8077777777777778,0.9944444444444445,0.8708575843799287,1.0,0.8427777777777777,1.0,0.777954136682846,0.9977777777777778,0.8341347970086157,1.0,20,matched,15000,N120,LPSR-6D,0.00048828125,0.0029296875,nonzero,nonzero,nonzero,above,above,nonzero,nonzero,nonzero,above,above,nonzero,nonzero,nonzero,above,above,nonzero,nonzero,nonzero,above,above,False
0.9524074074074074,12,0.12625827601933462,0.03644762482359046,6,0.9916666666666667,0.8761111111111112,0.997037037037037,0.8083333333333335,0.9925925925925926,0.8721867260500972,1.0,0.8400000000000002,1.0,0.7426158264069409,0.9951851851851853,0.8354789682199142,1.0,20,matched,15000,N120b,LPSR-6D,0.00048828125,0.0029296875,nonzero,nonzero,nonzero,above,above,nonzero,nonzero,nonzero,above,above,nonzero,nonzero,nonzero,above,above,nonzero,nonzero,nonzero,above,above,False
0.014074074074074058,12,0.5828135892037596,0.16824379130708128,6,0.9916666666666667,-0.3164814814814815,0.3100046296296292,-0.35269244870727745,0.2881481481481482,-0.3562280138703665,0.38437616201851466,-0.4521026234567904,0.3927168209876543,-0.4990468906230845,0.36347384882164113,-0.5256725902350491,0.5538207383831971,20,matched,15000,N30,LPSR-6D,0.90966796875,0.90966796875,inconclusive,inconclusive,inconclusive,spans,spans,inconclusive,inconclusive,inconclusive,spans,spans,inconclusive,inconclusive,inconclusive,spans,spans,inconclusive,inconclusive,inconclusive,spans,spans,False
0.7655555555555554,12,0.3040327526806632,0.08776669580132192,6,0.9916666666666667,0.5885092592592595,0.9179629629629629,0.5477777777777778,0.8966666666666666,0.5723823605465688,0.9587287505645421,0.5191959876543208,0.9531481481481482,0.434484429219151,0.9288888888888889,0.4839892586469623,1.0,20,matched,15000,N4D,LPSR-6D,0.00048828125,0.0029296875,nonzero,nonzero,nonzero,above,above,nonzero,nonzero,nonzero,above,above,nonzero,nonzero,nonzero,above,above,nonzero,nonzero,nonzero,above,above,False
-0.04888888888888889,12,0.27924019083055396,0.0806096996722914,6,0.9916666666666667,-0.20824768518518505,0.09203703703703703,-0.23398148148148148,0.07629629629629629,-0.2263096416270461,0.1285318638492683,-0.27061998456790143,0.1366396604938274,-0.30842791257087204,0.11425925925925927,-0.30749466667754144,0.20971688889976367,20,competition,1000000,LPSR-12D,LPSR-6D,0.578125,0.578125,inconclusive,inconclusive,inconclusive,spans,spans,inconclusive,inconclusive,inconclusive,spans,spans,inconclusive,inconclusive,inconclusive,spans,spans,inconclusive,inconclusive,inconclusive,spans,spans,False
-0.09398148148148149,12,0.3041030520934559,0.08778698949377178,6,0.9916666666666667,-0.26231481481481483,0.06324074074074075,-0.2781248107753259,0.053844524838360594,-0.2871993426063938,0.09923637964343081,-0.3266666666666667,0.11713541666666703,-0.34840454761884626,0.10296296296296296,-0.37561288303804546,0.18764992007508247,20,competition,1000000,LPSR-18D,LPSR-6D,0.21875,0.4375,inconclusive,inconclusive,inconclusive,spans,spans,inconclusive,inconclusive,inconclusive,spans,spans,inconclusive,inconclusive,inconclusive,spans,spans,inconclusive,inconclusive,inconclusive,spans,spans,False
0.14222222222222222,12,0.28940590875524064,0.08354428966245322,6,0.9916666666666667,0.009999999999999995,0.31777777777777777,0.03333333333333333,0.39240455944133257,-0.04165751953523464,0.32610196397967905,-0.01666666666666667,0.39308950617283966,0.009814814814814813,0.5150535797191831,-0.12579807925256012,0.41024252369700454,20,competition,1000000,N120,LPSR-6D,0.078125,0.3125,nonzero,nonzero,nonzero,above,spans,nonzero,nonzero,nonzero,above,above,inconclusive,inconclusive,inconclusive,spans,spans,inconclusive,inconclusive,inconclusive,spans,spans,True
0.15351851851851853,12,0.2924097156827455,0.08441141403154752,6,0.9916666666666667,0.011851851851851851,0.32611574074074035,0.035,0.3755555555555556,-0.03226975110726871,0.33930678814430576,-0.011851851851851851,0.3927800925925927,0.00425925925925926,0.470294101863304,-0.11728362401038953,0.4243206610474266,20,competition,1000000,N120b,LPSR-6D,0.109375,0.328125,nonzero,nonzero,nonzero,above,spans,nonzero,nonzero,nonzero,above,above,inconclusive,inconclusive,inconclusive,spans,spans,inconclusive,inconclusive,inconclusive,spans,spans,True
0.44972222222222236,12,0.32722042152786085,0.09446039922672664,6,0.9916666666666667,0.2760162037037038,0.6286134259259257,0.2797222222222222,0.6330555555555557,0.2418162853078653,0.6576281591365793,0.2200925925925926,0.6873159722222223,0.22656154585525695,0.6944432665046818,0.1466817058629844,0.7527627385814604,20,competition,1000000,N30,LPSR-6D,0.0009765625,0.005859375,nonzero,nonzero,nonzero,above,above,nonzero,nonzero,nonzero,above,above,nonzero,nonzero,nonzero,above,above,nonzero,nonzero,nonzero,above,above,False
0.2347222222222222,12,0.31779442105176636,0.09173934727059929,6,0.9916666666666667,0.07935185185185185,0.41740740740740745,0.0985384077618814,0.45441959452852476,0.032805280283139754,0.43663916416130466,0.03398148148148148,0.48642283950617304,0.06138888888888889,0.5276677109745941,-0.0595888265868528,0.5290332710312972,20,competition,1000000,N4D,LPSR-6D,0.015625,0.078125,nonzero,nonzero,nonzero,above,above,nonzero,nonzero,nonzero,above,above,nonzero,nonzero,nonzero,above,spans,nonzero,nonzero,nonzero,above,spans,False
