contrast,arm_a,arm_b,n_functions,functions_changed,full_mean,full_pct_lo,full_pct_hi,full_bca_lo,full_bca_hi,full_t_lo,full_t_hi,full_t_adj_lo,full_t_adj_hi,full_sides,full_side_adj_t,full_tie,1e8_mean,1e8_pct_lo,1e8_pct_hi,1e8_bca_lo,1e8_bca_hi,1e8_t_lo,1e8_t_hi,1e8_t_adj_lo,1e8_t_adj_hi,1e8_sides,1e8_side_adj_t,1e8_tie,mean_shift,classification_changed
"primary endpoint, CEC2014 D=30",GF-Method,SEHHO-COBL,30,2,-0.6178148148148147,-0.7757787037037038,-0.4382212962962964,-0.7561190237992963,-0.4067777777777777,-0.7962955619766622,-0.43933406765296723,-0.8241002140826804,-0.411529415546949,below/below/below,below,False,-0.5945555555555555,-0.7568527777777779,-0.4099981481481483,-0.7395216991378701,-0.3860839362416197,-0.7778254333206827,-0.41128567779042835,-0.806376160913452,-0.382734950197659,below/below/below,below,False,0.023259259259259202,False
"primary endpoint, CEC2014 D=50",GF-Method,SEHHO-COBL,30,3,-0.6207407407407408,-0.79445,-0.4166666666666667,-0.7731111111111111,-0.3746666666666667,-0.8222422191649833,-0.41923926231649833,-0.8536331596194955,-0.3878483218619861,below/below/below,below,False,-0.5878148148148148,-0.7663759259259258,-0.38088425925925967,-0.7458949760327643,-0.3447493334879078,-0.7922979700375731,-0.3833316595920565,-0.824153411495099,-0.3514762181345306,below/below/below,below,False,0.032925925925926025,False
"Table 5: L-SHADE 6D vs 18D, cec2017 D=30 tight",LSHADE-N6,LSHADE-N18,29,0,-0.9458237547892719,-0.9729521072796935,-0.9139463601532567,-0.9693486590038313,-0.9069731800766283,-0.9773832198260015,-0.9142642897525424,-0.9869519749767118,-0.904695534601832,below/below/below,below,False,-0.9458237547892719,-0.9729521072796935,-0.9139463601532567,-0.9693486590038313,-0.9069731800766283,-0.9773832198260015,-0.9142642897525424,-0.9869519749767118,-0.904695534601832,below/below/below,below,False,0.0,False
"Table 5: ours 6D vs ours 18D, cec2017 D=30 tight",GF-Method,GF@18D,29,0,-0.9282758620689655,-0.9727203065134099,-0.8724137931034485,-0.9657471264367815,-0.8572079422893514,-0.9816763506372852,-0.8748753735006458,-0.9978672524616307,-0.8586844716763004,below/below/below,below,False,-0.9282758620689655,-0.9727203065134099,-0.8724137931034485,-0.9657471264367815,-0.8572079422893514,-0.9816763506372852,-0.8748753735006458,-0.9978672524616307,-0.8586844716763004,below/below/below,below,False,0.0,False
"Table 5: ours vs L-SHADE at 6D, cec2017 D=30 tight",GF-Method,LSHADE-N6,29,0,0.020229885057471274,-0.12505747126436784,0.16368007662835232,-0.12659003831417626,0.1620689655172414,-0.13391436959216005,0.1743741397071026,-0.18065054300050068,0.22111031311544324,spans/spans/spans,spans,False,0.020229885057471274,-0.12505747126436784,0.16368007662835232,-0.12659003831417626,0.1620689655172414,-0.13391436959216005,0.1743741397071026,-0.18065054300050068,0.22111031311544324,spans/spans/spans,spans,False,0.0,False
"Table 5: ours vs L-SHADE default, cec2017 D=30 tight",GF-Method,LSHADE-N18,29,0,-0.8715708812260535,-0.9408448275862069,-0.7885038314176246,-0.931494252873563,-0.7704245299139012,-0.9528531410276607,-0.7902886214244463,-0.977497729940458,-0.765644032511649,below/below/below,below,False,-0.8715708812260535,-0.9408448275862069,-0.7885038314176246,-0.931494252873563,-0.7704245299139012,-0.9528531410276607,-0.7902886214244463,-0.977497729940458,-0.765644032511649,below/below/below,below,False,0.0,False
"Table 5: L-SHADE 6D vs 18D, cec2017 D=30 competition",LSHADE-N6,LSHADE-N18,29,3,0.46471264367816084,0.34191379310344827,0.5845239463601529,0.3404011019492118,0.5829849585637236,0.3359548759790947,0.593470411377227,0.29691582536684535,0.6325094619894763,above/above/above,above,False,0.4317241379310345,0.306051724137931,0.5595402298850575,0.3060536398467433,0.5596205582403811,0.2957422710953651,0.5677060047667039,0.2545128907122479,0.608935385149821,above/above/above,above,False,-0.03298850574712636,False
"Table 5: ours 6D vs ours 18D, cec2017 D=30 competition",GF-Method,GF@18D,29,4,0.2588122605363985,0.1599961685823756,0.3552883141762452,0.15755243747757353,0.3525018405708135,0.15590931513535805,0.36171520593743894,0.12470938548878435,0.39291513558401264,above/above/above,above,False,0.24567049808429117,0.145132183908046,0.344367816091954,0.14306513409961685,0.34272134952130173,0.14048570733347238,0.35085528883510997,0.10859392757415429,0.3827470685944281,above/above/above,above,False,-0.013141762452107325,False
"Table 5: ours vs L-SHADE at 6D, cec2017 D=30 competition",GF-Method,LSHADE-N6,29,4,0.27203065134099613,0.08903831417624526,0.4597701149425286,0.08944912925052174,0.4601364182925986,0.07349876986377032,0.4705625328182219,0.013304372992515023,0.5307569296894772,above/above/above,above,False,0.29609195402298855,0.1194616858237548,0.4753275862068963,0.12015325670498085,0.4760094380931914,0.10486329194353841,0.4873206161024387,0.04688321391919323,0.5453006941267838,above/above/above,above,False,0.024061302681992414,False
"Table 5: ours vs L-SHADE default, cec2017 D=30 competition",GF-Method,LSHADE-N18,29,4,0.5418773946360154,0.38919348659003833,0.688545019157088,0.3833678499505393,0.6826260651496726,0.383085189149348,0.7006696001226826,0.33493976804113745,0.7488150212308933,above/above/above,above,False,0.5389655172413794,0.38662643678160924,0.6861302681992336,0.3801749532021955,0.6809921403437182,0.37985051445447005,0.6980805200282888,0.331607221968347,0.7463238125144118,above/above/above,above,False,-0.002911877394635942,False
"Table 5: L-SHADE 6D vs 18D, cec2017 D=50 tight",LSHADE-N6,LSHADE-N18,29,0,-0.9655938697318006,-0.9884291187739462,-0.9391570881226055,-0.9855938697318007,-0.9331800766283525,-0.9921773996417088,-0.9390103398218924,-1.0,-0.9309502764319252,below/below/below,below,False,-0.9655938697318006,-0.9884291187739462,-0.9391570881226055,-0.9855938697318007,-0.9331800766283525,-0.9921773996417088,-0.9390103398218924,-1.0,-0.9309502764319252,below/below/below,below,False,0.0,False
"Table 5: ours 6D vs ours 18D, cec2017 D=50 tight",GF-Method,GF@18D,29,0,-0.9744061302681992,-0.9963984674329501,-0.9406896551724139,-0.9925670498084291,-0.9185084325858054,-1.0,-0.9436557439464045,-1.0,-0.9343322995483274,below/below/below,below,False,-0.9744061302681992,-0.9963984674329501,-0.9406896551724139,-0.9925670498084291,-0.9185084325858054,-1.0,-0.9436557439464045,-1.0,-0.9343322995483274,below/below/below,below,False,0.0,False
"Table 5: ours vs L-SHADE at 6D, cec2017 D=50 tight",GF-Method,LSHADE-N6,29,0,0.055402298850574724,-0.1253639846743295,0.2346379310344826,-0.12695523746995685,0.23265328997672374,-0.13645349185460054,0.24725808955574996,-0.1946237137949018,0.30542831149605126,spans/spans/spans,spans,False,0.055402298850574724,-0.1253639846743295,0.2346379310344826,-0.12695523746995685,0.23265328997672374,-0.13645349185460054,0.24725808955574996,-0.1946237137949018,0.30542831149605126,spans/spans/spans,spans,False,0.0,False
"Table 5: ours vs L-SHADE default, cec2017 D=50 tight",GF-Method,LSHADE-N18,29,0,-0.9306513409961686,-0.9777011494252873,-0.8674329501915709,-0.9689655172413794,-0.8447880636679532,-0.990066558329452,-0.8712361236628853,-1.0,-0.8532215703037976,below/below/below,below,False,-0.9306513409961686,-0.9777011494252873,-0.8674329501915709,-0.9689655172413794,-0.8447880636679532,-0.990066558329452,-0.8712361236628853,-1.0,-0.8532215703037976,below/below/below,below,False,0.0,False
"Table 5: L-SHADE 6D vs 18D, cec2017 D=50 competition",LSHADE-N6,LSHADE-N18,29,5,0.5166283524904215,0.3589655172413794,0.6597346743295016,0.3447498017086712,0.6485057471264367,0.35755458974779625,0.6757021152330467,0.30932380114555397,0.7239329038352891,above/above/above,above,False,0.5040229885057472,0.3469722222222222,0.6488141762452106,0.3346743295019157,0.6393034710795406,0.3436120303280824,0.664433946683412,0.29497580723283934,0.7130701697786551,above/above/above,above,False,-0.012605363984674267,False
"Table 5: ours 6D vs ours 18D, cec2017 D=50 competition",GF-Method,GF@18D,29,2,0.2504980842911877,0.07233620689655175,0.42674616858237524,0.07232372971487397,0.42673192473896093,0.06266047324311436,0.43833569533926103,0.005708553870541144,0.49528761471183425,above/above/above,above,False,0.23505747126436777,0.054290229885057495,0.41425478927203047,0.05582389864910457,0.4157471264367817,0.04494837871076285,0.4251665638179727,-0.012692248481493057,0.4828071910102286,above/above/above,spans,False,-0.015440613026819927,True
"Table 5: ours vs L-SHADE at 6D, cec2017 D=50 competition",GF-Method,LSHADE-N6,29,3,0.34160919540229884,0.15137835249042145,0.5242538314176244,0.14499846155634946,0.5191570881226054,0.14381739926198497,0.5394009915426127,0.0838473945143382,0.5993709962902595,above/above/above,above,False,0.3387739463601533,0.14953927203065132,0.5198515325670494,0.14391529319410093,0.5152589958717881,0.14181331533369607,0.5357345773866105,0.08209531788259405,0.5954525748377125,above/above/above,above,False,-0.002835249042145549,False
"Table 5: ours vs L-SHADE default, cec2017 D=50 competition",GF-Method,LSHADE-N18,29,2,0.7025670498084292,0.5508045977011494,0.8334885057471264,0.5247341201077228,0.8193869731800767,0.5523268682168474,0.852807231400011,0.5067744005253014,0.898359699091557,above/above/above,above,False,0.6977777777777778,0.5475431034482758,0.8285450191570879,0.5216646875962467,0.8134445909097788,0.5484717067848986,0.847083848770657,0.5032024592174033,0.8923530963381524,above/above/above,above,False,-0.004789272030651381,False
"Table 5: L-SHADE 6D vs 18D, cec2014 D=30 tight",LSHADE-N6,LSHADE-N18,30,0,-0.8882222222222222,-0.9460000000000001,-0.8142944444444445,-0.9371304594446037,-0.7874305853940754,-0.9601394719366143,-0.8163049725078302,-0.9818692669718199,-0.7945751774726246,below/below/below,below,False,-0.8882222222222222,-0.9460000000000001,-0.8142944444444445,-0.9371304594446037,-0.7874305853940754,-0.9601394719366143,-0.8163049725078302,-0.9818692669718199,-0.7945751774726246,below/below/below,below,False,0.0,False
"Table 5: ours 6D vs ours 18D, cec2014 D=30 tight",GF-Method,GF@18D,30,0,-0.9354814814814816,-0.9675555555555556,-0.8967407407407408,-0.964,-0.8897037037037037,-0.9732287255855804,-0.8977342373773828,-0.9846340543597395,-0.8863289086032237,below/below/below,below,False,-0.9354814814814816,-0.9675555555555556,-0.8967407407407408,-0.964,-0.8897037037037037,-0.9732287255855804,-0.8977342373773828,-0.9846340543597395,-0.8863289086032237,below/below/below,below,False,0.0,False
"Table 5: ours vs L-SHADE at 6D, cec2014 D=30 tight",GF-Method,LSHADE-N6,30,0,0.184,0.03155370370370372,0.33052037037037024,0.03146028956447595,0.3305024781255666,0.02456498015603703,0.34343501984396296,-0.02360830673134992,0.39160830673134994,above/above/above,spans,False,0.184,0.03155370370370372,0.33052037037037024,0.03146028956447595,0.3305024781255666,0.02456498015603703,0.34343501984396296,-0.02360830673134992,0.39160830673134994,above/above/above,spans,False,0.0,False
"Table 5: ours vs L-SHADE default, cec2014 D=30 tight",GF-Method,LSHADE-N18,30,0,-0.8194074074074075,-0.9080740740740741,-0.7051111111111111,-0.8934074074074075,-0.6633113209540753,-0.9271842686819356,-0.7116305461328793,-0.9597490443697441,-0.6790657704450709,below/below/below,below,False,-0.8194074074074075,-0.9080740740740741,-0.7051111111111111,-0.8934074074074075,-0.6633113209540753,-0.9271842686819356,-0.7116305461328793,-0.9597490443697441,-0.6790657704450709,below/below/below,below,False,0.0,False
"Table 5: L-SHADE 6D vs 18D, cec2014 D=30 competition",LSHADE-N6,LSHADE-N18,30,2,0.2687407407407407,0.08196203703703706,0.4433703703703704,0.06834350766666204,0.4324814814814815,0.07612849557376586,0.46135298590771556,0.017930710961994833,0.5195507705194866,above/above/above,above,False,0.2638148148148148,0.07925833333333336,0.43648796296296233,0.06610867367466698,0.4253011471436886,0.07329706121671983,0.4543325684129097,0.015732127175228927,0.5118975024544006,above/above/above,above,False,-0.004925925925925945,False
"Table 5: ours 6D vs ours 18D, cec2014 D=30 competition",GF-Method,GF@18D,30,2,0.19744444444444442,0.02055555555555555,0.3715185185185186,0.01185381664412449,0.36408960824142467,0.010927674524215336,0.3839612143646735,-0.045428362408383105,0.44031725129727195,above/above/above,spans,True,0.2001851851851852,0.02259166666666668,0.3753351851851851,0.01266666666666667,0.3668148644072883,0.012882194566104621,0.38748817580426576,-0.0437113989291589,0.44408176929952925,above/above/above,spans,True,0.002740740740740766,False
"Table 5: ours vs L-SHADE at 6D, cec2014 D=30 competition",GF-Method,LSHADE-N6,30,1,0.28018518518518515,0.09403425925925929,0.462894444444444,0.08874074074074073,0.4591420339358624,0.08507014476646582,0.4753002256039045,0.026116140637799046,0.5342542297325712,above/above/above,above,False,0.28014814814814815,0.09399629629629636,0.4628203703703698,0.08871703154346407,0.4590539964918285,0.08504680880156001,0.4752494874947363,0.0260969444514631,0.5341993518448331,above/above/above,above,False,-3.703703703700212e-05,False
"Table 5: ours vs L-SHADE default, cec2014 D=30 competition",GF-Method,LSHADE-N18,30,1,0.5158518518518519,0.33992500000000003,0.6782999999999995,0.32549651257277923,0.6654074074074073,0.3374463671263064,0.6942573365773974,0.2835411547935439,0.7481625489101599,above/above/above,above,False,0.5174814814814815,0.3413703703703704,0.6794453703703701,0.32687150320825337,0.6664668329801327,0.338970623931683,0.6959923390312801,0.285033573202953,0.7499293897600101,above/above/above,above,False,0.0016296296296296475,False
"Table 5: L-SHADE 6D vs 18D, cec2014 D=50 tight",LSHADE-N6,LSHADE-N18,30,0,-0.908962962962963,-0.9617777777777777,-0.8461481481481482,-0.9545925925925927,-0.8327266418100411,-0.9701387671369242,-0.8477871587890018,-0.988623034695727,-0.829302891230199,below/below/below,below,False,-0.908962962962963,-0.9617777777777777,-0.8461481481481482,-0.9545925925925927,-0.8327266418100411,-0.9701387671369242,-0.8477871587890018,-0.988623034695727,-0.829302891230199,below/below/below,below,False,0.0,False
"Table 5: ours 6D vs ours 18D, cec2014 D=50 tight",GF-Method,GF@18D,30,0,-0.9319259259259259,-0.9747407407407407,-0.872148148148148,-0.9668148148148147,-0.8367941952982759,-0.9880989070374714,-0.8757529448143805,-1.0,-0.8587802801071247,below/below/below,below,False,-0.9319259259259259,-0.9747407407407407,-0.872148148148148,-0.9668148148148147,-0.8367941952982759,-0.9880989070374714,-0.8757529448143805,-1.0,-0.8587802801071247,below/below/below,below,False,0.0,False
"Table 5: ours vs L-SHADE at 6D, cec2014 D=50 tight",GF-Method,LSHADE-N6,30,0,0.23688888888888887,0.039181481481481546,0.42911111111111117,0.04088888888888889,0.4301481481481481,0.03413518553472952,0.43964259224304825,-0.02712684039106278,0.5009046181688406,above/above/above,spans,False,0.23688888888888887,0.039181481481481546,0.42911111111111117,0.04088888888888889,0.4301481481481481,0.03413518553472952,0.43964259224304825,-0.02712684039106278,0.5009046181688406,above/above/above,spans,False,0.0,False
"Table 5: ours vs L-SHADE default, cec2014 D=50 tight",GF-Method,LSHADE-N18,30,0,-0.8402222222222222,-0.9275555555555556,-0.7297777777777779,-0.9134074074074074,-0.6924650466446183,-0.9473220498266822,-0.7331223946177622,-0.9796822598095877,-0.7007621846348567,below/below/below,below,False,-0.8402222222222222,-0.9275555555555556,-0.7297777777777779,-0.9134074074074074,-0.6924650466446183,-0.9473220498266822,-0.7331223946177622,-0.9796822598095877,-0.7007621846348567,below/below/below,below,False,0.0,False
"Table 5: L-SHADE 6D vs 18D, cec2014 D=50 competition",LSHADE-N6,LSHADE-N18,30,3,0.2063703703703704,-0.015483333333333288,0.4157037037037037,-0.03411529555680559,0.40278383741750523,-0.021123600393621128,0.4338643411343619,-0.08986089744097084,0.5026016381817117,spans/spans/spans,spans,False,0.17277777777777778,-0.043298148148148106,0.380298148148148,-0.057592592592592584,0.3663278537740991,-0.05140232660379662,0.3969578821593522,-0.11913833901429002,0.46469389456984556,spans/spans/spans,spans,False,-0.03359259259259262,False
"Table 5: ours 6D vs ours 18D, cec2014 D=50 competition",GF-Method,GF@18D,30,3,-0.05344444444444443,-0.23729814814814806,0.12459259259259259,-0.24420077240281904,0.11815666726825348,-0.2445766873415715,0.13768779845268264,-0.3023272893079667,0.19543840041907787,spans/spans/spans,spans,False,-0.07381481481481479,-0.2514472222222222,0.09885277777777769,-0.25725925925925924,0.09385233571041923,-0.2594067795013048,0.11177714987167521,-0.31548338655781033,0.16785375692818072,spans/spans/spans,spans,False,-0.020370370370370358,False
"Table 5: ours vs L-SHADE at 6D, cec2014 D=50 competition",GF-Method,LSHADE-N6,30,3,0.31840740740740753,0.13532962962962972,0.49707407407407417,0.1337777777777778,0.495543023630383,0.12304666248038112,0.513768152334434,0.06401841874124614,0.5727963960735689,above/above/above,above,False,0.3281111111111112,0.14914629629629633,0.5032962962962962,0.14625564735155688,0.5013333333333334,0.1366253179630483,0.519596904259174,0.07876789079799779,0.5774543314242246,above/above/above,above,False,0.009703703703703659,False
"Table 5: ours vs L-SHADE default, cec2014 D=50 competition",GF-Method,LSHADE-N18,30,3,0.4196666666666667,0.22137037037037038,0.6054111111111107,0.20828179045545964,0.5967777777777776,0.21484309872908616,0.6244902346042472,0.15295566327599697,0.6863776700573364,above/above/above,above,False,0.3952592592592593,0.19073888888888896,0.5882999999999995,0.18049221033313348,0.5791111111111111,0.1847745384530673,0.6057439800654514,0.12117658581548574,0.6693419327030329,above/above/above,above,False,-0.024407407407407378,False
"E6: N=120 vs N=30, CEC2017 D=30, 300,000",E6_popsize_N120,E6_popsize_N30,29,3,-0.5953256704980843,-0.7241379310344828,-0.4522605363984674,-0.7125670498084289,-0.4340996168582376,-0.7405150180804261,-0.45013632291574246,-0.7405150180804261,-0.45013632291574246,below/below/below,below,False,-0.5746743295019158,-0.7141379310344826,-0.4201522988505748,-0.7014176245210728,-0.40226155753026127,-0.7315507057240629,-0.41779795327976865,-0.7315507057240629,-0.41779795327976865,below/below/below,below,False,0.0206513409961685,False
"E4b: gate removed, Levy off, 300,000",SEHHO:AlwaysPbest+NoLevy,SEHHO:NoLevy,29,3,-0.142911877394636,-0.20900383141762455,-0.07923180076628368,-0.20936614947994042,-0.07955628207181484,-0.21212044549246567,-0.07370330929680634,-0.21212044549246567,-0.07370330929680634,below/below/below,below,False,-0.13559386973180076,-0.20321934865900385,-0.07042049808429128,-0.20337164750957853,-0.0705068878361617,-0.2062934171812999,-0.06489432228230163,-0.2062934171812999,-0.06489432228230163,below/below/below,below,False,0.007318007662835246,False
"E4b: gate removed, Levy gated, 300,000",SEHHO:AlwaysPbest,SEHHO:Full,29,3,-0.16609195402298854,-0.2349434865900383,-0.09187739463601534,-0.23298455214693606,-0.08999999999999998,-0.24326452641712756,-0.08891938162884952,-0.24326452641712756,-0.08891938162884952,below/below/below,below,False,-0.1596551724137931,-0.22754789272030654,-0.08632088122605372,-0.22597701149425284,-0.08461856873406415,-0.23581844232142332,-0.08349190250616287,-0.23581844232142332,-0.08349190250616287,below/below/below,below,False,0.006436781609195447,False
