tag,suite,func,dim,algo,run,seed,max_fes,fes_used,best_f,error,raw_error,seconds,problem,objective,total_violation,max_violation,feasible
E16_engpop_P4_blending_pooling_RC06,engineering,0,38,LSHADE-N18,0,4516710956554689263,15000,15000,1027.3739666707445,1027.3739666707445,1027.3739666707445,0.10908639919944108,P4_blending_pooling_RC06,1.7701491161698066,27.373966670744476,12.386759623813258,False
E16_engpop_P4_blending_pooling_RC06,engineering,0,38,LSHADE-N18,1,7046819276679783101,15000,15000,1026.6235291160879,1026.6235291160879,1026.6235291160879,0.07736208895221353,P4_blending_pooling_RC06,1.6895429484368112,26.623529116087973,8.212024948633672,False
E16_engpop_P4_blending_pooling_RC06,engineering,0,38,LSHADE-N18,2,8000834193127229363,15000,15000,1024.427437515694,1024.427437515694,1024.427437515694,0.07689800905063748,P4_blending_pooling_RC06,1.9131772749622407,24.42743751569398,4.014474394372389,False
E16_engpop_P4_blending_pooling_RC06,engineering,0,38,LSHADE-N18,3,1166998606979582411,15000,15000,1029.792606045411,1029.792606045411,1029.792606045411,0.07700739498250186,P4_blending_pooling_RC06,2.1196564255597083,29.792606045411016,12.734303407920525,False
E16_engpop_P4_blending_pooling_RC06,engineering,0,38,LSHADE-N18,4,2561281924796468257,15000,15000,1020.2269771654909,1020.2269771654909,1020.2269771654909,0.07696430408395827,P4_blending_pooling_RC06,1.8828312625467523,20.226977165490887,3.5149282626505243,False
E16_engpop_P4_blending_pooling_RC06,engineering,0,38,LSHADE-N18,5,4508569343778123542,15000,15000,1024.1672346096093,1024.1672346096093,1024.1672346096093,0.07746202684938908,P4_blending_pooling_RC06,1.921231400860688,24.16723460960929,12.074778905028897,False
E16_engpop_P4_blending_pooling_RC06,engineering,0,38,LSHADE-N18,6,6292273919343434121,15000,15000,1020.3044539819025,1020.3044539819025,1020.3044539819025,0.07754582399502397,P4_blending_pooling_RC06,1.884776996577898,20.30445398190252,3.6120542634064985,False
E16_engpop_P4_blending_pooling_RC06,engineering,0,38,LSHADE-N18,7,244839602826563967,15000,15000,1036.0438370988977,1036.0438370988977,1036.0438370988977,0.07846455695107579,P4_blending_pooling_RC06,1.8955760692179058,36.04383709889777,9.081012793180552,False
E16_engpop_P4_blending_pooling_RC06,engineering,0,38,LSHADE-N18,8,8788684132833234639,15000,15000,1034.2692643178184,1034.2692643178184,1034.2692643178184,0.07794878003187478,P4_blending_pooling_RC06,1.8597791391190213,34.2692643178183,9.060638660326656,False
E16_engpop_P4_blending_pooling_RC06,engineering,0,38,LSHADE-N18,9,4555435665106016621,15000,15000,1029.8717413517563,1029.8717413517563,1029.8717413517563,0.07810933119617403,P4_blending_pooling_RC06,1.71238337394439,29.871741351756267,17.885923748660478,False
E16_engpop_P4_blending_pooling_RC06,engineering,0,38,LSHADE-N18,10,2928225987770075677,15000,15000,1029.3924325781225,1029.3924325781225,1029.3924325781225,0.07883389899507165,P4_blending_pooling_RC06,1.843281596815721,29.392432578122445,15.698829649690058,False
E16_engpop_P4_blending_pooling_RC06,engineering,0,38,LSHADE-N18,11,8152889785650571758,15000,15000,1027.429105994036,1027.429105994036,1027.429105994036,0.07762585394084454,P4_blending_pooling_RC06,2.0080880352968675,27.429105994036057,9.508317660865234,False
E16_engpop_P4_blending_pooling_RC06,engineering,0,38,LSHADE-N18,12,5670385964854510373,15000,15000,1029.5855735232403,1029.5855735232403,1029.5855735232403,0.07712195883505046,P4_blending_pooling_RC06,1.9017762022288038,29.585573523240328,17.299262397001105,False
E16_engpop_P4_blending_pooling_RC06,engineering,0,38,LSHADE-N18,13,7427036489478098953,15000,15000,1026.6931309478525,1026.6931309478525,1026.6931309478525,0.07739596301689744,P4_blending_pooling_RC06,1.973406771438182,26.693130947852577,16.66102765009293,False
E16_engpop_P4_blending_pooling_RC06,engineering,0,38,LSHADE-N18,14,6823511506415332088,15000,15000,1029.846396155305,1029.846396155305,1029.846396155305,0.07762345019727945,P4_blending_pooling_RC06,2.1967759456017677,29.846396155305,9.1084425527925,False
E16_engpop_P4_blending_pooling_RC06,engineering,0,38,LSHADE-N18,15,4162675201697078225,15000,15000,1020.902201501573,1020.902201501573,1020.902201501573,0.07727198000065982,P4_blending_pooling_RC06,1.4616218225270028,20.902201501573003,3.9353038573723373,False
E16_engpop_P4_blending_pooling_RC06,engineering,0,38,LSHADE-N18,16,7189116620755134740,15000,15000,1018.3877061360436,1018.3877061360436,1018.3877061360436,0.07707717502489686,P4_blending_pooling_RC06,1.8836243498540988,18.38770613604357,2.240441636900957,False
E16_engpop_P4_blending_pooling_RC06,engineering,0,38,LSHADE-N18,17,3267252621847601496,15000,15000,1026.1557575463557,1026.1557575463557,1026.1557575463557,0.07795867789536715,P4_blending_pooling_RC06,1.8778844353297837,26.15575754635582,4.978770445344413,False
E16_engpop_P4_blending_pooling_RC06,engineering,0,38,LSHADE-N18,18,969540270752037252,15000,15000,1034.6898986560875,1034.6898986560875,1034.6898986560875,0.07827386888675392,P4_blending_pooling_RC06,1.8967731831580732,34.68989865608761,15.253583306126156,False
E16_engpop_P4_blending_pooling_RC06,engineering,0,38,LSHADE-N18,19,8085334478906822899,15000,15000,1029.953486301423,1029.953486301423,1029.953486301423,0.07728889188729227,P4_blending_pooling_RC06,1.7179995741423497,29.95348630142298,16.146190284571038,False
E16_engpop_P4_blending_pooling_RC06,engineering,0,38,LSHADE-N18,20,9056632142659906330,15000,15000,1023.1728998410106,1023.1728998410106,1023.1728998410106,0.07721082586795092,P4_blending_pooling_RC06,1.9032988992208477,23.17289984101061,5.327244538994794,False
E16_engpop_P4_blending_pooling_RC06,engineering,0,38,LSHADE-N18,21,7487677570276059860,15000,15000,1035.1957305051103,1035.1957305051103,1035.1957305051103,0.07672985387034714,P4_blending_pooling_RC06,2.1189455932239065,35.19573050511028,15.140108557893551,False
E16_engpop_P4_blending_pooling_RC06,engineering,0,38,LSHADE-N18,22,4239956158696078595,15000,15000,1030.0641228101704,1030.0641228101704,1030.0641228101704,0.0762973630335182,P4_blending_pooling_RC06,1.7021943305701177,30.06412281017031,15.026605335339571,False
E16_engpop_P4_blending_pooling_RC06,engineering,0,38,LSHADE-N18,23,7563953667639992754,15000,15000,1022.2639473311182,1022.2639473311182,1022.2639473311182,0.07632825104519725,P4_blending_pooling_RC06,2.132646796707276,22.263947331118228,6.6753776659850494,False
E16_engpop_P4_blending_pooling_RC06,engineering,0,38,LSHADE-N18,24,8310264935184379180,15000,15000,1031.8027688594866,1031.8027688594866,1031.8027688594866,0.0765846420545131,P4_blending_pooling_RC06,1.8574432798645315,31.8027688594867,17.501467215989717,False
E16_engpop_P4_blending_pooling_RC06,engineering,0,38,LSHADE-N18,25,6516321513484499605,15000,15000,1028.8752057489896,1028.8752057489896,1028.8752057489896,0.07569787907414138,P4_blending_pooling_RC06,1.6791751562636439,28.875205748989657,15.955790977388656,False
E16_engpop_P4_blending_pooling_RC06,engineering,0,38,LSHADE-N18,26,9133038005967206249,15000,15000,1026.6091564412368,1026.6091564412368,1026.6091564412368,0.07692014100030065,P4_blending_pooling_RC06,2.103690828993531,26.609156441236742,10.958409641773027,False
E16_engpop_P4_blending_pooling_RC06,engineering,0,38,LSHADE-N18,27,1332751206418543788,15000,15000,1032.0730905632693,1032.0730905632693,1032.0730905632693,0.07746344991028309,P4_blending_pooling_RC06,1.9552135834149293,32.07309056326919,17.127490017941785,False
E16_engpop_P4_blending_pooling_RC06,engineering,0,38,LSHADE-N18,28,62390801704142396,15000,15000,1028.7214386817132,1028.7214386817132,1028.7214386817132,0.07782708085142076,P4_blending_pooling_RC06,2.1077079516439037,28.721438681713142,18.462770668876864,False
E16_engpop_P4_blending_pooling_RC06,engineering,0,38,LSHADE-N18,29,1357770850831466887,15000,15000,1033.5678531288424,1033.5678531288424,1033.5678531288424,0.07633720804005861,P4_blending_pooling_RC06,1.9390128657422556,33.5678531288425,15.172960589947554,False
E16_engpop_P5_batch_plant_RC14,engineering,0,10,LSHADE-N18,0,933636220502933565,15000,15000,58505.950682658804,58505.950682658804,58505.950682658804,0.16875441884621978,P5_batch_plant_RC14,58505.950682658804,0.0,0.0,True
E16_engpop_P5_batch_plant_RC14,engineering,0,10,LSHADE-N18,1,6380335768636968942,15000,15000,58506.59930596366,58506.59930596366,58506.59930596366,0.13825257192365825,P5_batch_plant_RC14,58506.59930596366,0.0,0.0,True
E16_engpop_P5_batch_plant_RC14,engineering,0,10,LSHADE-N18,2,6082638153915494806,15000,15000,58506.819652556784,58506.819652556784,58506.819652556784,0.13919276488013566,P5_batch_plant_RC14,58506.819652556784,0.0,0.0,True
E16_engpop_P5_batch_plant_RC14,engineering,0,10,LSHADE-N18,3,885498250132524018,15000,15000,58509.946587637576,58509.946587637576,58509.946587637576,0.1399689600802958,P5_batch_plant_RC14,58509.946587637576,0.0,0.0,True
E16_engpop_P5_batch_plant_RC14,engineering,0,10,LSHADE-N18,4,2950650879166354906,15000,15000,58507.499376695276,58507.499376695276,58507.499376695276,0.14006807701662183,P5_batch_plant_RC14,58507.499376695276,0.0,0.0,True
E16_engpop_P5_batch_plant_RC14,engineering,0,10,LSHADE-N18,5,2393097186293856196,15000,15000,58506.91909227266,58506.91909227266,58506.91909227266,0.1383821649942547,P5_batch_plant_RC14,58506.91909227266,0.0,0.0,True
E16_engpop_P5_batch_plant_RC14,engineering,0,10,LSHADE-N18,6,6334839323371377993,15000,15000,58521.3109232574,58521.3109232574,58521.3109232574,0.14074823213741183,P5_batch_plant_RC14,58521.3109232574,0.0,0.0,True
E16_engpop_P5_batch_plant_RC14,engineering,0,10,LSHADE-N18,7,4086768810312209683,15000,15000,58506.68409945831,58506.68409945831,58506.68409945831,0.14119485998526216,P5_batch_plant_RC14,58506.68409945831,0.0,0.0,True
E16_engpop_P5_batch_plant_RC14,engineering,0,10,LSHADE-N18,8,1748436762085809431,15000,15000,58506.000011833596,58506.000011833596,58506.000011833596,0.14095847588032484,P5_batch_plant_RC14,58506.000011833596,0.0,0.0,True
E16_engpop_P5_batch_plant_RC14,engineering,0,10,LSHADE-N18,9,6400269259041996876,15000,15000,58509.47180989541,58509.47180989541,58509.47180989541,0.14108882006257772,P5_batch_plant_RC14,58509.47180989541,0.0,0.0,True
E16_engpop_P5_batch_plant_RC14,engineering,0,10,LSHADE-N18,10,6547327212630242126,15000,15000,58518.74755298201,58518.74755298201,58518.74755298201,0.14036687603220344,P5_batch_plant_RC14,58518.74755298201,0.0,0.0,True
E16_engpop_P5_batch_plant_RC14,engineering,0,10,LSHADE-N18,11,6099212596916984570,15000,15000,58519.647063810444,58519.647063810444,58519.647063810444,0.14023659192025661,P5_batch_plant_RC14,58519.647063810444,0.0,0.0,True
E16_engpop_P5_batch_plant_RC14,engineering,0,10,LSHADE-N18,12,3473872628580202800,15000,15000,58507.75899137057,58507.75899137057,58507.75899137057,0.1358564980328083,P5_batch_plant_RC14,58507.75899137057,0.0,0.0,True
E16_engpop_P5_batch_plant_RC14,engineering,0,10,LSHADE-N18,13,8726643408253464345,15000,15000,58514.28107343011,58514.28107343011,58514.28107343011,0.13234363100491464,P5_batch_plant_RC14,58514.28107343011,8.76663364124397e-09,8.76663364124397e-09,True
E16_engpop_P5_batch_plant_RC14,engineering,0,10,LSHADE-N18,14,1353494948723768580,15000,15000,58506.07969356137,58506.07969356137,58506.07969356137,0.13469793600961566,P5_batch_plant_RC14,58506.07969356137,3.752914423671427e-09,3.752914423671427e-09,True
E16_engpop_P5_batch_plant_RC14,engineering,0,10,LSHADE-N18,15,1669416444290740216,15000,15000,58505.575722842725,58505.575722842725,58505.575722842725,0.13691570493392646,P5_batch_plant_RC14,58505.575722842725,0.0,0.0,True
E16_engpop_P5_batch_plant_RC14,engineering,0,10,LSHADE-N18,16,672496894729530210,15000,15000,58508.05514878857,58508.05514878857,58508.05514878857,0.13552320399321616,P5_batch_plant_RC14,58508.05514878857,0.0,0.0,True
E16_engpop_P5_batch_plant_RC14,engineering,0,10,LSHADE-N18,17,9215606092448091465,15000,15000,58506.15414666364,58506.15414666364,58506.15414666364,0.13601012621074915,P5_batch_plant_RC14,58506.15414666364,7.644390009886592e-09,7.644390009886592e-09,True
E16_engpop_P5_batch_plant_RC14,engineering,0,10,LSHADE-N18,18,137979066752764253,15000,15000,58507.36164725801,58507.36164725801,58507.36164725801,0.13533827709034085,P5_batch_plant_RC14,58507.36164725801,0.0,0.0,True
E16_engpop_P5_batch_plant_RC14,engineering,0,10,LSHADE-N18,19,3619949962776392293,15000,15000,58505.81292073321,58505.81292073321,58505.81292073321,0.13674489385448396,P5_batch_plant_RC14,58505.81292073321,0.0,0.0,True
E16_engpop_P5_batch_plant_RC14,engineering,0,10,LSHADE-N18,20,7551794606424185054,15000,15000,58508.710057687065,58508.710057687065,58508.710057687065,0.1346490648575127,P5_batch_plant_RC14,58508.710057687065,0.0,0.0,True
E16_engpop_P5_batch_plant_RC14,engineering,0,10,LSHADE-N18,21,857904219419373260,15000,15000,58506.44864651371,58506.44864651371,58506.44864651371,0.13508011284284294,P5_batch_plant_RC14,58506.44864651371,0.0,0.0,True
E16_engpop_P5_batch_plant_RC14,engineering,0,10,LSHADE-N18,22,2122023436451980117,15000,15000,58508.62334661713,58508.62334661713,58508.62334661713,0.13802226004190743,P5_batch_plant_RC14,58508.62334661713,0.0,0.0,True
E16_engpop_P5_batch_plant_RC14,engineering,0,10,LSHADE-N18,23,2261171419382076392,15000,15000,58506.199116091404,58506.199116091404,58506.199116091404,0.13827762915752828,P5_batch_plant_RC14,58506.199116091404,0.0,0.0,True
E16_engpop_P5_batch_plant_RC14,engineering,0,10,LSHADE-N18,24,382793735157662639,15000,15000,58507.75584295317,58507.75584295317,58507.75584295317,0.1378135890699923,P5_batch_plant_RC14,58507.75584295317,0.0,0.0,True
E16_engpop_P5_batch_plant_RC14,engineering,0,10,LSHADE-N18,25,6421016133555494828,15000,15000,58506.28716663101,58506.28716663101,58506.28716663101,0.13723066612146795,P5_batch_plant_RC14,58506.28716663101,0.0,0.0,True
E16_engpop_P5_batch_plant_RC14,engineering,0,10,LSHADE-N18,26,5034947500783305841,15000,15000,58505.575036795744,58505.575036795744,58505.575036795744,0.13813061290420592,P5_batch_plant_RC14,58505.575036795744,1.0787566395720205e-09,1.0787566395720205e-09,True
E16_engpop_P5_batch_plant_RC14,engineering,0,10,LSHADE-N18,27,113696867978373019,15000,15000,58517.01256006164,58517.01256006164,58517.01256006164,0.13899336103349924,P5_batch_plant_RC14,58517.01256006164,0.0,0.0,True
E16_engpop_P5_batch_plant_RC14,engineering,0,10,LSHADE-N18,28,5011550115470588153,15000,15000,58507.091727439045,58507.091727439045,58507.091727439045,0.13403372117318213,P5_batch_plant_RC14,58507.091727439045,0.0,0.0,True
E16_engpop_P5_batch_plant_RC14,engineering,0,10,LSHADE-N18,29,7848878402121834234,15000,15000,58505.826163800375,58505.826163800375,58505.826163800375,0.13771645608358085,P5_batch_plant_RC14,58505.826163800375,0.0,0.0,True
E16_engpop_P3_heat_exchanger_RC01,engineering,0,9,LSHADE-N18,0,6621357738585936518,15000,15000,100000.0428723663,100000.0428723663,100000.0428723663,0.1734852499794215,P3_heat_exchanger_RC01,527.297098709242,0.0428723663036356,0.020362717162445188,False
E16_engpop_P3_heat_exchanger_RC01,engineering,0,9,LSHADE-N18,1,2656054745966032056,15000,15000,100057.1678700215,100057.1678700215,100057.1678700215,0.13730533490888774,P3_heat_exchanger_RC01,368.3152788458376,57.16787002149457,38.28946744098104,False
E16_engpop_P3_heat_exchanger_RC01,engineering,0,9,LSHADE-N18,2,8476095143280924807,15000,15000,100003.52089490881,100003.52089490881,100003.52089490881,0.14085487090051174,P3_heat_exchanger_RC01,633.6261008203455,3.5208949088102006,2.936442122944374,False
E16_engpop_P3_heat_exchanger_RC01,engineering,0,9,LSHADE-N18,3,1739000714325938239,15000,15000,100000.03890431281,100000.03890431281,100000.03890431281,0.14095476898364723,P3_heat_exchanger_RC01,299.1133765143813,0.03890431280178179,0.016705256251245738,False
E16_engpop_P3_heat_exchanger_RC01,engineering,0,9,LSHADE-N18,4,4197302011742867921,15000,15000,100000.09980152722,100000.09980152722,100000.09980152722,0.14044341002590954,P3_heat_exchanger_RC01,708.2068148184034,0.09980152722673999,0.0425800949499011,False
E16_engpop_P3_heat_exchanger_RC01,engineering,0,9,LSHADE-N18,5,1620191072015423152,15000,15000,100147.99524988516,100147.99524988516,100147.99524988516,0.13889639894478023,P3_heat_exchanger_RC01,787.6511270778495,147.9952498851685,97.15816653828844,False
E16_engpop_P3_heat_exchanger_RC01,engineering,0,9,LSHADE-N18,6,2240681190135142160,15000,15000,100001.64972635476,100001.64972635476,100001.64972635476,0.13875976321287453,P3_heat_exchanger_RC01,409.4836655948871,1.6497263547715397,1.2619275646913797,False
E16_engpop_P3_heat_exchanger_RC01,engineering,0,9,LSHADE-N18,7,197652292569215688,15000,15000,100001.40872688967,100001.40872688967,100001.40872688967,0.1389421650674194,P3_heat_exchanger_RC01,482.56201351110724,1.4087268896752898,0.7874163766651259,False
E16_engpop_P3_heat_exchanger_RC01,engineering,0,9,LSHADE-N18,8,4898962274782995150,15000,15000,100053.314416328,100053.314416328,100053.314416328,0.1381084220483899,P3_heat_exchanger_RC01,500.26190915566684,53.314416327990074,19.005379885609035,False
E16_engpop_P3_heat_exchanger_RC01,engineering,0,9,LSHADE-N18,9,5867953601849733763,15000,15000,100177.5677195534,100177.5677195534,100177.5677195534,0.13933888799510896,P3_heat_exchanger_RC01,555.9519847412641,177.5677195533905,139.7735267261207,False
E16_engpop_P3_heat_exchanger_RC01,engineering,0,9,LSHADE-N18,10,1552527308720184959,15000,15000,100021.31878573084,100021.31878573084,100021.31878573084,0.13865241198800504,P3_heat_exchanger_RC01,237.91881771442527,21.318785730835913,10.79463781096749,False
E16_engpop_P3_heat_exchanger_RC01,engineering,0,9,LSHADE-N18,11,3674337932443291079,15000,15000,100000.0065975612,100000.0065975612,100000.0065975612,0.14043030608445406,P3_heat_exchanger_RC01,220.34384990011026,0.006597561193657242,0.004594546000398805,False
E16_engpop_P3_heat_exchanger_RC01,engineering,0,9,LSHADE-N18,12,4301976127092575947,15000,15000,100000.9866048828,100000.9866048828,100000.9866048828,0.14073848398402333,P3_heat_exchanger_RC01,354.80564487925955,0.9866048827922589,0.4947152861268369,False
E16_engpop_P3_heat_exchanger_RC01,engineering,0,9,LSHADE-N18,13,2174799060367079260,15000,15000,100573.22574889284,100573.22574889284,100573.22574889284,0.13763554487377405,P3_heat_exchanger_RC01,698.306295363877,573.2257488928406,442.94916655455495,False
E16_engpop_P3_heat_exchanger_RC01,engineering,0,9,LSHADE-N18,14,2587837653153085795,15000,15000,100002.59328458912,100002.59328458912,100002.59328458912,0.14098329190164804,P3_heat_exchanger_RC01,575.816119935846,2.5932845891207403,1.5264533954370767,False
E16_engpop_P3_heat_exchanger_RC01,engineering,0,9,LSHADE-N18,15,7852711326969883626,15000,15000,100000.0586863932,100000.0586863932,100000.0586863932,0.1371478100772947,P3_heat_exchanger_RC01,751.6352146143557,0.05868639320385165,0.023777806833013438,False
E16_engpop_P3_heat_exchanger_RC01,engineering,0,9,LSHADE-N18,16,8876392355604340376,15000,15000,100223.7956530883,100223.7956530883,100223.7956530883,0.1371553239878267,P3_heat_exchanger_RC01,236.09189334192163,223.7956530882965,194.85371418885663,False
E16_engpop_P3_heat_exchanger_RC01,engineering,0,9,LSHADE-N18,17,7551790567915380168,15000,15000,100000.17035976748,100000.17035976748,100000.17035976748,0.13770479406230152,P3_heat_exchanger_RC01,203.1622328832481,0.17035976747269124,0.05467954912930727,False
E16_engpop_P3_heat_exchanger_RC01,engineering,0,9,LSHADE-N18,18,5897218311764841201,15000,15000,100429.24365358068,100429.24365358068,100429.24365358068,0.13542184396646917,P3_heat_exchanger_RC01,528.0723805192911,429.2436535806801,295.77155272412824,False
E16_engpop_P3_heat_exchanger_RC01,engineering,0,9,LSHADE-N18,19,2879687100313746883,15000,15000,100000.32116494652,100000.32116494652,100000.32116494652,0.13730530510656536,P3_heat_exchanger_RC01,243.58310283060513,0.32116494651941546,0.2049353589002043,False
E16_engpop_P3_heat_exchanger_RC01,engineering,0,9,LSHADE-N18,20,4209618821363983759,15000,15000,100000.02842019533,100000.02842019533,100000.02842019533,0.1375841482076794,P3_heat_exchanger_RC01,245.7698053469823,0.028420195335011087,0.01851778476973086,False
E16_engpop_P3_heat_exchanger_RC01,engineering,0,9,LSHADE-N18,21,4687210798605406609,15000,15000,100000.09604642222,100000.09604642222,100000.09604642222,0.13642556592822075,P3_heat_exchanger_RC01,337.00874395124185,0.09604642222084628,0.06305181637182831,False
E16_engpop_P3_heat_exchanger_RC01,engineering,0,9,LSHADE-N18,22,6585088190868415548,15000,15000,100000.11097141205,100000.11097141205,100000.11097141205,0.13726362702436745,P3_heat_exchanger_RC01,551.1603427095254,0.11097141205282005,0.061403081621661845,False
E16_engpop_P3_heat_exchanger_RC01,engineering,0,9,LSHADE-N18,23,1112215680594958820,15000,15000,100000.07277699342,100000.07277699342,100000.07277699342,0.1373930098488927,P3_heat_exchanger_RC01,455.48210795143973,0.07277699341457315,0.02448646078594029,False
E16_engpop_P3_heat_exchanger_RC01,engineering,0,9,LSHADE-N18,24,2432803215814050463,15000,15000,101233.89212170355,101233.89212170355,101233.89212170355,0.13360341312363744,P3_heat_exchanger_RC01,234.0404386223189,1233.8921217035572,1205.134800441859,False
E16_engpop_P3_heat_exchanger_RC01,engineering,0,9,LSHADE-N18,25,2996510748403354962,15000,15000,100046.45962050854,100046.45962050854,100046.45962050854,0.13544685090892017,P3_heat_exchanger_RC01,661.9749808108888,46.45962050853417,18.63663625444062,False
E16_engpop_P3_heat_exchanger_RC01,engineering,0,9,LSHADE-N18,26,5549641055005966859,15000,15000,100005.46062719217,100005.46062719217,100005.46062719217,0.13669520104303956,P3_heat_exchanger_RC01,513.1195112955604,5.460627192160368,1.4255104584328142,False
E16_engpop_P3_heat_exchanger_RC01,engineering,0,9,LSHADE-N18,27,6717851016972953522,15000,15000,100000.05885702754,100000.05885702754,100000.05885702754,0.13825761107727885,P3_heat_exchanger_RC01,434.5708385951577,0.05885702754349091,0.02749617685859439,False
E16_engpop_P3_heat_exchanger_RC01,engineering,0,9,LSHADE-N18,28,9028374946323361241,15000,15000,100117.17508985996,100117.17508985996,100117.17508985996,0.13602014584466815,P3_heat_exchanger_RC01,355.9507506555115,117.1750898599599,73.68871791085004,False
E16_engpop_P3_heat_exchanger_RC01,engineering,0,9,LSHADE-N18,29,8197999291910296954,15000,15000,100000.0729561982,100000.0729561982,100000.0729561982,0.13764112489297986,P3_heat_exchanger_RC01,237.57359450209884,0.07295619820591362,0.05089716084077954,False
E16_engpop_P4_blending_pooling_RC06,engineering,0,38,LSHADE-N6,0,2347506171643142549,15000,15000,1009.9680070033104,1009.9680070033104,1009.9680070033104,0.18617067812010646,P4_blending_pooling_RC06,2.346056015361939,9.968007003310435,3.245601520365895,False
E16_engpop_P4_blending_pooling_RC06,engineering,0,38,LSHADE-N6,1,1604434008811702979,15000,15000,1004.6591397124715,1004.6591397124715,1004.6591397124715,0.14996242010965943,P4_blending_pooling_RC06,1.9632084861023948,4.6591397124715455,0.9784359146849527,False
E16_engpop_P4_blending_pooling_RC06,engineering,0,38,LSHADE-N6,2,8600419745528803725,15000,15000,1005.8511545355267,1005.8511545355267,1005.8511545355267,0.15352685400284827,P4_blending_pooling_RC06,2.3691580959019203,5.851154535526695,1.0456270548722022,False
E16_engpop_P4_blending_pooling_RC06,engineering,0,38,LSHADE-N6,3,3395226662107927010,15000,15000,1023.4111796384843,1023.4111796384843,1023.4111796384843,0.1517534079030156,P4_blending_pooling_RC06,2.0378445276977555,23.411179638484366,14.680656881058294,False
E16_engpop_P4_blending_pooling_RC06,engineering,0,38,LSHADE-N6,4,916729094930337500,15000,15000,1021.9382502107612,1021.9382502107612,1021.9382502107612,0.15338925598189235,P4_blending_pooling_RC06,1.7978425867240826,21.938250210761197,14.098616791199962,False
E16_engpop_P4_blending_pooling_RC06,engineering,0,38,LSHADE-N6,5,1776727697298735511,15000,15000,1005.0586663485257,1005.0586663485257,1005.0586663485257,0.15327021293342113,P4_blending_pooling_RC06,1.9202185033742114,5.058666348525662,0.9062904787886585,False
E16_engpop_P4_blending_pooling_RC06,engineering,0,38,LSHADE-N6,6,6842073314007979007,15000,15000,1007.4178405441535,1007.4178405441535,1007.4178405441535,0.1521346839144826,P4_blending_pooling_RC06,1.2897609256806455,7.417840544153444,1.511860933809585,False
E16_engpop_P4_blending_pooling_RC06,engineering,0,38,LSHADE-N6,7,3600861447628055579,15000,15000,1021.7505071084555,1021.7505071084555,1021.7505071084555,0.15278714685700834,P4_blending_pooling_RC06,1.85608936430561,21.7505071084555,15.763865744013916,False
E16_engpop_P4_blending_pooling_RC06,engineering,0,38,LSHADE-N6,8,2543977883373045135,15000,15000,1003.6992946594713,1003.6992946594713,1003.6992946594713,0.15110908984206617,P4_blending_pooling_RC06,1.8392886047337744,3.6992946594713367,1.02640616013023,False
E16_engpop_P4_blending_pooling_RC06,engineering,0,38,LSHADE-N6,9,1654668626614576644,15000,15000,1005.5462505954113,1005.5462505954113,1005.5462505954113,0.15307477698661387,P4_blending_pooling_RC06,1.8864230948625451,5.54625059541126,0.9312584545537168,False
E16_engpop_P4_blending_pooling_RC06,engineering,0,38,LSHADE-N6,10,3510439563941177220,15000,15000,1017.044808012041,1017.044808012041,1017.044808012041,0.1528333241585642,P4_blending_pooling_RC06,1.6015654371053136,17.04480801204102,11.448639483485042,False
E16_engpop_P4_blending_pooling_RC06,engineering,0,38,LSHADE-N6,11,6441578620848161824,15000,15000,1010.1958114732925,1010.1958114732925,1010.1958114732925,0.15090917493216693,P4_blending_pooling_RC06,1.8332638018487604,10.19581147329241,4.302178716552811,False
E16_engpop_P4_blending_pooling_RC06,engineering,0,38,LSHADE-N6,12,4415336261355731151,15000,15000,1009.0137500964972,1009.0137500964972,1009.0137500964972,0.15239721606485546,P4_blending_pooling_RC06,2.185417347704468,9.013750096497283,1.8759856312349859,False
E16_engpop_P4_blending_pooling_RC06,engineering,0,38,LSHADE-N6,13,8937766139839490959,15000,15000,1012.5910538534735,1012.5910538534735,1012.5910538534735,0.1523550460115075,P4_blending_pooling_RC06,1.9439558970118147,12.591053853473426,7.049527143656288,False
E16_engpop_P4_blending_pooling_RC06,engineering,0,38,LSHADE-N6,14,3640875872656317868,15000,15000,1018.2884269004973,1018.2884269004973,1018.2884269004973,0.15229112701490521,P4_blending_pooling_RC06,1.9477567970875098,18.288426900497207,11.227034770063714,False
E16_engpop_P4_blending_pooling_RC06,engineering,0,38,LSHADE-N6,15,4764372553652519911,15000,15000,1007.9297597719574,1007.9297597719574,1007.9297597719574,0.1576725379563868,P4_blending_pooling_RC06,1.9290320838047963,7.929759771957336,2.66408203946705,False
E16_engpop_P4_blending_pooling_RC06,engineering,0,38,LSHADE-N6,16,4459003271898182896,15000,15000,1004.7554273649829,1004.7554273649829,1004.7554273649829,0.14855458098463714,P4_blending_pooling_RC06,1.909284302777785,4.7554273649829355,0.9525182467497137,False
E16_engpop_P4_blending_pooling_RC06,engineering,0,38,LSHADE-N6,17,6026606276629625756,15000,15000,1007.6807758928709,1007.6807758928709,1007.6807758928709,0.14852503407746553,P4_blending_pooling_RC06,2.0731774869101387,7.680775892870844,3.0738280215643283,False
E16_engpop_P4_blending_pooling_RC06,engineering,0,38,LSHADE-N6,18,865321607656332284,15000,15000,1011.1691511389149,1011.1691511389149,1011.1691511389149,0.15063951909542084,P4_blending_pooling_RC06,1.9246194860160581,11.169151138914929,2.5308201365810468,False
E16_engpop_P4_blending_pooling_RC06,engineering,0,38,LSHADE-N6,19,5573368928219867440,15000,15000,1014.8283631677152,1014.8283631677152,1014.8283631677152,0.15061050606891513,P4_blending_pooling_RC06,2.048652689048921,14.828363167715183,6.111810284105285,False
E16_engpop_P4_blending_pooling_RC06,engineering,0,38,LSHADE-N6,20,47007032269474653,15000,15000,1006.776622562878,1006.776622562878,1006.776622562878,0.1530403420329094,P4_blending_pooling_RC06,1.7328871603444969,6.776622562877951,1.7826426745257669,False
E16_engpop_P4_blending_pooling_RC06,engineering,0,38,LSHADE-N6,21,6052110610771078703,15000,15000,1023.0898412848991,1023.0898412848991,1023.0898412848991,0.15344098303467035,P4_blending_pooling_RC06,1.6216854504142866,23.08984128489911,16.320150740151345,False
E16_engpop_P4_blending_pooling_RC06,engineering,0,38,LSHADE-N6,22,6239791994356778229,15000,15000,1006.4644861676703,1006.4644861676703,1006.4644861676703,0.1539334470871836,P4_blending_pooling_RC06,2.2243955293840663,6.464486167670369,1.6404139273797165,False
E16_engpop_P4_blending_pooling_RC06,engineering,0,38,LSHADE-N6,23,315897956494408140,15000,15000,1004.7101353817195,1004.7101353817195,1004.7101353817195,0.15098777180537581,P4_blending_pooling_RC06,1.7622827410273931,4.710135381719531,0.9577163852542383,False
E16_engpop_P4_blending_pooling_RC06,engineering,0,38,LSHADE-N6,24,4865528237293228335,15000,15000,1004.3772557400952,1004.3772557400952,1004.3772557400952,0.1522466540336609,P4_blending_pooling_RC06,1.9450319645926135,4.377255740095199,0.9140869301411335,False
E16_engpop_P4_blending_pooling_RC06,engineering,0,38,LSHADE-N6,25,369026703761006113,15000,15000,1014.203513389533,1014.203513389533,1014.203513389533,0.15334169706329703,P4_blending_pooling_RC06,2.2675579824500893,14.203513389532969,8.476859931147604,False
E16_engpop_P4_blending_pooling_RC06,engineering,0,38,LSHADE-N6,26,6141443447676899864,15000,15000,1005.7703074334007,1005.7703074334007,1005.7703074334007,0.15294371102936566,P4_blending_pooling_RC06,1.9651110518539987,5.770307433400769,1.4678454543897563,False
E16_engpop_P4_blending_pooling_RC06,engineering,0,38,LSHADE-N6,27,6665093226085264909,15000,15000,1020.2030241393825,1020.2030241393825,1020.2030241393825,0.15403095912188292,P4_blending_pooling_RC06,1.4765395092254878,20.20302413938251,7.76330089665581,False
E16_engpop_P4_blending_pooling_RC06,engineering,0,38,LSHADE-N6,28,5715495153272650964,15000,15000,1023.5556011617425,1023.5556011617425,1023.5556011617425,0.1523551361169666,P4_blending_pooling_RC06,1.7915997620709145,23.55560116174253,17.186527233190706,False
E16_engpop_P4_blending_pooling_RC06,engineering,0,38,LSHADE-N6,29,6976217132734835831,15000,15000,1014.4059954332615,1014.4059954332615,1014.4059954332615,0.15191220585256815,P4_blending_pooling_RC06,1.9405406527198692,14.405995433261577,4.128507247536369,False
E16_engpop_P2_gear_train,engineering,0,4,LSHADE-N18,0,5804200180485133963,15000,15000,2.307815733312755e-11,0.0,2.307815733312755e-11,0.21599102695472538,P2_gear_train,2.307815733312755e-11,0.0,0.0,True
E16_engpop_P2_gear_train,engineering,0,4,LSHADE-N18,1,3432588951553426339,15000,15000,2.307815733312755e-11,0.0,2.307815733312755e-11,0.17946822987869382,P2_gear_train,2.307815733312755e-11,0.0,0.0,True
E16_engpop_P2_gear_train,engineering,0,4,LSHADE-N18,2,3503491826890867170,15000,15000,2.7008571488865134e-12,0.0,2.7008571488865134e-12,0.17853757389821112,P2_gear_train,2.7008571488865134e-12,0.0,0.0,True
E16_engpop_P2_gear_train,engineering,0,4,LSHADE-N18,3,3889411515174828368,15000,15000,2.7008571488865134e-12,0.0,2.7008571488865134e-12,0.17705457308329642,P2_gear_train,2.7008571488865134e-12,0.0,0.0,True
E16_engpop_P2_gear_train,engineering,0,4,LSHADE-N18,4,5622964340762753488,15000,15000,2.307815733312755e-11,0.0,2.307815733312755e-11,0.1803837560582906,P2_gear_train,2.307815733312755e-11,0.0,0.0,True
E16_engpop_P2_gear_train,engineering,0,4,LSHADE-N18,5,734518467512159312,15000,15000,2.7008571488865134e-12,0.0,2.7008571488865134e-12,0.1784316459670663,P2_gear_train,2.7008571488865134e-12,0.0,0.0,True
E16_engpop_P2_gear_train,engineering,0,4,LSHADE-N18,6,2073040562555860224,15000,15000,1.5450450499890773e-10,0.0,1.5450450499890773e-10,0.1774144780356437,P2_gear_train,1.5450450499890773e-10,0.0,0.0,True
E16_engpop_P2_gear_train,engineering,0,4,LSHADE-N18,7,6543967375432591983,15000,15000,2.7008571488865134e-12,0.0,2.7008571488865134e-12,0.17711441591382027,P2_gear_train,2.7008571488865134e-12,0.0,0.0,True
E16_engpop_P2_gear_train,engineering,0,4,LSHADE-N18,8,2570180599686680030,15000,15000,2.7008571488865134e-12,0.0,2.7008571488865134e-12,0.17610042495653033,P2_gear_train,2.7008571488865134e-12,0.0,0.0,True
E16_engpop_P2_gear_train,engineering,0,4,LSHADE-N18,9,5831732985034633835,15000,15000,2.7008571488865134e-12,0.0,2.7008571488865134e-12,0.17767639900557697,P2_gear_train,2.7008571488865134e-12,0.0,0.0,True
E16_engpop_P2_gear_train,engineering,0,4,LSHADE-N18,10,6425621643753817628,15000,15000,2.307815733312755e-11,0.0,2.307815733312755e-11,0.18293859693221748,P2_gear_train,2.307815733312755e-11,0.0,0.0,True
E16_engpop_P2_gear_train,engineering,0,4,LSHADE-N18,11,3458298070820086922,15000,15000,2.307815733312755e-11,0.0,2.307815733312755e-11,0.18025814089924097,P2_gear_train,2.307815733312755e-11,0.0,0.0,True
E16_engpop_P2_gear_train,engineering,0,4,LSHADE-N18,12,2812737255675613156,15000,15000,2.7008571488865134e-12,0.0,2.7008571488865134e-12,0.17976510687731206,P2_gear_train,2.7008571488865134e-12,0.0,0.0,True
E16_engpop_P2_gear_train,engineering,0,4,LSHADE-N18,13,38793570301002596,15000,15000,2.307815733312755e-11,0.0,2.307815733312755e-11,0.1793246299494058,P2_gear_train,2.307815733312755e-11,0.0,0.0,True
E16_engpop_P2_gear_train,engineering,0,4,LSHADE-N18,14,1325664089013556911,15000,15000,2.7008571488865134e-12,0.0,2.7008571488865134e-12,0.18439799407497048,P2_gear_train,2.7008571488865134e-12,0.0,0.0,True
E16_engpop_P2_gear_train,engineering,0,4,LSHADE-N18,15,956252426597779417,15000,15000,2.7008571488865134e-12,0.0,2.7008571488865134e-12,0.17548022093251348,P2_gear_train,2.7008571488865134e-12,0.0,0.0,True
E16_engpop_P2_gear_train,engineering,0,4,LSHADE-N18,16,8940391832798521010,15000,15000,2.7008571488865134e-12,0.0,2.7008571488865134e-12,0.17678943695500493,P2_gear_train,2.7008571488865134e-12,0.0,0.0,True
E16_engpop_P2_gear_train,engineering,0,4,LSHADE-N18,17,8823905174973707147,15000,15000,2.7008571488865134e-12,0.0,2.7008571488865134e-12,0.18110314500518143,P2_gear_train,2.7008571488865134e-12,0.0,0.0,True
E16_engpop_P2_gear_train,engineering,0,4,LSHADE-N18,18,636271334001375002,15000,15000,2.307815733312755e-11,0.0,2.307815733312755e-11,0.1826801230199635,P2_gear_train,2.307815733312755e-11,0.0,0.0,True
E16_engpop_P2_gear_train,engineering,0,4,LSHADE-N18,19,4363347475953364539,15000,15000,2.7008571488865134e-12,0.0,2.7008571488865134e-12,0.17827433114871383,P2_gear_train,2.7008571488865134e-12,0.0,0.0,True
E16_engpop_P2_gear_train,engineering,0,4,LSHADE-N18,20,7108515519055264668,15000,15000,2.307815733312755e-11,0.0,2.307815733312755e-11,0.17970414203591645,P2_gear_train,2.307815733312755e-11,0.0,0.0,True
E16_engpop_P2_gear_train,engineering,0,4,LSHADE-N18,21,1345705022017771138,15000,15000,9.74565344700916e-10,0.0,9.74565344700916e-10,0.17670232290402055,P2_gear_train,9.74565344700916e-10,0.0,0.0,True
E16_engpop_P2_gear_train,engineering,0,4,LSHADE-N18,22,1540070450055998538,15000,15000,2.7008571488865134e-12,0.0,2.7008571488865134e-12,0.180212183855474,P2_gear_train,2.7008571488865134e-12,0.0,0.0,True
E16_engpop_P2_gear_train,engineering,0,4,LSHADE-N18,23,5443340059974965702,15000,15000,2.7008571488865134e-12,0.0,2.7008571488865134e-12,0.17983758193440735,P2_gear_train,2.7008571488865134e-12,0.0,0.0,True
E16_engpop_P2_gear_train,engineering,0,4,LSHADE-N18,24,5742521215042244542,15000,15000,2.307815733312755e-11,0.0,2.307815733312755e-11,0.17877693311311305,P2_gear_train,2.307815733312755e-11,0.0,0.0,True
E16_engpop_P2_gear_train,engineering,0,4,LSHADE-N18,25,2379245628858982165,15000,15000,2.307815733312755e-11,0.0,2.307815733312755e-11,0.1780130509287119,P2_gear_train,2.307815733312755e-11,0.0,0.0,True
E16_engpop_P2_gear_train,engineering,0,4,LSHADE-N18,26,7806180263559058859,15000,15000,2.7008571488865134e-12,0.0,2.7008571488865134e-12,0.17522852891124785,P2_gear_train,2.7008571488865134e-12,0.0,0.0,True
E16_engpop_P2_gear_train,engineering,0,4,LSHADE-N18,27,5052159112921954585,15000,15000,2.7008571488865134e-12,0.0,2.7008571488865134e-12,0.17271956405602396,P2_gear_train,2.7008571488865134e-12,0.0,0.0,True
E16_engpop_P2_gear_train,engineering,0,4,LSHADE-N18,28,375750306573573626,15000,15000,2.307815733312755e-11,0.0,2.307815733312755e-11,0.17227729503065348,P2_gear_train,2.307815733312755e-11,0.0,0.0,True
E16_engpop_P2_gear_train,engineering,0,4,LSHADE-N18,29,1724786607924873124,15000,15000,2.307815733312755e-11,0.0,2.307815733312755e-11,0.17374641983769834,P2_gear_train,2.307815733312755e-11,0.0,0.0,True
E16_engpop_P1_pressure_vessel,engineering,0,4,LSHADE-N18,0,8907694960651490439,15000,15000,6059.714271946906,6059.714271946906,6059.714271946906,0.27083123312331736,P1_pressure_vessel,6059.714271946906,9.99999993922529e-09,9.99999993922529e-09,True
E16_engpop_P1_pressure_vessel,engineering,0,4,LSHADE-N18,1,9101087552001209448,15000,15000,6059.714271946906,6059.714271946906,6059.714271946906,0.23364662495441735,P1_pressure_vessel,6059.714271946906,9.99999993922529e-09,9.99999993922529e-09,True
E16_engpop_P1_pressure_vessel,engineering,0,4,LSHADE-N18,2,6695597455904333731,15000,15000,6059.714271946906,6059.714271946906,6059.714271946906,0.23351408587768674,P1_pressure_vessel,6059.714271946906,9.99999993922529e-09,9.99999993922529e-09,True
E16_engpop_P1_pressure_vessel,engineering,0,4,LSHADE-N18,3,1686410070265089985,15000,15000,6090.526142560758,6090.526142560758,6090.526142560758,0.2362000630237162,P1_pressure_vessel,6090.526142560758,9.99999993922529e-09,9.99999993922529e-09,True
E16_engpop_P1_pressure_vessel,engineering,0,4,LSHADE-N18,4,1614909401920450329,15000,15000,6059.714271946906,6059.714271946906,6059.714271946906,0.22732458007521927,P1_pressure_vessel,6059.714271946906,9.99999993922529e-09,9.99999993922529e-09,True
E16_engpop_P1_pressure_vessel,engineering,0,4,LSHADE-N18,5,2866852953655666240,15000,15000,6059.714271946906,6059.714271946906,6059.714271946906,0.22722667595371604,P1_pressure_vessel,6059.714271946906,9.99999993922529e-09,9.99999993922529e-09,True
E16_engpop_P1_pressure_vessel,engineering,0,4,LSHADE-N18,6,1810447547079702368,15000,15000,6059.714271946906,6059.714271946906,6059.714271946906,0.22592884302139282,P1_pressure_vessel,6059.714271946906,9.99999993922529e-09,9.99999993922529e-09,True
E16_engpop_P1_pressure_vessel,engineering,0,4,LSHADE-N18,7,8714420779300060698,15000,15000,6059.714271946906,6059.714271946906,6059.714271946906,0.22854981804266572,P1_pressure_vessel,6059.714271946906,9.99999993922529e-09,9.99999993922529e-09,True
E16_engpop_P1_pressure_vessel,engineering,0,4,LSHADE-N18,8,4268111829081306434,15000,15000,6090.526142560758,6090.526142560758,6090.526142560758,0.22331229597330093,P1_pressure_vessel,6090.526142560758,9.99999993922529e-09,9.99999993922529e-09,True
E16_engpop_P1_pressure_vessel,engineering,0,4,LSHADE-N18,9,7618289702955780255,15000,15000,6090.526142560758,6090.526142560758,6090.526142560758,0.22494605998508632,P1_pressure_vessel,6090.526142560758,9.99999993922529e-09,9.99999993922529e-09,True
E16_engpop_P1_pressure_vessel,engineering,0,4,LSHADE-N18,10,3059407502968557847,15000,15000,6059.714271946906,6059.714271946906,6059.714271946906,0.2287277108989656,P1_pressure_vessel,6059.714271946906,9.99999993922529e-09,9.99999993922529e-09,True
E16_engpop_P1_pressure_vessel,engineering,0,4,LSHADE-N18,11,1419009500826368957,15000,15000,6059.714271946906,6059.714271946906,6059.714271946906,0.22667716606520116,P1_pressure_vessel,6059.714271946906,9.99999993922529e-09,9.99999993922529e-09,True
E16_engpop_P1_pressure_vessel,engineering,0,4,LSHADE-N18,12,5050621136517307719,15000,15000,6090.526142560758,6090.526142560758,6090.526142560758,0.22514509316533804,P1_pressure_vessel,6090.526142560758,9.99999993922529e-09,9.99999993922529e-09,True
E16_engpop_P1_pressure_vessel,engineering,0,4,LSHADE-N18,13,1185136108413879536,15000,15000,6090.526142560758,6090.526142560758,6090.526142560758,0.2258726570289582,P1_pressure_vessel,6090.526142560758,9.99999993922529e-09,9.99999993922529e-09,True
E16_engpop_P1_pressure_vessel,engineering,0,4,LSHADE-N18,14,6608529786022060430,15000,15000,6059.714271946906,6059.714271946906,6059.714271946906,0.22495992598123848,P1_pressure_vessel,6059.714271946906,9.99999993922529e-09,9.99999993922529e-09,True
E16_engpop_P1_pressure_vessel,engineering,0,4,LSHADE-N18,15,1842682787387431243,15000,15000,6059.714271946906,6059.714271946906,6059.714271946906,0.22754335985518992,P1_pressure_vessel,6059.714271946906,9.99999993922529e-09,9.99999993922529e-09,True
E16_engpop_P1_pressure_vessel,engineering,0,4,LSHADE-N18,16,2622888803842492346,15000,15000,6059.714271946906,6059.714271946906,6059.714271946906,0.22738464316353202,P1_pressure_vessel,6059.714271946906,9.99999993922529e-09,9.99999993922529e-09,True
E16_engpop_P1_pressure_vessel,engineering,0,4,LSHADE-N18,17,3772138341678915263,15000,15000,6059.714271946906,6059.714271946906,6059.714271946906,0.2278412990272045,P1_pressure_vessel,6059.714271946906,9.99999993922529e-09,9.99999993922529e-09,True
E16_engpop_P1_pressure_vessel,engineering,0,4,LSHADE-N18,18,2639516932417844662,15000,15000,6059.714271946906,6059.714271946906,6059.714271946906,0.2297027490567416,P1_pressure_vessel,6059.714271946906,9.99999993922529e-09,9.99999993922529e-09,True
E16_engpop_P1_pressure_vessel,engineering,0,4,LSHADE-N18,19,3405454395930901867,15000,15000,6090.526142560758,6090.526142560758,6090.526142560758,0.22813637182116508,P1_pressure_vessel,6090.526142560758,9.99999993922529e-09,9.99999993922529e-09,True
E16_engpop_P1_pressure_vessel,engineering,0,4,LSHADE-N18,20,6668400003440739245,15000,15000,6090.526142560758,6090.526142560758,6090.526142560758,0.225239850115031,P1_pressure_vessel,6090.526142560758,9.99999993922529e-09,9.99999993922529e-09,True
E16_engpop_P1_pressure_vessel,engineering,0,4,LSHADE-N18,21,2695980941470891888,15000,15000,6059.714271946906,6059.714271946906,6059.714271946906,0.2248885619919747,P1_pressure_vessel,6059.714271946906,9.99999993922529e-09,9.99999993922529e-09,True
E16_engpop_P1_pressure_vessel,engineering,0,4,LSHADE-N18,22,3270670985075361359,15000,15000,6059.714271946906,6059.714271946906,6059.714271946906,0.22850416111759841,P1_pressure_vessel,6059.714271946906,9.99999993922529e-09,9.99999993922529e-09,True
E16_engpop_P1_pressure_vessel,engineering,0,4,LSHADE-N18,23,8680856682672126937,15000,15000,6090.526142560758,6090.526142560758,6090.526142560758,0.2254688199609518,P1_pressure_vessel,6090.526142560758,9.99999993922529e-09,9.99999993922529e-09,True
E16_engpop_P1_pressure_vessel,engineering,0,4,LSHADE-N18,24,2383753891886586022,15000,15000,6059.714271946906,6059.714271946906,6059.714271946906,0.22799959615804255,P1_pressure_vessel,6059.714271946906,9.99999993922529e-09,9.99999993922529e-09,True
E16_engpop_P1_pressure_vessel,engineering,0,4,LSHADE-N18,25,7531233832694843799,15000,15000,6059.714271946906,6059.714271946906,6059.714271946906,0.22415693989023566,P1_pressure_vessel,6059.714271946906,9.99999993922529e-09,9.99999993922529e-09,True
E16_engpop_P1_pressure_vessel,engineering,0,4,LSHADE-N18,26,260438223080007744,15000,15000,6059.714271946906,6059.714271946906,6059.714271946906,0.22614643000997603,P1_pressure_vessel,6059.714271946906,9.99999993922529e-09,9.99999993922529e-09,True
E16_engpop_P1_pressure_vessel,engineering,0,4,LSHADE-N18,27,5660867870571630455,15000,15000,6059.714271946906,6059.714271946906,6059.714271946906,0.22439769096672535,P1_pressure_vessel,6059.714271946906,9.99999993922529e-09,9.99999993922529e-09,True
E16_engpop_P1_pressure_vessel,engineering,0,4,LSHADE-N18,28,7877988573105610294,15000,15000,6059.714271946906,6059.714271946906,6059.714271946906,0.22768416488543153,P1_pressure_vessel,6059.714271946906,9.99999993922529e-09,9.99999993922529e-09,True
E16_engpop_P1_pressure_vessel,engineering,0,4,LSHADE-N18,29,802172112906653056,15000,15000,6059.714271946906,6059.714271946906,6059.714271946906,0.22344644786790013,P1_pressure_vessel,6059.714271946906,9.99999993922529e-09,9.99999993922529e-09,True
E16_engpop_P5_batch_plant_RC14,engineering,0,10,LSHADE-N6,0,9177843167910900401,15000,15000,58505.67587585012,58505.67587585012,58505.67587585012,0.32187823695130646,P5_batch_plant_RC14,58505.67587585012,9.99926186295852e-09,9.99926186295852e-09,True
E16_engpop_P5_batch_plant_RC14,engineering,0,10,LSHADE-N6,1,3128838609235446356,15000,15000,58505.45176436957,58505.45176436957,58505.45176436957,0.27641397318802774,P5_batch_plant_RC14,58505.45176436957,9.999721939379924e-09,9.999721939379924e-09,True
E16_engpop_P5_batch_plant_RC14,engineering,0,10,LSHADE-N6,2,1415626024161999322,15000,15000,58506.2137462331,58506.2137462331,58506.2137462331,0.2732567619532347,P5_batch_plant_RC14,58506.2137462331,0.0,0.0,True
E16_engpop_P5_batch_plant_RC14,engineering,0,10,LSHADE-N6,3,5426833052383592222,15000,15000,58507.514445244466,58507.514445244466,58507.514445244466,0.2747323289513588,P5_batch_plant_RC14,58507.514445244466,9.999927996773295e-09,9.999927996773295e-09,True
E16_engpop_P5_batch_plant_RC14,engineering,0,10,LSHADE-N6,4,3212478935777459494,15000,15000,58507.41633290575,58507.41633290575,58507.41633290575,0.2779818519484252,P5_batch_plant_RC14,58507.41633290575,9.986013793650272e-09,9.500912057092137e-09,True
E16_engpop_P5_batch_plant_RC14,engineering,0,10,LSHADE-N6,5,7588024967384420314,15000,15000,58507.78769232733,58507.78769232733,58507.78769232733,0.27561977319419384,P5_batch_plant_RC14,58507.78769232733,9.989719274017261e-09,6.2237859310698695e-09,True
E16_engpop_P5_batch_plant_RC14,engineering,0,10,LSHADE-N6,6,8746307025661752368,15000,15000,58505.46598619258,58505.46598619258,58505.46598619258,0.2738555648829788,P5_batch_plant_RC14,58505.46598619258,9.999947536698528e-09,4.840725154053871e-09,True
E16_engpop_P5_batch_plant_RC14,engineering,0,10,LSHADE-N6,7,2401756278726108820,15000,15000,58505.55555350436,58505.55555350436,58505.55555350436,0.27898675692267716,P5_batch_plant_RC14,58505.55555350436,9.428049452253617e-09,5.514948497875594e-09,True
E16_engpop_P5_batch_plant_RC14,engineering,0,10,LSHADE-N6,8,890657192702810178,15000,15000,58505.44991463529,58505.44991463529,58505.44991463529,0.2771280820015818,P5_batch_plant_RC14,58505.44991463529,9.998467831451308e-09,8.706283693982186e-09,True
E16_engpop_P5_batch_plant_RC14,engineering,0,10,LSHADE-N6,9,9022273929972398318,15000,15000,58506.05802797152,58506.05802797152,58506.05802797152,0.27645588107407093,P5_batch_plant_RC14,58506.05802797152,9.995051897249141e-09,9.995051897249141e-09,True
E16_engpop_P5_batch_plant_RC14,engineering,0,10,LSHADE-N6,10,4053105093497344961,15000,15000,58505.45963113351,58505.45963113351,58505.45963113351,0.27681628707796335,P5_batch_plant_RC14,58505.45963113351,9.99999905104687e-09,9.001594136748281e-09,True
E16_engpop_P5_batch_plant_RC14,engineering,0,10,LSHADE-N6,11,1819886741232741676,15000,15000,58505.53591189149,58505.53591189149,58505.53591189149,0.27621892583556473,P5_batch_plant_RC14,58505.53591189149,9.99988003513863e-09,9.995332561629766e-09,True
E16_engpop_P5_batch_plant_RC14,engineering,0,10,LSHADE-N6,12,3948031136492789153,15000,15000,58508.22064393936,58508.22064393936,58508.22064393936,0.2784819200169295,P5_batch_plant_RC14,58508.22064393936,9.574907977594194e-09,9.574907977594194e-09,True
E16_engpop_P5_batch_plant_RC14,engineering,0,10,LSHADE-N6,13,7637731359664504607,15000,15000,58507.9407537968,58507.9407537968,58507.9407537968,0.277129583992064,P5_batch_plant_RC14,58507.9407537968,9.91908422065535e-09,9.91908422065535e-09,True
E16_engpop_P5_batch_plant_RC14,engineering,0,10,LSHADE-N6,14,1413873292342423873,15000,15000,58505.50895090518,58505.50895090518,58505.50895090518,0.2758351869415492,P5_batch_plant_RC14,58505.50895090518,9.798998945598214e-09,7.323695427885468e-09,True
E16_engpop_P5_batch_plant_RC14,engineering,0,10,LSHADE-N6,15,5468358249157899840,15000,15000,58508.940471807065,58508.940471807065,58508.940471807065,0.27883756696246564,P5_batch_plant_RC14,58508.940471807065,9.9920924867547e-09,9.9920924867547e-09,True
E16_engpop_P5_batch_plant_RC14,engineering,0,10,LSHADE-N6,16,8337626545723501917,15000,15000,58506.04861525895,58506.04861525895,58506.04861525895,0.2913900159765035,P5_batch_plant_RC14,58506.04861525895,0.0,0.0,True
E16_engpop_P5_batch_plant_RC14,engineering,0,10,LSHADE-N6,17,5731906697181001232,15000,15000,58509.525833579166,58509.525833579166,58509.525833579166,0.2727681559044868,P5_batch_plant_RC14,58509.525833579166,5.806100489280652e-09,5.238575795374345e-09,True
E16_engpop_P5_batch_plant_RC14,engineering,0,10,LSHADE-N6,18,666690968777228529,15000,15000,58505.512235849164,58505.512235849164,58505.512235849164,0.2743298748973757,P5_batch_plant_RC14,58505.512235849164,9.303334991273005e-09,9.303334991273005e-09,True
E16_engpop_P5_batch_plant_RC14,engineering,0,10,LSHADE-N6,19,4459392976226926337,15000,15000,58505.454244166394,58505.454244166394,58505.454244166394,0.277385083027184,P5_batch_plant_RC14,58505.454244166394,9.997773275927102e-09,8.996696720942055e-09,True
E16_engpop_P5_batch_plant_RC14,engineering,0,10,LSHADE-N6,20,8376800636118807861,15000,15000,58505.991692280164,58505.991692280164,58505.991692280164,0.2834271427709609,P5_batch_plant_RC14,58505.991692280164,9.99875737761613e-09,9.956806934496854e-09,True
E16_engpop_P5_batch_plant_RC14,engineering,0,10,LSHADE-N6,21,8673557017874210524,15000,15000,58507.25399576233,58507.25399576233,58507.25399576233,0.28194840997457504,P5_batch_plant_RC14,58507.25399576233,0.0,0.0,True
E16_engpop_P5_batch_plant_RC14,engineering,0,10,LSHADE-N6,22,8443522455135937143,15000,15000,58510.14122977475,58510.14122977475,58510.14122977475,0.28098595584742725,P5_batch_plant_RC14,58510.14122977475,9.218865670845844e-09,9.218865670845844e-09,True
E16_engpop_P5_batch_plant_RC14,engineering,0,10,LSHADE-N6,23,4623455824993297458,15000,15000,58507.268930320395,58507.268930320395,58507.268930320395,0.28134257392957807,P5_batch_plant_RC14,58507.268930320395,9.961581781681161e-09,9.961581781681161e-09,True
E16_engpop_P5_batch_plant_RC14,engineering,0,10,LSHADE-N6,24,6638640443444736555,15000,15000,58505.77394462805,58505.77394462805,58505.77394462805,0.2820542589761317,P5_batch_plant_RC14,58505.77394462805,9.913378562487196e-09,9.913378562487196e-09,True
E16_engpop_P5_batch_plant_RC14,engineering,0,10,LSHADE-N6,25,1114686550235478566,15000,15000,58506.024278486104,58506.024278486104,58506.024278486104,0.28332285792566836,P5_batch_plant_RC14,58506.024278486104,9.99389726530353e-09,8.285240937766503e-09,True
E16_engpop_P5_batch_plant_RC14,engineering,0,10,LSHADE-N6,26,3711919166607160460,15000,15000,58505.474370938195,58505.474370938195,58505.474370938195,0.28156567295081913,P5_batch_plant_RC14,58505.474370938195,9.99700944248616e-09,9.947157764145231e-09,True
E16_engpop_P5_batch_plant_RC14,engineering,0,10,LSHADE-N6,27,12723284974320894,15000,15000,58509.7286864742,58509.7286864742,58509.7286864742,0.2774747519288212,P5_batch_plant_RC14,58509.7286864742,9.905900100193321e-09,8.029147124943847e-09,True
E16_engpop_P5_batch_plant_RC14,engineering,0,10,LSHADE-N6,28,4388531421143739129,15000,15000,58505.56853173566,58505.56853173566,58505.56853173566,0.2801769089419395,P5_batch_plant_RC14,58505.56853173566,9.9954107213307e-09,9.9954107213307e-09,True
E16_engpop_P5_batch_plant_RC14,engineering,0,10,LSHADE-N6,29,3187583893709612084,15000,15000,58505.498436925365,58505.498436925365,58505.498436925365,0.28056547814048827,P5_batch_plant_RC14,58505.498436925365,6.7738543663153905e-09,5.018529591893639e-09,True
E16_engpop_P3_heat_exchanger_RC01,engineering,0,9,LSHADE-N6,0,2890136934250752976,15000,15000,258.432562450371,258.432562450371,258.432562450371,0.33551442716270685,P3_heat_exchanger_RC01,258.432562450371,5.2497076575571495e-09,5.2497076575571495e-09,True
E16_engpop_P3_heat_exchanger_RC01,engineering,0,9,LSHADE-N6,1,7252720001227867194,15000,15000,100000.01730726633,100000.01730726633,100000.01730726633,0.29962124093435705,P3_heat_exchanger_RC01,781.1338499232763,0.017307266336476824,0.017307266336476824,False
E16_engpop_P3_heat_exchanger_RC01,engineering,0,9,LSHADE-N6,2,3411003595262195662,15000,15000,100000.01537017678,100000.01537017678,100000.01537017678,0.30520829814486206,P3_heat_exchanger_RC01,257.9647452476347,0.015370176789449397,0.015370176789449397,False
E16_engpop_P3_heat_exchanger_RC01,engineering,0,9,LSHADE-N6,3,1766894506792590494,15000,15000,100000.01929296192,100000.01929296192,100000.01929296192,0.3015252510085702,P3_heat_exchanger_RC01,690.869900578622,0.01929296191653739,0.01929296191653739,False
E16_engpop_P3_heat_exchanger_RC01,engineering,0,9,LSHADE-N6,4,7488182480753804505,15000,15000,100000.00028323357,100000.00028323357,100000.00028323357,0.30633108294568956,P3_heat_exchanger_RC01,532.699614709528,0.00028323357318859053,0.00028323357318859053,False
E16_engpop_P3_heat_exchanger_RC01,engineering,0,9,LSHADE-N6,5,3178424945920731122,15000,15000,100025.93668729404,100025.93668729404,100025.93668729404,0.30034761200658977,P3_heat_exchanger_RC01,269.7394042933957,25.936687294047427,20.36821653639588,False
E16_engpop_P3_heat_exchanger_RC01,engineering,0,9,LSHADE-N6,6,4017447175757468873,15000,15000,100000.00015230931,100000.00015230931,100000.00015230931,0.29644751898013055,P3_heat_exchanger_RC01,421.45380235628625,0.00015230931453279482,0.00015230931453279482,False
E16_engpop_P3_heat_exchanger_RC01,engineering,0,9,LSHADE-N6,7,8004350165127335996,15000,15000,100065.57946602484,100065.57946602484,100065.57946602484,0.2978711691685021,P3_heat_exchanger_RC01,279.39524136416355,65.57946602484162,64.68297667621411,False
E16_engpop_P3_heat_exchanger_RC01,engineering,0,9,LSHADE-N6,8,3192801730979500398,15000,15000,100000.00938554114,100000.00938554114,100000.00938554114,0.3003141910303384,P3_heat_exchanger_RC01,267.5748659423203,0.009385541140804799,0.009385541140804799,False
E16_engpop_P3_heat_exchanger_RC01,engineering,0,9,LSHADE-N6,9,8173659106658614306,15000,15000,100000.01307156967,100000.01307156967,100000.01307156967,0.3041092660278082,P3_heat_exchanger_RC01,260.08738917304123,0.013071569677069784,0.013071569677069784,False
E16_engpop_P3_heat_exchanger_RC01,engineering,0,9,LSHADE-N6,10,3284191637121438319,15000,15000,100000.00511453132,100000.00511453132,100000.00511453132,0.30088981008157134,P3_heat_exchanger_RC01,597.6877184460884,0.005114531313868065,0.005114531313868065,False
E16_engpop_P3_heat_exchanger_RC01,engineering,0,9,LSHADE-N6,11,1042315697446205099,15000,15000,100000.0078497915,100000.0078497915,100000.0078497915,0.3044267720542848,P3_heat_exchanger_RC01,540.1128371158882,0.007849791495434511,0.007849791495434511,False
E16_engpop_P3_heat_exchanger_RC01,engineering,0,9,LSHADE-N6,12,4390324077485085289,15000,15000,100000.01470012612,100000.01470012612,100000.01470012612,0.2983097911346704,P3_heat_exchanger_RC01,566.7724045992119,0.014700126127624936,0.014700126127624936,False
E16_engpop_P3_heat_exchanger_RC01,engineering,0,9,LSHADE-N6,13,7060276390562495568,15000,15000,100000.01839592429,100000.01839592429,100000.01839592429,0.2983421829994768,P3_heat_exchanger_RC01,406.16530847097437,0.018395924290505173,0.018395924290505173,False
E16_engpop_P3_heat_exchanger_RC01,engineering,0,9,LSHADE-N6,14,7212245707126475026,15000,15000,631.1308599216067,631.1308599216067,631.1308599216067,0.3044174751266837,P3_heat_exchanger_RC01,631.1308599216067,0.0,0.0,True
E16_engpop_P3_heat_exchanger_RC01,engineering,0,9,LSHADE-N6,15,7274631471006410899,15000,15000,100000.01870125004,100000.01870125004,100000.01870125004,0.30092592793516815,P3_heat_exchanger_RC01,412.8907342060147,0.01870125004402089,0.01870125004402089,False
E16_engpop_P3_heat_exchanger_RC01,engineering,0,9,LSHADE-N6,16,447965236890200201,15000,15000,100039.75419104671,100039.75419104671,100039.75419104671,0.2907776269130409,P3_heat_exchanger_RC01,252.19653232709607,39.75419104671541,27.800381902938856,False
E16_engpop_P3_heat_exchanger_RC01,engineering,0,9,LSHADE-N6,17,4689237101631871950,15000,15000,100000.17645332796,100000.17645332796,100000.17645332796,0.2943729490507394,P3_heat_exchanger_RC01,233.28889648356284,0.1764533279652919,0.08323916566334665,False
E16_engpop_P3_heat_exchanger_RC01,engineering,0,9,LSHADE-N6,18,128073878532292650,15000,15000,100000.00921638576,100000.00921638576,100000.00921638576,0.3012617570348084,P3_heat_exchanger_RC01,226.77257432706543,0.009216385758836532,0.009216385758836532,False
E16_engpop_P3_heat_exchanger_RC01,engineering,0,9,LSHADE-N6,19,1383094291900206452,15000,15000,100000.01880166013,100000.01880166013,100000.01880166013,0.29718962078914046,P3_heat_exchanger_RC01,224.75874132318063,0.01880166012873351,0.01880166012873351,False
E16_engpop_P3_heat_exchanger_RC01,engineering,0,9,LSHADE-N6,20,3048757852265150104,15000,15000,100000.00098967447,100000.00098967447,100000.00098967447,0.2954589747823775,P3_heat_exchanger_RC01,472.653905697078,0.0009896744760202636,0.0009896744760202636,False
E16_engpop_P3_heat_exchanger_RC01,engineering,0,9,LSHADE-N6,21,2681670227799220572,15000,15000,100000.01960813331,100000.01960813331,100000.01960813331,0.29538537794724107,P3_heat_exchanger_RC01,686.4031434086015,0.019608133315759824,0.019608133315759824,False
E16_engpop_P3_heat_exchanger_RC01,engineering,0,9,LSHADE-N6,22,7599074220198419145,15000,15000,100000.01014716054,100000.01014716054,100000.01014716054,0.29780818009749055,P3_heat_exchanger_RC01,827.0987057676666,0.01014716054757846,0.01014716054757846,False
E16_engpop_P3_heat_exchanger_RC01,engineering,0,9,LSHADE-N6,23,4317422300534490334,15000,15000,322.3427974738617,322.3427974738617,322.3427974738617,0.2986203639302403,P3_heat_exchanger_RC01,322.3427974738617,6.582215428347564e-09,6.582215428347564e-09,True
E16_engpop_P3_heat_exchanger_RC01,engineering,0,9,LSHADE-N6,24,5675109176541569980,15000,15000,100013.72908969235,100013.72908969235,100013.72908969235,0.29548325086943805,P3_heat_exchanger_RC01,425.77925132618475,13.729089692356522,8.716327304369532,False
E16_engpop_P3_heat_exchanger_RC01,engineering,0,9,LSHADE-N6,25,117608761701117728,15000,15000,100000.01167912991,100000.01167912991,100000.01167912991,0.29584051109850407,P3_heat_exchanger_RC01,433.9676287346819,0.011679129908916275,0.011679129908916275,False
E16_engpop_P3_heat_exchanger_RC01,engineering,0,9,LSHADE-N6,26,8575020919072046826,15000,15000,100000.01321969721,100000.01321969721,100000.01321969721,0.29795699985697865,P3_heat_exchanger_RC01,325.1714571888964,0.01321969721331916,0.01321969721331916,False
E16_engpop_P3_heat_exchanger_RC01,engineering,0,9,LSHADE-N6,27,2080812830600651521,15000,15000,100000.01145055304,100000.01145055304,100000.01145055304,0.2943167039193213,P3_heat_exchanger_RC01,826.1030179989563,0.011450553040137857,0.011450553040137857,False
E16_engpop_P3_heat_exchanger_RC01,engineering,0,9,LSHADE-N6,28,6234135368739336544,15000,15000,229.89267097837407,229.89267097837407,229.89267097837407,0.29859357397072017,P3_heat_exchanger_RC01,229.89267097837407,9.841844439501739e-09,9.841844439501739e-09,True
E16_engpop_P3_heat_exchanger_RC01,engineering,0,9,LSHADE-N6,29,2558884594298728494,15000,15000,100000.003436407,100000.003436407,100000.003436407,0.2839221921749413,P3_heat_exchanger_RC01,349.15207330894225,0.0034364069954653134,0.0034364069954653134,False
E16_engpop_P2_gear_train,engineering,0,4,LSHADE-N6,0,2598243154112868285,15000,15000,2.307815733312755e-11,0.0,2.307815733312755e-11,0.3668320451397449,P2_gear_train,2.307815733312755e-11,0.0,0.0,True
E16_engpop_P2_gear_train,engineering,0,4,LSHADE-N6,1,96541634869235769,15000,15000,9.939875595217474e-11,0.0,9.939875595217474e-11,0.34898979705758393,P2_gear_train,9.939875595217474e-11,0.0,0.0,True
E16_engpop_P2_gear_train,engineering,0,4,LSHADE-N6,2,6388557613732723813,15000,15000,9.939875595217474e-11,0.0,9.939875595217474e-11,0.34618321410380304,P2_gear_train,9.939875595217474e-11,0.0,0.0,True
E16_engpop_P2_gear_train,engineering,0,4,LSHADE-N6,3,8403990931008786383,15000,15000,2.7008571488865134e-12,0.0,2.7008571488865134e-12,0.3449639279861003,P2_gear_train,2.7008571488865134e-12,0.0,0.0,True
E16_engpop_P2_gear_train,engineering,0,4,LSHADE-N6,4,1136469443821025057,15000,15000,2.307815733312755e-11,0.0,2.307815733312755e-11,0.34748079697601497,P2_gear_train,2.307815733312755e-11,0.0,0.0,True
E16_engpop_P2_gear_train,engineering,0,4,LSHADE-N6,5,3337063527954367220,15000,15000,2.307815733312755e-11,0.0,2.307815733312755e-11,0.34709980292245746,P2_gear_train,2.307815733312755e-11,0.0,0.0,True
E16_engpop_P2_gear_train,engineering,0,4,LSHADE-N6,6,2221809923636455028,15000,15000,2.7008571488865134e-12,0.0,2.7008571488865134e-12,0.348741902038455,P2_gear_train,2.7008571488865134e-12,0.0,0.0,True
E16_engpop_P2_gear_train,engineering,0,4,LSHADE-N6,7,3356914270390594716,15000,15000,2.307815733312755e-11,0.0,2.307815733312755e-11,0.3520719460211694,P2_gear_train,2.307815733312755e-11,0.0,0.0,True
E16_engpop_P2_gear_train,engineering,0,4,LSHADE-N6,8,9052473405668144152,15000,15000,2.307815733312755e-11,0.0,2.307815733312755e-11,0.3518578349612653,P2_gear_train,2.307815733312755e-11,0.0,0.0,True
E16_engpop_P2_gear_train,engineering,0,4,LSHADE-N6,9,4544620477987472559,15000,15000,2.307815733312755e-11,0.0,2.307815733312755e-11,0.35978783504106104,P2_gear_train,2.307815733312755e-11,0.0,0.0,True
E16_engpop_P2_gear_train,engineering,0,4,LSHADE-N6,10,219154610958251587,15000,15000,2.307815733312755e-11,0.0,2.307815733312755e-11,0.3617955110967159,P2_gear_train,2.307815733312755e-11,0.0,0.0,True
E16_engpop_P2_gear_train,engineering,0,4,LSHADE-N6,11,4555020924781401298,15000,15000,2.7008571488865134e-12,0.0,2.7008571488865134e-12,0.347363076871261,P2_gear_train,2.7008571488865134e-12,0.0,0.0,True
E16_engpop_P2_gear_train,engineering,0,4,LSHADE-N6,12,3654830829089432538,15000,15000,2.7008571488865134e-12,0.0,2.7008571488865134e-12,0.3565005410928279,P2_gear_train,2.7008571488865134e-12,0.0,0.0,True
E16_engpop_P2_gear_train,engineering,0,4,LSHADE-N6,13,1123901645268108057,15000,15000,1.093566379158992e-09,0.0,1.093566379158992e-09,0.3485164390876889,P2_gear_train,1.093566379158992e-09,0.0,0.0,True
E16_engpop_P2_gear_train,engineering,0,4,LSHADE-N6,14,5325644156970729112,15000,15000,2.307815733312755e-11,0.0,2.307815733312755e-11,0.3407808030024171,P2_gear_train,2.307815733312755e-11,0.0,0.0,True
E16_engpop_P2_gear_train,engineering,0,4,LSHADE-N6,15,5881393294877790805,15000,15000,2.307815733312755e-11,0.0,2.307815733312755e-11,0.3403641819022596,P2_gear_train,2.307815733312755e-11,0.0,0.0,True
E16_engpop_P2_gear_train,engineering,0,4,LSHADE-N6,16,5037333463125660009,15000,15000,2.307815733312755e-11,0.0,2.307815733312755e-11,0.3446277170442045,P2_gear_train,2.307815733312755e-11,0.0,0.0,True
E16_engpop_P2_gear_train,engineering,0,4,LSHADE-N6,17,5353533289591856751,15000,15000,2.7008571488865134e-12,0.0,2.7008571488865134e-12,0.36103399307467043,P2_gear_train,2.7008571488865134e-12,0.0,0.0,True
E16_engpop_P2_gear_train,engineering,0,4,LSHADE-N6,18,4816658846762452102,15000,15000,2.307815733312755e-11,0.0,2.307815733312755e-11,0.35895389202050865,P2_gear_train,2.307815733312755e-11,0.0,0.0,True
E16_engpop_P2_gear_train,engineering,0,4,LSHADE-N6,19,2041879377462526979,15000,15000,9.939875595217474e-11,0.0,9.939875595217474e-11,0.35318171698600054,P2_gear_train,9.939875595217474e-11,0.0,0.0,True
E16_engpop_P2_gear_train,engineering,0,4,LSHADE-N6,20,3038093792976245594,15000,15000,2.7008571488865134e-12,0.0,2.7008571488865134e-12,0.3550293231382966,P2_gear_train,2.7008571488865134e-12,0.0,0.0,True
E16_engpop_P2_gear_train,engineering,0,4,LSHADE-N6,21,5074146600369172638,15000,15000,3.0675558516235034e-10,0.0,3.0675558516235034e-10,0.3517152469139546,P2_gear_train,3.0675558516235034e-10,0.0,0.0,True
E16_engpop_P2_gear_train,engineering,0,4,LSHADE-N6,22,1025436716639350794,15000,15000,2.7008571488865134e-12,0.0,2.7008571488865134e-12,0.3539074391592294,P2_gear_train,2.7008571488865134e-12,0.0,0.0,True
E16_engpop_P2_gear_train,engineering,0,4,LSHADE-N6,23,5326838679478846816,15000,15000,2.307815733312755e-11,0.0,2.307815733312755e-11,0.35685564717277884,P2_gear_train,2.307815733312755e-11,0.0,0.0,True
E16_engpop_P2_gear_train,engineering,0,4,LSHADE-N6,24,4127480952063856192,15000,15000,2.7008571488865134e-12,0.0,2.7008571488865134e-12,0.35035163001157343,P2_gear_train,2.7008571488865134e-12,0.0,0.0,True
E16_engpop_P2_gear_train,engineering,0,4,LSHADE-N6,25,7462502413163464720,15000,15000,9.74565344700916e-10,0.0,9.74565344700916e-10,0.3493649009615183,P2_gear_train,9.74565344700916e-10,0.0,0.0,True
E16_engpop_P2_gear_train,engineering,0,4,LSHADE-N6,26,1650058189680966977,15000,15000,2.307815733312755e-11,0.0,2.307815733312755e-11,0.35615383088588715,P2_gear_train,2.307815733312755e-11,0.0,0.0,True
E16_engpop_P2_gear_train,engineering,0,4,LSHADE-N6,27,8855616238314890413,15000,15000,1.5450450499890773e-10,0.0,1.5450450499890773e-10,0.35270098596811295,P2_gear_train,1.5450450499890773e-10,0.0,0.0,True
E16_engpop_P2_gear_train,engineering,0,4,LSHADE-N6,28,3067786451168390052,15000,15000,2.307815733312755e-11,0.0,2.307815733312755e-11,0.3504158810246736,P2_gear_train,2.307815733312755e-11,0.0,0.0,True
E16_engpop_P2_gear_train,engineering,0,4,LSHADE-N6,29,6976109032067310182,15000,15000,9.939875595217474e-11,0.0,9.939875595217474e-11,0.3534543588757515,P2_gear_train,9.939875595217474e-11,0.0,0.0,True
E16_engpop_P1_pressure_vessel,engineering,0,4,LSHADE-N6,0,5282745656133995621,15000,15000,6090.526142560758,6090.526142560758,6090.526142560758,0.49034625897184014,P1_pressure_vessel,6090.526142560758,9.99999993922529e-09,9.99999993922529e-09,True
E16_engpop_P1_pressure_vessel,engineering,0,4,LSHADE-N6,1,1547715898393457525,15000,15000,6090.526142560758,6090.526142560758,6090.526142560758,0.44439226598478854,P1_pressure_vessel,6090.526142560758,9.99999993922529e-09,9.99999993922529e-09,True
E16_engpop_P1_pressure_vessel,engineering,0,4,LSHADE-N6,2,1525250096967380486,15000,15000,6370.779662195379,6370.779662195379,6370.779662195379,0.4449415358249098,P1_pressure_vessel,6370.779662195379,9.99999993922529e-09,9.99999993922529e-09,True
E16_engpop_P1_pressure_vessel,engineering,0,4,LSHADE-N6,3,7463184320558181090,15000,15000,6370.779662195379,6370.779662195379,6370.779662195379,0.44855490210466087,P1_pressure_vessel,6370.779662195379,9.99999993922529e-09,9.99999993922529e-09,True
E16_engpop_P1_pressure_vessel,engineering,0,4,LSHADE-N6,4,2378787176179271157,15000,15000,6090.526142560758,6090.526142560758,6090.526142560758,0.4595154949929565,P1_pressure_vessel,6090.526142560758,9.99999993922529e-09,9.99999993922529e-09,True
E16_engpop_P1_pressure_vessel,engineering,0,4,LSHADE-N6,5,5664687890385633321,15000,15000,6090.526142560758,6090.526142560758,6090.526142560758,0.446838152827695,P1_pressure_vessel,6090.526142560758,9.99999993922529e-09,9.99999993922529e-09,True
E16_engpop_P1_pressure_vessel,engineering,0,4,LSHADE-N6,6,536837999759445816,15000,15000,6370.808563800836,6370.808563800836,6370.808563800836,0.47197126201353967,P1_pressure_vessel,6370.808563800836,0.0,0.0,True
E16_engpop_P1_pressure_vessel,engineering,0,4,LSHADE-N6,7,5847050668268615355,15000,15000,6059.714271946906,6059.714271946906,6059.714271946906,0.4365543380845338,P1_pressure_vessel,6059.714271946906,9.99999993922529e-09,9.99999993922529e-09,True
E16_engpop_P1_pressure_vessel,engineering,0,4,LSHADE-N6,8,2324531881941034978,15000,15000,6106.017099932594,6106.017099932594,6106.017099932594,0.4719947259873152,P1_pressure_vessel,6106.017099932594,0.0,0.0,True
E16_engpop_P1_pressure_vessel,engineering,0,4,LSHADE-N6,9,5878103300924875414,15000,15000,6059.714271946906,6059.714271946906,6059.714271946906,0.4441334300208837,P1_pressure_vessel,6059.714271946906,9.99999993922529e-09,9.99999993922529e-09,True
E16_engpop_P1_pressure_vessel,engineering,0,4,LSHADE-N6,10,6793199664989431632,15000,15000,6090.526142560758,6090.526142560758,6090.526142560758,0.4480311800725758,P1_pressure_vessel,6090.526142560758,9.99999993922529e-09,9.99999993922529e-09,True
E16_engpop_P1_pressure_vessel,engineering,0,4,LSHADE-N6,11,5417129108861258110,15000,15000,6370.779662195379,6370.779662195379,6370.779662195379,0.4494439489208162,P1_pressure_vessel,6370.779662195379,9.99999993922529e-09,9.99999993922529e-09,True
E16_engpop_P1_pressure_vessel,engineering,0,4,LSHADE-N6,12,3393474034209960028,15000,15000,6370.779662195379,6370.779662195379,6370.779662195379,0.4514156258665025,P1_pressure_vessel,6370.779662195379,9.99999993922529e-09,9.99999993922529e-09,True
E16_engpop_P1_pressure_vessel,engineering,0,4,LSHADE-N6,13,5943629069457891775,15000,15000,6059.714271946906,6059.714271946906,6059.714271946906,0.45213883207179606,P1_pressure_vessel,6059.714271946906,9.99999993922529e-09,9.99999993922529e-09,True
E16_engpop_P1_pressure_vessel,engineering,0,4,LSHADE-N6,14,3713236851852278702,15000,15000,6059.714271946906,6059.714271946906,6059.714271946906,0.45514242514036596,P1_pressure_vessel,6059.714271946906,9.99999993922529e-09,9.99999993922529e-09,True
E16_engpop_P1_pressure_vessel,engineering,0,4,LSHADE-N6,15,8360000888705734881,15000,15000,6059.714271946906,6059.714271946906,6059.714271946906,0.4507611289154738,P1_pressure_vessel,6059.714271946906,9.99999993922529e-09,9.99999993922529e-09,True
E16_engpop_P1_pressure_vessel,engineering,0,4,LSHADE-N6,16,4487981322376088802,15000,15000,6410.086711854778,6410.086711854778,6410.086711854778,0.456567517016083,P1_pressure_vessel,6410.086711854778,9.99999993922529e-09,9.99999993922529e-09,True
E16_engpop_P1_pressure_vessel,engineering,0,4,LSHADE-N6,17,899472851513453823,15000,15000,6370.779662195379,6370.779662195379,6370.779662195379,0.45502142794430256,P1_pressure_vessel,6370.779662195379,9.99999993922529e-09,9.99999993922529e-09,True
E16_engpop_P1_pressure_vessel,engineering,0,4,LSHADE-N6,18,6527401334507628771,15000,15000,6059.714271946906,6059.714271946906,6059.714271946906,0.4320851070806384,P1_pressure_vessel,6059.714271946906,9.99999993922529e-09,9.99999993922529e-09,True
E16_engpop_P1_pressure_vessel,engineering,0,4,LSHADE-N6,19,1520961231539612638,15000,15000,6090.526142560758,6090.526142560758,6090.526142560758,0.4326513798441738,P1_pressure_vessel,6090.526142560758,9.99999993922529e-09,9.99999993922529e-09,True
E16_engpop_P1_pressure_vessel,engineering,0,4,LSHADE-N6,20,4882532585382424953,15000,15000,6059.714271946906,6059.714271946906,6059.714271946906,0.4394005248323083,P1_pressure_vessel,6059.714271946906,9.99999993922529e-09,9.99999993922529e-09,True
E16_engpop_P1_pressure_vessel,engineering,0,4,LSHADE-N6,21,4568889499964621710,15000,15000,6090.526142560758,6090.526142560758,6090.526142560758,0.4352493309415877,P1_pressure_vessel,6090.526142560758,9.99999993922529e-09,9.99999993922529e-09,True
E16_engpop_P1_pressure_vessel,engineering,0,4,LSHADE-N6,22,6486806091898706380,15000,15000,6059.714271946906,6059.714271946906,6059.714271946906,0.4499887600541115,P1_pressure_vessel,6059.714271946906,9.99999993922529e-09,9.99999993922529e-09,True
E16_engpop_P1_pressure_vessel,engineering,0,4,LSHADE-N6,23,1380342350201425644,15000,15000,6370.779662195379,6370.779662195379,6370.779662195379,0.4422837120946497,P1_pressure_vessel,6370.779662195379,9.99999993922529e-09,9.99999993922529e-09,True
E16_engpop_P1_pressure_vessel,engineering,0,4,LSHADE-N6,24,8268051273541342879,15000,15000,6370.779662195379,6370.779662195379,6370.779662195379,0.4429845861159265,P1_pressure_vessel,6370.779662195379,9.99999993922529e-09,9.99999993922529e-09,True
E16_engpop_P1_pressure_vessel,engineering,0,4,LSHADE-N6,25,1369331552685469898,15000,15000,6410.086711854778,6410.086711854778,6410.086711854778,0.4418872990645468,P1_pressure_vessel,6410.086711854778,9.99999993922529e-09,9.99999993922529e-09,True
E16_engpop_P1_pressure_vessel,engineering,0,4,LSHADE-N6,26,4742039125319686557,15000,15000,6059.714271946906,6059.714271946906,6059.714271946906,0.428788925986737,P1_pressure_vessel,6059.714271946906,9.99999993922529e-09,9.99999993922529e-09,True
E16_engpop_P1_pressure_vessel,engineering,0,4,LSHADE-N6,27,7305426161075362169,15000,15000,6370.779662195379,6370.779662195379,6370.779662195379,0.4367375618312508,P1_pressure_vessel,6370.779662195379,9.99999993922529e-09,9.99999993922529e-09,True
E16_engpop_P1_pressure_vessel,engineering,0,4,LSHADE-N6,28,3671642001043414864,15000,15000,6090.526142560758,6090.526142560758,6090.526142560758,0.43700311006978154,P1_pressure_vessel,6090.526142560758,9.99999993922529e-09,9.99999993922529e-09,True
E16_engpop_P1_pressure_vessel,engineering,0,4,LSHADE-N6,29,2263635627288932463,15000,15000,6410.086711854778,6410.086711854778,6410.086711854778,0.441939156036824,P1_pressure_vessel,6410.086711854778,9.99999993922529e-09,9.99999993922529e-09,True
