tag,suite,func,dim,objective,total_violation,max_violation,feasible,fes_used,starts,problem,algo,run,seed,max_fes
P3_heat_exchanger_RC01,engineering,0,0,197.06761271917856,805.8969395687777,799.873021108627,False,15000,115,P3_heat_exchanger_RC01,SLSQP,0,5079639333047192371,15000
P3_heat_exchanger_RC01,engineering,0,0,197.3591651881912,2757.4208101602176,2757.4118034830944,False,15000,108,P3_heat_exchanger_RC01,SLSQP,1,5978849996560190513,15000
P3_heat_exchanger_RC01,engineering,0,0,383.1016984801638,2032.9463906397136,2032.4873543761837,False,15000,101,P3_heat_exchanger_RC01,SLSQP,2,7280211201969084453,15000
P3_heat_exchanger_RC01,engineering,0,0,219.2608597243176,1875.4957458422964,1874.995748034276,False,15000,85,P3_heat_exchanger_RC01,SLSQP,3,3018381643103593696,15000
P3_heat_exchanger_RC01,engineering,0,0,189.29367635661288,5175.355628116716,2686.4097703246,False,15000,93,P3_heat_exchanger_RC01,SLSQP,4,8512025531641647292,15000
P3_heat_exchanger_RC01,engineering,0,0,260.6683144340391,65.58171673785876,65.57359908038526,False,15000,115,P3_heat_exchanger_RC01,SLSQP,5,7732716434134142028,15000
P3_heat_exchanger_RC01,engineering,0,0,383.51382527850654,3667.068086009573,3665.880692587297,False,15000,94,P3_heat_exchanger_RC01,SLSQP,6,8866848654066801118,15000
P3_heat_exchanger_RC01,engineering,0,0,241.012766790424,1868.2289862034197,1868.1731384467032,False,15000,103,P3_heat_exchanger_RC01,SLSQP,7,1083592911566382882,15000
P3_heat_exchanger_RC01,engineering,0,0,213.58477843890083,63.75575063114511,61.9837987593539,False,15000,97,P3_heat_exchanger_RC01,SLSQP,8,7183952592216060317,15000
P3_heat_exchanger_RC01,engineering,0,0,588.1753456672262,3063.969360942821,3063.487505177797,False,15000,89,P3_heat_exchanger_RC01,SLSQP,9,3409244625380568848,15000
P3_heat_exchanger_RC01,engineering,0,0,214.42451919799396,7418.265097317356,7418.227872785244,False,15000,101,P3_heat_exchanger_RC01,SLSQP,10,6498169858144633045,15000
P3_heat_exchanger_RC01,engineering,0,0,280.902330173429,1624.667812920292,1624.634870172774,False,15000,125,P3_heat_exchanger_RC01,SLSQP,11,8270736072290477619,15000
P3_heat_exchanger_RC01,engineering,0,0,259.6063018605893,11870.78487096122,11870.70670161356,False,15000,92,P3_heat_exchanger_RC01,SLSQP,12,4708163121993039982,15000
P3_heat_exchanger_RC01,engineering,0,0,188.85585101869825,8018.758287289999,8018.754210240037,False,15000,96,P3_heat_exchanger_RC01,SLSQP,13,5686566444267159082,15000
P3_heat_exchanger_RC01,engineering,0,0,195.96713482835665,951.7437320373754,951.7359988366418,False,15000,103,P3_heat_exchanger_RC01,SLSQP,14,98616014152567188,15000
P3_heat_exchanger_RC01,engineering,0,0,189.52095743272235,3688.603701063356,3687.0385590964624,False,15000,112,P3_heat_exchanger_RC01,SLSQP,15,7097152818445474786,15000
P3_heat_exchanger_RC01,engineering,0,0,200.702553421693,2242.767835004848,2149.4676277889566,False,15000,109,P3_heat_exchanger_RC01,SLSQP,16,8883560520503400758,15000
P3_heat_exchanger_RC01,engineering,0,0,229.588564311518,4002.874744307248,4002.861746274696,False,15000,87,P3_heat_exchanger_RC01,SLSQP,17,3449734691839306017,15000
P3_heat_exchanger_RC01,engineering,0,0,205.6180675030341,33.444280551500675,32.9444120615419,False,15000,125,P3_heat_exchanger_RC01,SLSQP,18,7470470859671433293,15000
P3_heat_exchanger_RC01,engineering,0,0,232.33679261861892,66.9861592841306,66.98605189664997,False,15000,93,P3_heat_exchanger_RC01,SLSQP,19,4855449625458753335,15000
P3_heat_exchanger_RC01,engineering,0,0,288.99952291478064,2318.744567370775,2315.013496956385,False,15000,105,P3_heat_exchanger_RC01,SLSQP,20,1469526097307777753,15000
P3_heat_exchanger_RC01,engineering,0,0,213.24573668416892,24659.90126230764,24659.774718388977,False,15000,105,P3_heat_exchanger_RC01,SLSQP,21,679981433322246338,15000
P3_heat_exchanger_RC01,engineering,0,0,291.4530903750684,8997.241855967854,8997.219681241613,False,15000,96,P3_heat_exchanger_RC01,SLSQP,22,8169139478915529544,15000
P3_heat_exchanger_RC01,engineering,0,0,205.7344796525005,2540.119578261452,2431.777793488761,False,15000,101,P3_heat_exchanger_RC01,SLSQP,23,1715544945771110735,15000
P3_heat_exchanger_RC01,engineering,0,0,222.39663703650524,68.0799264149774,67.89495888614803,False,15000,113,P3_heat_exchanger_RC01,SLSQP,24,8138204012214725658,15000
P3_heat_exchanger_RC01,engineering,0,0,240.91691863307653,4661.487653403231,4661.420961441302,False,15000,112,P3_heat_exchanger_RC01,SLSQP,25,3495413620061960495,15000
P3_heat_exchanger_RC01,engineering,0,0,303.8027158613907,61.55691280316635,61.51695485815182,False,15000,92,P3_heat_exchanger_RC01,SLSQP,26,1467794574816566444,15000
P3_heat_exchanger_RC01,engineering,0,0,263.0771267507298,39076.838387288015,39076.683305392806,False,15000,97,P3_heat_exchanger_RC01,SLSQP,27,4917464508899224911,15000
P3_heat_exchanger_RC01,engineering,0,0,327.412345574144,3728.565644465779,3727.809555833524,False,15000,86,P3_heat_exchanger_RC01,SLSQP,28,4315049494590040855,15000
P3_heat_exchanger_RC01,engineering,0,0,227.2485053832893,1757.342579939202,1757.320172721583,False,15000,120,P3_heat_exchanger_RC01,SLSQP,29,692719879340998805,15000
P3_heat_exchanger_RC01,engineering,0,0,243.1252278317149,0.7002054897351221,0.1555194334235766,False,15000,4,P3_heat_exchanger_RC01,trust-constr,0,4371985658614393601,15000
P3_heat_exchanger_RC01,engineering,0,0,189.3260738954634,0.0,0.0,True,15000,4,P3_heat_exchanger_RC01,trust-constr,1,3307879461616831335,15000
P3_heat_exchanger_RC01,engineering,0,0,189.3709688933852,0.0015110526023435,0.0006866943949836,False,15000,4,P3_heat_exchanger_RC01,trust-constr,2,6448349977338685954,15000
P3_heat_exchanger_RC01,engineering,0,0,189.3246017843997,0.0,0.0,True,15000,4,P3_heat_exchanger_RC01,trust-constr,3,4696746290604040390,15000
P3_heat_exchanger_RC01,engineering,0,0,189.3204162174692,0.0,0.0,True,15000,4,P3_heat_exchanger_RC01,trust-constr,4,6296325723262975262,15000
P3_heat_exchanger_RC01,engineering,0,0,273.3697647740476,0.9425342413346433,0.5037111177580063,False,15000,4,P3_heat_exchanger_RC01,trust-constr,5,794229128347911852,15000
P3_heat_exchanger_RC01,engineering,0,0,206.34884518407557,1.5440514039401636,0.5054260312221293,False,15000,4,P3_heat_exchanger_RC01,trust-constr,6,5549109409378238591,15000
P3_heat_exchanger_RC01,engineering,0,0,189.32340550312355,0.0013454950963175,0.0013061005209345,False,15000,4,P3_heat_exchanger_RC01,trust-constr,7,8774074817617032198,15000
P3_heat_exchanger_RC01,engineering,0,0,189.3225250189014,0.0,0.0,True,15000,4,P3_heat_exchanger_RC01,trust-constr,8,7620504078124642381,15000
P3_heat_exchanger_RC01,engineering,0,0,189.32136174702305,0.0,0.0,True,15000,4,P3_heat_exchanger_RC01,trust-constr,9,1258886022992611290,15000
P3_heat_exchanger_RC01,engineering,0,0,189.3241730331345,0.0,0.0,True,15000,4,P3_heat_exchanger_RC01,trust-constr,10,3548255060670333918,15000
P3_heat_exchanger_RC01,engineering,0,0,189.3221372055655,0.0,0.0,True,15000,4,P3_heat_exchanger_RC01,trust-constr,11,8328110027277780438,15000
P3_heat_exchanger_RC01,engineering,0,0,189.32307248956477,0.0,0.0,True,15000,4,P3_heat_exchanger_RC01,trust-constr,12,8570194259087413941,15000
P3_heat_exchanger_RC01,engineering,0,0,189.32147959265495,2.6821127627886605e-05,2.6821127627886605e-05,False,15000,4,P3_heat_exchanger_RC01,trust-constr,13,6401572847157483467,15000
P3_heat_exchanger_RC01,engineering,0,0,189.32058848574815,0.0,0.0,True,15000,5,P3_heat_exchanger_RC01,trust-constr,14,1420821417684782139,15000
P3_heat_exchanger_RC01,engineering,0,0,189.3243501988093,0.0,0.0,True,15000,4,P3_heat_exchanger_RC01,trust-constr,15,6349590561285360555,15000
P3_heat_exchanger_RC01,engineering,0,0,193.25516757188703,11.265696156922171,5.471541425768329,False,15000,4,P3_heat_exchanger_RC01,trust-constr,16,6895828018276018434,15000
P3_heat_exchanger_RC01,engineering,0,0,189.3232373501625,2.092227036943764e-05,2.092227036943764e-05,False,15000,4,P3_heat_exchanger_RC01,trust-constr,17,4707758836508632879,15000
P3_heat_exchanger_RC01,engineering,0,0,189.3671440565513,0.0010904081734757,0.0005043157453577,False,15000,4,P3_heat_exchanger_RC01,trust-constr,18,9129386484628617615,15000
P3_heat_exchanger_RC01,engineering,0,0,189.32356398123912,0.0,0.0,True,15000,4,P3_heat_exchanger_RC01,trust-constr,19,7613198811734356764,15000
P3_heat_exchanger_RC01,engineering,0,0,249.6464875550124,18.47452515304376,7.988624894957579,False,15000,4,P3_heat_exchanger_RC01,trust-constr,20,7781686512725554741,15000
P3_heat_exchanger_RC01,engineering,0,0,189.4696016350136,1.2043461885199551,0.5057707887517929,False,15000,4,P3_heat_exchanger_RC01,trust-constr,21,2390393423714296785,15000
P3_heat_exchanger_RC01,engineering,0,0,189.32225423511548,0.0,0.0,True,15000,4,P3_heat_exchanger_RC01,trust-constr,22,8874838225391280415,15000
P3_heat_exchanger_RC01,engineering,0,0,189.31954057951245,0.0007820416336214,0.0007820416336214,False,15000,4,P3_heat_exchanger_RC01,trust-constr,23,7911755679433395010,15000
P3_heat_exchanger_RC01,engineering,0,0,189.32249523833752,0.0,0.0,True,15000,4,P3_heat_exchanger_RC01,trust-constr,24,1772889521843639321,15000
P3_heat_exchanger_RC01,engineering,0,0,189.32495545534476,0.0002581823916629,0.0002581823916629,False,15000,4,P3_heat_exchanger_RC01,trust-constr,25,7568119254180336899,15000
P3_heat_exchanger_RC01,engineering,0,0,189.36170448802417,0.0,0.0,True,15000,4,P3_heat_exchanger_RC01,trust-constr,26,7442465470403481033,15000
P3_heat_exchanger_RC01,engineering,0,0,189.32250896938285,0.0,0.0,True,15000,4,P3_heat_exchanger_RC01,trust-constr,27,1271957915640636521,15000
P3_heat_exchanger_RC01,engineering,0,0,222.27678602794327,6.453304937938414,2.792084321456414,False,15000,4,P3_heat_exchanger_RC01,trust-constr,28,4935381424356333321,15000
P3_heat_exchanger_RC01,engineering,0,0,230.0459100015329,2.6189678971955024,1.2105852765056764,False,15000,4,P3_heat_exchanger_RC01,trust-constr,29,6617744913405308565,15000
P3_heat_exchanger_RC01,engineering,0,0,189.3116296866205,0.0,0.0,True,0,0,P3_heat_exchanger_RC01,Equality elimination (closed form),0,0,0
P4_blending_pooling_RC06,engineering,0,0,1.863830401101828,4.0218658966888714e-10,3.931892479110784e-10,True,15000,12,P4_blending_pooling_RC06,SLSQP,0,1163929840982177255,15000
P4_blending_pooling_RC06,engineering,0,0,1.8638303983428708,9.89074141748039e-10,4.373743479343201e-10,True,15000,11,P4_blending_pooling_RC06,SLSQP,1,3897033337048464352,15000
P4_blending_pooling_RC06,engineering,0,0,1.863830401336372,3.9473408238897487e-10,3.8299295965292085e-10,True,15000,10,P4_blending_pooling_RC06,SLSQP,2,401994574697880518,15000
P4_blending_pooling_RC06,engineering,0,0,1.8638303989308784,4.257998460386551e-10,3.2013124382022484e-10,True,15000,9,P4_blending_pooling_RC06,SLSQP,3,6605065167497088212,15000
P4_blending_pooling_RC06,engineering,0,0,1.863830398917238,2.9760194395628265e-10,2.9551093802613736e-10,True,15000,6,P4_blending_pooling_RC06,SLSQP,4,5599712386545484643,15000
P4_blending_pooling_RC06,engineering,0,0,1.8638303983341544,5.4806283887294866e-12,2.2628455505864158e-12,True,15000,10,P4_blending_pooling_RC06,SLSQP,5,8717030793016349233,15000
P4_blending_pooling_RC06,engineering,0,0,1.863830398665275,4.122575106283084e-09,2.9851283556988446e-09,True,15000,10,P4_blending_pooling_RC06,SLSQP,6,3738162786467774983,15000
P4_blending_pooling_RC06,engineering,0,0,1.8638304014654932,5.85551399455062e-10,4.951778438650561e-10,True,15000,13,P4_blending_pooling_RC06,SLSQP,7,7221956434980750357,15000
P4_blending_pooling_RC06,engineering,0,0,1.86383040054361,4.728479079368473e-10,2.814208755760146e-10,True,15000,7,P4_blending_pooling_RC06,SLSQP,8,3027050417977880339,15000
P4_blending_pooling_RC06,engineering,0,0,1.8638303983387727,2.640908501133849e-10,1.424955598801998e-10,True,15000,10,P4_blending_pooling_RC06,SLSQP,9,8394392434541281639,15000
P4_blending_pooling_RC06,engineering,0,0,1.8638303983341429,2.128752726936016e-12,9.677129703036108e-13,True,15000,12,P4_blending_pooling_RC06,SLSQP,10,5624328516524744429,15000
P4_blending_pooling_RC06,engineering,0,0,1.8638303989259637,3.393587120299399e-10,3.204580934786745e-10,True,15000,9,P4_blending_pooling_RC06,SLSQP,11,3113552970646697726,15000
P4_blending_pooling_RC06,engineering,0,0,1.8638303986769449,3.8222317839270185e-09,2.9398916524266782e-09,True,15000,9,P4_blending_pooling_RC06,SLSQP,12,3838936028854312972,15000
P4_blending_pooling_RC06,engineering,0,0,1.8638303989173988,2.917504051931988e-10,2.9124768161157676e-10,True,15000,12,P4_blending_pooling_RC06,SLSQP,13,5285621153798366970,15000
P4_blending_pooling_RC06,engineering,0,0,1.8638303990760237,2.0048371080134443e-09,1.0090078102876303e-09,True,15000,4,P4_blending_pooling_RC06,SLSQP,14,6324650194440598387,15000
P4_blending_pooling_RC06,engineering,0,0,1.8638303989250309,2.9113669768987115e-10,2.88625778916622e-10,True,15000,6,P4_blending_pooling_RC06,SLSQP,15,1168509360594794099,15000
P4_blending_pooling_RC06,engineering,0,0,1.8638303983910265,3.1807612640500404e-09,1.1010461321300051e-09,True,15000,9,P4_blending_pooling_RC06,SLSQP,16,3870078551989952136,15000
P4_blending_pooling_RC06,engineering,0,0,1.86383039848914,1.527301600619778e-12,5.362267026893727e-13,True,15000,9,P4_blending_pooling_RC06,SLSQP,17,5885965885538384222,15000
P4_blending_pooling_RC06,engineering,0,0,1.8638303983376463,3.0390200447295845e-12,8.988312616984087e-13,True,15000,9,P4_blending_pooling_RC06,SLSQP,18,7848906540719704428,15000
P4_blending_pooling_RC06,engineering,0,0,1.8638304007833524,4.933016285632282e-10,4.4684943531568105e-10,True,15000,10,P4_blending_pooling_RC06,SLSQP,19,7829436823020160824,15000
P4_blending_pooling_RC06,engineering,0,0,1.8638303983342184,1.1157938848994342e-09,5.587883379073273e-10,True,15000,9,P4_blending_pooling_RC06,SLSQP,20,5032462899162005985,15000
P4_blending_pooling_RC06,engineering,0,0,1.863830398337054,9.095186587107072e-11,2.852805777795852e-11,True,15000,8,P4_blending_pooling_RC06,SLSQP,21,6819752093243133091,15000
P4_blending_pooling_RC06,engineering,0,0,1.8638303989150533,3.294372773356277e-09,1.260484816607214e-09,True,15000,7,P4_blending_pooling_RC06,SLSQP,22,8412330077172757710,15000
P4_blending_pooling_RC06,engineering,0,0,1.8638303989108749,9.881568101592025e-09,8.20978106616597e-09,True,15000,11,P4_blending_pooling_RC06,SLSQP,23,2393617941008248694,15000
P4_blending_pooling_RC06,engineering,0,0,1.86383039892989,5.424867135367384e-10,4.147761607239215e-10,True,15000,10,P4_blending_pooling_RC06,SLSQP,24,4008303862785211185,15000
P4_blending_pooling_RC06,engineering,0,0,1.8638303989401612,6.522597183097584e-10,2.2226108739662864e-10,True,15000,13,P4_blending_pooling_RC06,SLSQP,25,7495813390569742125,15000
P4_blending_pooling_RC06,engineering,0,0,1.8638303999605097,1.3862425340656697e-12,3.6091007298618565e-13,True,15000,9,P4_blending_pooling_RC06,SLSQP,26,7910427567652382599,15000
P4_blending_pooling_RC06,engineering,0,0,1.8638303989108296,2.8823334897228737e-10,2.82998280449402e-10,True,15000,8,P4_blending_pooling_RC06,SLSQP,27,8472019106385165847,15000
P4_blending_pooling_RC06,engineering,0,0,1.863830398934972,4.573479350496266e-10,3.8928517206375085e-10,True,15000,9,P4_blending_pooling_RC06,SLSQP,28,3887939000829331241,15000
P4_blending_pooling_RC06,engineering,0,0,1.863830398905489,2.9580341071960793e-09,2.410988043583038e-09,True,15000,11,P4_blending_pooling_RC06,SLSQP,29,2804356679146544772,15000
P4_blending_pooling_RC06,engineering,0,0,1.918527761842649,0.0193554468720012,0.004864487638804,False,15000,1,P4_blending_pooling_RC06,trust-constr,0,8823171750012324114,15000
P4_blending_pooling_RC06,engineering,0,0,2.058021397608299,1.8054302975247367,0.2809305536379758,False,15000,1,P4_blending_pooling_RC06,trust-constr,1,2639924865200155365,15000
P4_blending_pooling_RC06,engineering,0,0,1.952153506423797,0.0148134571889536,0.0044982458319456,False,15000,1,P4_blending_pooling_RC06,trust-constr,2,8008897741154419869,15000
P4_blending_pooling_RC06,engineering,0,0,1.9511471177439856,0.0064063471537934,0.0022560393080006,False,15000,1,P4_blending_pooling_RC06,trust-constr,3,7810737384849468344,15000
P4_blending_pooling_RC06,engineering,0,0,1.9318231023208576,0.0233454163193178,0.005685058533545,False,15000,1,P4_blending_pooling_RC06,trust-constr,4,638867236939740307,15000
P4_blending_pooling_RC06,engineering,0,0,1.9386349372250988,0.0151250155858014,0.0049234044067969,False,15000,1,P4_blending_pooling_RC06,trust-constr,5,7086433483601447153,15000
P4_blending_pooling_RC06,engineering,0,0,1.9991006017453332,0.0111766265613347,0.0030928072212776,False,15000,1,P4_blending_pooling_RC06,trust-constr,6,2881370422921039900,15000
P4_blending_pooling_RC06,engineering,0,0,1.970055569879084,0.0205337047939774,0.0049096322074875,False,15000,1,P4_blending_pooling_RC06,trust-constr,7,4238353473784637935,15000
P4_blending_pooling_RC06,engineering,0,0,2.0227043760352137,0.0355621174191802,0.00643103065772,False,15000,1,P4_blending_pooling_RC06,trust-constr,8,1214157005203123409,15000
P4_blending_pooling_RC06,engineering,0,0,2.1485848370092318,0.0642139829115122,0.0124734580188989,False,15000,1,P4_blending_pooling_RC06,trust-constr,9,7630697324527529677,15000
P4_blending_pooling_RC06,engineering,0,0,2.043411835915022,0.1460258563657793,0.0322632791430563,False,15000,1,P4_blending_pooling_RC06,trust-constr,10,4807053087867852866,15000
P4_blending_pooling_RC06,engineering,0,0,1.985770815631516,3.493859351504274,0.5097591885116157,False,15000,1,P4_blending_pooling_RC06,trust-constr,11,2913485855951681607,15000
P4_blending_pooling_RC06,engineering,0,0,2.0772081618370417,0.0294316806507775,0.004916436363455,False,15000,1,P4_blending_pooling_RC06,trust-constr,12,1951722618162112510,15000
P4_blending_pooling_RC06,engineering,0,0,1.8951768003685745,0.0042345489256116,0.0013288259369538,False,15000,1,P4_blending_pooling_RC06,trust-constr,13,3784129963472740271,15000
P4_blending_pooling_RC06,engineering,0,0,2.0045005531686844,0.0160108654831572,0.0043242077697553,False,15000,1,P4_blending_pooling_RC06,trust-constr,14,7929867789608519355,15000
P4_blending_pooling_RC06,engineering,0,0,1.8115173536877167,9.62310646865302,1.782423245464425,False,15000,1,P4_blending_pooling_RC06,trust-constr,15,6912819322804791291,15000
P4_blending_pooling_RC06,engineering,0,0,1.889867596773402,0.0029072572484981,0.0012312282301913,False,15000,1,P4_blending_pooling_RC06,trust-constr,16,7527033057490907674,15000
P4_blending_pooling_RC06,engineering,0,0,2.0289472062463343,0.0124033119818852,0.0033887841522737,False,15000,1,P4_blending_pooling_RC06,trust-constr,17,2357102650411557955,15000
P4_blending_pooling_RC06,engineering,0,0,1.977931776696632,0.0144452101989483,0.0038136026413588,False,15000,1,P4_blending_pooling_RC06,trust-constr,18,7600144625620474473,15000
P4_blending_pooling_RC06,engineering,0,0,1.8908937676247288,0.0045446860770937,0.0014559429723178,False,15000,1,P4_blending_pooling_RC06,trust-constr,19,5690532170759340214,15000
P4_blending_pooling_RC06,engineering,0,0,1.921765204159723,0.0089405719863893,0.0034593587795018,False,15000,1,P4_blending_pooling_RC06,trust-constr,20,771606167969108597,15000
P4_blending_pooling_RC06,engineering,0,0,1.8935317280283208,0.0038604195910505,0.0012431596318854,False,15000,1,P4_blending_pooling_RC06,trust-constr,21,2767652785921555688,15000
P4_blending_pooling_RC06,engineering,0,0,1.9199431391199104,0.007734175925454,0.00251099740113,False,15000,1,P4_blending_pooling_RC06,trust-constr,22,7996879849924465934,15000
P4_blending_pooling_RC06,engineering,0,0,2.1369937308426845,0.0856463014482767,0.014877610756695,False,15000,1,P4_blending_pooling_RC06,trust-constr,23,2059992780586829279,15000
P4_blending_pooling_RC06,engineering,0,0,1.8891632167518,0.0052585526403468,0.0017990206517366,False,15000,1,P4_blending_pooling_RC06,trust-constr,24,2393727757737245884,15000
P4_blending_pooling_RC06,engineering,0,0,1.957819055442114,0.0137603479407797,0.0033599047160361,False,15000,1,P4_blending_pooling_RC06,trust-constr,25,2725101215311394312,15000
P4_blending_pooling_RC06,engineering,0,0,1.9075252355694767,5.66350140518301,0.9279745049968288,False,15000,1,P4_blending_pooling_RC06,trust-constr,26,8941272015446101038,15000
P4_blending_pooling_RC06,engineering,0,0,2.004005011550324,0.003538542449887,0.0010819511805128,False,15000,1,P4_blending_pooling_RC06,trust-constr,27,9157403889016747482,15000
P4_blending_pooling_RC06,engineering,0,0,2.005088091828203,2.328737776398785,0.3721619152204132,False,15000,1,P4_blending_pooling_RC06,trust-constr,28,5461285903389481058,15000
P4_blending_pooling_RC06,engineering,0,0,1.9695924595910053,0.0109365529412117,0.0030389787853464,False,15000,1,P4_blending_pooling_RC06,trust-constr,29,8375175798149934987,15000
